Entry Name,Battle Type,Trainers per side,Battle Style,Pokemon Per Player,Is Story Battle,Battle Field ID,Battle CD ID,Unknown 1,BGM ID,Unknown 2,Colosseum Round,Players 1 Deck ID,Players 1 Trainer ID,Players 1 Controller Index,Players 2 Deck ID,Players 2 Trainer ID,Players 2 Controller Index,Players 3 Deck ID,Players 3 Trainer ID,Players 3 Controller Index,Players 4 Deck ID,Players 4 Trainer ID,Players 4 Controller Index
Battle - 0,None (0),0,None (0),0,false,M2_earth_colo (0),0,62950 (0xF5E6),0 (0x0),0 (0x0),None (0),None (0),0,AI (0),None (0),0,AI (0),None (0),0,AI (0),None (0),0,AI (0)
Battle - 1,Test (4),1,Single (1),6,true,M2_earth_colo (1),0,60302 (0xEB8E),1128 (0x468),6 (0x6),None (0),None (0),5000,P1 (1),DeckData_Sample.bin (7),3,AI (0),None (0),0,AI (0),None (0),0,AI (0)
Battle - 2,Test (4),1,Double (2),6,true,M6_out_bf (54),0,60303 (0xEB8F),1128 (0x468),6 (0x6),None (0),None (0),5000,P1 (1),DeckData_Sample.bin (7),3,AI (0),None (0),0,AI (0),None (0),0,AI (0)
Battle - 3,Test (4),1,Double (2),6,true,M6_out_bf (54),0,60304 (0xEB90),1128 (0x468),6 (0x6),None (0),DeckData_Sample.bin (7),2,P1 (1),DeckData_Sample.bin (7),1,AI (0),None (0),0,AI (0),None (0),0,AI (0)
Battle - 4,Test (4),1,Double (2),6,true,M2_earth_colo (1),0,62965 (0xF5F5),1127 (0x467),23 (0x17),None (0),None (0),5000,P1 (1),DeckData_Sample.bin (7),1,AI (0),None (0),0,AI (0),None (0),0,AI (0)
Battle - 5,Link Battle (11),1,Single (1),6,false,M2_earth_colo (1),0,60305 (0xEB91),1267 (0x4F3),23 (0x17),None (0),None (0),5000,P1 (1),DeckData_Sample.bin (7),6,AI (0),None (0),0,AI (0),None (0),0,AI (0)
Battle - 6,Link Battle (11),1,Double (2),2,false,M2_earth_colo (1),0,60306 (0xEB92),1267 (0x4F3),23 (0x17),None (0),None (0),5000,P1 (1),DeckData_Sample.bin (7),6,AI (0),None (0),0,AI (0),None (0),0,AI (0)
Battle - 7,Link Battle (11),1,Double (2),6,false,M2_earth_colo (2),0,60306 (0xEB92),1267 (0x4F3),23 (0x17),None (0),None (0),5000,P1 (1),DeckData_Sample.bin (7),6,AI (0),None (0),0,AI (0),None (0),0,AI (0)
Battle - 8,Link Battle (11),2,Single (1),6,false,M2_earth_colo (3),0,60307 (0xEB93),1267 (0x4F3),23 (0x17),None (0),None (0),5000,P1 (1),DeckData_Sample.bin (7),6,P2 (2),DeckData_Sample.bin (7),2,P3 (3),DeckData_Sample.bin (7),3,P4 (4)
Battle - 9,Wild Pokémon (12),0,Single (1),6,true,esaba_A_bf (57),0,63212 (0xF6EC),1293 (0x50D),6 (0x6),None (0),None (0),5000,P1 (1),DeckData_Sample.bin (7),7,AI (0),None (0),0,AI (0),None (0),0,AI (0)
Battle - 10,Wild Pokémon (12),0,Single (1),6,true,esaba_B_bf (58),0,63213 (0xF6ED),1293 (0x50D),6 (0x6),None (0),None (0),5000,P1 (1),DeckData_Sample.bin (7),7,AI (0),None (0),0,AI (0),None (0),0,AI (0)
Battle - 11,Wild Pokémon (12),0,Single (1),6,true,esaba_C_bf (59),0,63214 (0xF6EE),1293 (0x50D),6 (0x6),None (0),None (0),5000,P1 (1),DeckData_Sample.bin (7),7,AI (0),None (0),0,AI (0),None (0),0,AI (0)
Battle - 12,Battle Bingo (13),0,Single (1),6,false,D4_dome_2_bf (24),0,62823 (0xF567),1264 (0x4F0),19 (0x13),None (0),None (0),5000,P1 (1),DeckData_Bingo.bin (5),1,AI (0),None (0),0,AI (0),None (0),0,AI (0)
Battle - 13,Battle Bingo (14),1,Double (2),6,false,M2_earth_colo (3),0,62824 (0xF568),1265 (0x4F1),6 (0x6),None (0),None (0),5000,P1 (1),DeckData_Virtual.bin (4),4,AI (0),None (0),0,AI (0),None (0),0,AI (0)
Battle - 14,Battle Tutorial (15),1,Double (2),6,false,M2_earth_colo (3),0,62825 (0xF569),1265 (0x4F1),6 (0x6),None (0),None (0),5000,P1 (1),DeckData_Virtual.bin (4),2,AI (0),None (0),0,AI (0),None (0),0,AI (0)
Battle - 15,Orre Colosseum Preliminary Round (6),1,Double (2),6,false,D7_out_bf (65),0,61219 (0xEF23),1318 (0x526),23 (0x17),Colosseum Round 1 (149),None (0),5000,P1 (1),DeckData_Colosseum.bin (6),69,AI (0),None (0),0,AI (0),None (0),0,AI (0)
Battle - 16,Orre Colosseum Preliminary Round (6),1,Double (2),6,false,D7_out_bf (65),0,61219 (0xEF23),1319 (0x527),23 (0x17),Colosseum Round 2 (150),None (0),5000,P1 (1),DeckData_Colosseum.bin (6),70,AI (0),None (0),0,AI (0),None (0),0,AI (0)
Battle - 17,Orre Colosseum Preliminary Round (6),1,Double (2),6,false,D7_out_bf (65),0,61219 (0xEF23),1320 (0x528),23 (0x17),Colosseum Final (156),None (0),5000,P1 (1),DeckData_Colosseum.bin (6),71,AI (0),None (0),0,AI (0),None (0),0,AI (0)
Battle - 18,Orre Colosseum Final Round (7),1,Double (2),6,false,D7_out_bf (65),0,61219 (0xEF23),1321 (0x529),23 (0x17),Colosseum Semifinal (155),None (0),5000,P1 (1),DeckData_Colosseum.bin (6),72,AI (0),None (0),0,AI (0),None (0),0,AI (0)
Battle - 19,Orre Colosseum Preliminary Round (6),1,Double (2),6,false,D7_out_bf (65),0,61219 (0xEF23),1318 (0x526),23 (0x17),Colosseum Round 1 (149),None (0),5000,P1 (1),DeckData_Colosseum.bin (6),73,AI (0),None (0),0,AI (0),None (0),0,AI (0)
Battle - 20,Orre Colosseum Preliminary Round (6),1,Double (2),6,false,D7_out_bf (65),0,61219 (0xEF23),1319 (0x527),23 (0x17),Colosseum Round 2 (150),None (0),5000,P1 (1),DeckData_Colosseum.bin (6),74,AI (0),None (0),0,AI (0),None (0),0,AI (0)
Battle - 21,Orre Colosseum Preliminary Round (6),1,Double (2),6,false,D7_out_bf (65),0,61219 (0xEF23),1320 (0x528),23 (0x17),Colosseum Final (156),None (0),5000,P1 (1),DeckData_Colosseum.bin (6),75,AI (0),None (0),0,AI (0),None (0),0,AI (0)
Battle - 22,Orre Colosseum Final Round (7),1,Double (2),6,false,D7_out_bf (65),0,61219 (0xEF23),1321 (0x529),23 (0x17),Colosseum Semifinal (155),None (0),5000,P1 (1),DeckData_Colosseum.bin (6),76,AI (0),None (0),0,AI (0),None (0),0,AI (0)
Battle - 23,Orre Colosseum Preliminary Round (6),1,Double (2),6,false,D7_out_bf (65),0,61219 (0xEF23),1318 (0x526),23 (0x17),Colosseum Round 1 (149),None (0),5000,P1 (1),DeckData_Colosseum.bin (6),77,AI (0),None (0),0,AI (0),None (0),0,AI (0)
Battle - 24,Orre Colosseum Preliminary Round (6),1,Double (2),6,false,D7_out_bf (65),0,61219 (0xEF23),1319 (0x527),23 (0x17),Colosseum Round 2 (150),None (0),5000,P1 (1),DeckData_Colosseum.bin (6),78,AI (0),None (0),0,AI (0),None (0),0,AI (0)
Battle - 25,Orre Colosseum Preliminary Round (6),1,Double (2),6,false,D7_out_bf (65),0,61219 (0xEF23),1320 (0x528),23 (0x17),Colosseum Final (156),None (0),5000,P1 (1),DeckData_Colosseum.bin (6),79,AI (0),None (0),0,AI (0),None (0),0,AI (0)
Battle - 26,Orre Colosseum Final Round (7),1,Double (2),6,false,D7_out_bf (65),0,61219 (0xEF23),1321 (0x529),23 (0x17),Colosseum Semifinal (155),None (0),5000,P1 (1),DeckData_Colosseum.bin (6),80,AI (0),None (0),0,AI (0),None (0),0,AI (0)
Battle - 27,Orre Colosseum Preliminary Round (6),1,Double (2),6,false,D7_out_bf (65),0,61219 (0xEF23),1318 (0x526),23 (0x17),Colosseum Round 1 (149),None (0),5000,P1 (1),DeckData_Colosseum.bin (6),81,AI (0),None (0),0,AI (0),None (0),0,AI (0)
Battle - 28,Orre Colosseum Preliminary Round (6),1,Double (2),6,false,D7_out_bf (65),0,61219 (0xEF23),1319 (0x527),23 (0x17),Colosseum Round 2 (150),None (0),5000,P1 (1),DeckData_Colosseum.bin (6),82,AI (0),None (0),0,AI (0),None (0),0,AI (0)
Battle - 29,Orre Colosseum Preliminary Round (6),1,Double (2),6,false,D7_out_bf (65),0,61219 (0xEF23),1320 (0x528),23 (0x17),Colosseum Final (156),None (0),5000,P1 (1),DeckData_Colosseum.bin (6),83,AI (0),None (0),0,AI (0),None (0),0,AI (0)
Battle - 30,Orre Colosseum Final Round (7),1,Double (2),6,false,D7_out_bf (65),0,61219 (0xEF23),1321 (0x529),23 (0x17),Colosseum Semifinal (155),None (0),5000,P1 (1),DeckData_Colosseum.bin (6),84,AI (0),None (0),0,AI (0),None (0),0,AI (0)
Battle - 31,Orre Colosseum Preliminary Round (6),1,Double (2),6,false,D7_out_bf (65),0,61219 (0xEF23),1318 (0x526),23 (0x17),Colosseum Round 1 (149),None (0),5000,P1 (1),DeckData_Colosseum.bin (6),85,AI (0),None (0),0,AI (0),None (0),0,AI (0)
Battle - 32,Orre Colosseum Preliminary Round (6),1,Double (2),6,false,D7_out_bf (65),0,61219 (0xEF23),1319 (0x527),23 (0x17),Colosseum Round 2 (150),None (0),5000,P1 (1),DeckData_Colosseum.bin (6),86,AI (0),None (0),0,AI (0),None (0),0,AI (0)
Battle - 33,Orre Colosseum Preliminary Round (6),1,Double (2),6,false,D7_out_bf (65),0,61219 (0xEF23),1320 (0x528),23 (0x17),Colosseum Final (156),None (0),5000,P1 (1),DeckData_Colosseum.bin (6),87,AI (0),None (0),0,AI (0),None (0),0,AI (0)
Battle - 34,Orre Colosseum Final Round (7),1,Double (2),6,false,D7_out_bf (65),0,61219 (0xEF23),1321 (0x529),23 (0x17),Colosseum Semifinal (155),None (0),5000,P1 (1),DeckData_Colosseum.bin (6),88,AI (0),None (0),0,AI (0),None (0),0,AI (0)
Battle - 35,Orre Colosseum Preliminary Round (6),1,Double (2),6,false,D7_out_bf (65),0,61219 (0xEF23),1318 (0x526),23 (0x17),Colosseum Round 1 (149),None (0),5000,P1 (1),DeckData_Colosseum.bin (6),89,AI (0),None (0),0,AI (0),None (0),0,AI (0)
Battle - 36,Orre Colosseum Preliminary Round (6),1,Double (2),6,false,D7_out_bf (65),0,61219 (0xEF23),1319 (0x527),23 (0x17),Colosseum Round 2 (150),None (0),5000,P1 (1),DeckData_Colosseum.bin (6),90,AI (0),None (0),0,AI (0),None (0),0,AI (0)
Battle - 37,Orre Colosseum Preliminary Round (6),1,Double (2),6,false,D7_out_bf (65),0,61219 (0xEF23),1320 (0x528),23 (0x17),Colosseum Final (156),None (0),5000,P1 (1),DeckData_Colosseum.bin (6),91,AI (0),None (0),0,AI (0),None (0),0,AI (0)
Battle - 38,Orre Colosseum Final Round (7),1,Double (2),6,false,D7_out_bf (65),0,61219 (0xEF23),1321 (0x529),23 (0x17),Colosseum Semifinal (155),None (0),5000,P1 (1),DeckData_Colosseum.bin (6),92,AI (0),None (0),0,AI (0),None (0),0,AI (0)
Battle - 39,Orre Colosseum Preliminary Round (6),1,Double (2),6,false,D7_out_bf (65),0,61219 (0xEF23),1318 (0x526),23 (0x17),Colosseum Round 1 (149),None (0),5000,P1 (1),DeckData_Colosseum.bin (6),93,AI (0),None (0),0,AI (0),None (0),0,AI (0)
Battle - 40,Orre Colosseum Preliminary Round (6),1,Double (2),6,false,D7_out_bf (65),0,61219 (0xEF23),1319 (0x527),23 (0x17),Colosseum Round 2 (150),None (0),5000,P1 (1),DeckData_Colosseum.bin (6),94,AI (0),None (0),0,AI (0),None (0),0,AI (0)
Battle - 41,Orre Colosseum Preliminary Round (6),1,Double (2),6,false,D7_out_bf (65),0,61219 (0xEF23),1320 (0x528),23 (0x17),Colosseum Final (156),None (0),5000,P1 (1),DeckData_Colosseum.bin (6),95,AI (0),None (0),0,AI (0),None (0),0,AI (0)
Battle - 42,Orre Colosseum Final Round (7),1,Double (2),6,false,D7_out_bf (65),0,61219 (0xEF23),1321 (0x529),23 (0x17),Colosseum Semifinal (155),None (0),5000,P1 (1),DeckData_Colosseum.bin (6),96,AI (0),None (0),0,AI (0),None (0),0,AI (0)
Battle - 43,Story Battle (2),1,Double (2),6,false,D6_dome_2F_bf (46),0,62953 (0xF5E9),1252 (0x4E4),23 (0x17),None (0),None (0),5000,P1 (1),DeckData_Story.bin (1),211,AI (0),None (0),0,AI (0),None (0),0,AI (0)
Battle - 44,Story Battle (2),1,Double (2),6,false,M2_earth_colo (3),0,62953 (0xF5E9),0 (0x0),23 (0x17),None (0),None (0),5000,P1 (1),DeckData_Story.bin (1),212,AI (0),None (0),0,AI (0),None (0),0,AI (0)
Battle - 45,Story Battle (2),1,Double (2),6,false,M2_earth_colo (3),0,62953 (0xF5E9),0 (0x0),23 (0x17),None (0),None (0),5000,P1 (1),DeckData_Story.bin (1),213,AI (0),None (0),0,AI (0),None (0),0,AI (0)
Battle - 46,Story Battle (2),1,Double (2),6,false,M2_earth_colo (3),0,62953 (0xF5E9),0 (0x0),23 (0x17),None (0),None (0),5000,P1 (1),DeckData_Story.bin (1),214,AI (0),None (0),0,AI (0),None (0),0,AI (0)
Battle - 47,Story Battle (2),1,Double (2),6,false,M2_earth_colo (3),0,62953 (0xF5E9),0 (0x0),23 (0x17),None (0),None (0),5000,P1 (1),DeckData_Story.bin (1),233,AI (0),None (0),0,AI (0),None (0),0,AI (0)
Battle - 48,Story Battle (2),1,Double (2),6,false,M2_earth_colo (3),0,62953 (0xF5E9),0 (0x0),23 (0x17),None (0),None (0),5000,P1 (1),DeckData_Story.bin (1),234,AI (0),None (0),0,AI (0),None (0),0,AI (0)
Battle - 49,Story Battle (2),1,Double (2),6,false,M2_earth_colo (3),0,62953 (0xF5E9),0 (0x0),23 (0x17),None (0),None (0),5000,P1 (1),DeckData_Story.bin (1),235,AI (0),None (0),0,AI (0),None (0),0,AI (0)
Battle - 50,Story Battle (2),1,Double (2),6,false,M2_earth_colo (3),0,62953 (0xF5E9),0 (0x0),23 (0x17),None (0),None (0),5000,P1 (1),DeckData_Story.bin (1),236,AI (0),None (0),0,AI (0),None (0),0,AI (0)
Battle - 51,Story Battle (2),1,Double (2),6,false,M2_earth_colo (3),0,62953 (0xF5E9),0 (0x0),23 (0x17),None (0),None (0),5000,P1 (1),DeckData_Story.bin (1),237,AI (0),None (0),0,AI (0),None (0),0,AI (0)
Battle - 52,Story Battle (2),1,Double (2),6,false,M2_earth_colo (3),0,62953 (0xF5E9),0 (0x0),23 (0x17),None (0),None (0),5000,P1 (1),DeckData_Story.bin (1),238,AI (0),None (0),0,AI (0),None (0),0,AI (0)
Battle - 53,Story Battle (2),1,Double (2),6,false,M2_earth_colo (3),0,62953 (0xF5E9),0 (0x0),23 (0x17),None (0),None (0),5000,P1 (1),DeckData_Story.bin (1),239,AI (0),None (0),0,AI (0),None (0),0,AI (0)
Battle - 54,Story Battle (2),1,Double (2),6,false,M2_earth_colo (3),0,62953 (0xF5E9),0 (0x0),23 (0x17),None (0),None (0),5000,P1 (1),DeckData_Story.bin (1),240,AI (0),None (0),0,AI (0),None (0),0,AI (0)
Battle - 55,Colosseum Preliminary Round (3),1,Single (1),6,false,M2_earth_colo (31),0,60874 (0xEDCA),1318 (0x526),10 (0xA),Colosseum Round 1 (149),None (0),5000,P1 (1),DeckData_Colosseum.bin (6),9,AI (0),None (0),0,AI (0),None (0),0,AI (0)
Battle - 56,Colosseum Preliminary Round (3),1,Single (1),6,false,M2_earth_colo (31),0,60875 (0xEDCB),1319 (0x527),10 (0xA),Colosseum Round 2 (150),None (0),5000,P1 (1),DeckData_Colosseum.bin (6),10,AI (0),None (0),0,AI (0),None (0),0,AI (0)
Battle - 57,Colosseum Preliminary Round (3),1,Single (1),6,false,M2_earth_colo (31),0,60876 (0xEDCC),1320 (0x528),10 (0xA),Colosseum Final (156),None (0),5000,P1 (1),DeckData_Colosseum.bin (6),11,AI (0),None (0),0,AI (0),None (0),0,AI (0)
Battle - 58,Colosseum Final Round (5),1,Single (1),6,false,M2_earth_colo (31),0,60877 (0xEDCD),1321 (0x529),10 (0xA),Colosseum Semifinal (155),None (0),5000,P1 (1),DeckData_Colosseum.bin (6),12,AI (0),None (0),0,AI (0),None (0),0,AI (0)
Battle - 59,Colosseum Preliminary Round (3),1,Single (1),6,false,M2_earth_colo (31),0,60878 (0xEDCE),1318 (0x526),10 (0xA),Colosseum Round 1 (149),None (0),5000,P1 (1),DeckData_Colosseum.bin (6),13,AI (0),None (0),0,AI (0),None (0),0,AI (0)
Battle - 60,Colosseum Preliminary Round (3),1,Single (1),6,false,M2_earth_colo (31),0,60879 (0xEDCF),1319 (0x527),10 (0xA),Colosseum Round 2 (150),None (0),5000,P1 (1),DeckData_Colosseum.bin (6),14,AI (0),None (0),0,AI (0),None (0),0,AI (0)
Battle - 61,Colosseum Preliminary Round (3),1,Single (1),6,false,M2_earth_colo (31),0,60880 (0xEDD0),1320 (0x528),10 (0xA),Colosseum Final (156),None (0),5000,P1 (1),DeckData_Colosseum.bin (6),15,AI (0),None (0),0,AI (0),None (0),0,AI (0)
Battle - 62,Colosseum Final Round (5),1,Single (1),6,false,M2_earth_colo (31),0,60881 (0xEDD1),1321 (0x529),10 (0xA),Colosseum Semifinal (155),None (0),5000,P1 (1),DeckData_Colosseum.bin (6),16,AI (0),None (0),0,AI (0),None (0),0,AI (0)
Battle - 63,Colosseum Preliminary Round (3),1,Single (1),6,false,M2_earth_colo (31),0,60882 (0xEDD2),1318 (0x526),10 (0xA),Colosseum Round 1 (149),None (0),5000,P1 (1),DeckData_Colosseum.bin (6),17,AI (0),None (0),0,AI (0),None (0),0,AI (0)
Battle - 64,Colosseum Preliminary Round (3),1,Single (1),6,false,M2_earth_colo (31),0,60883 (0xEDD3),1319 (0x527),10 (0xA),Colosseum Round 2 (150),None (0),5000,P1 (1),DeckData_Colosseum.bin (6),18,AI (0),None (0),0,AI (0),None (0),0,AI (0)
Battle - 65,Colosseum Preliminary Round (3),1,Single (1),6,false,M2_earth_colo (31),0,60884 (0xEDD4),1320 (0x528),10 (0xA),Colosseum Final (156),None (0),5000,P1 (1),DeckData_Colosseum.bin (6),19,AI (0),None (0),0,AI (0),None (0),0,AI (0)
Battle - 66,Colosseum Final Round (5),1,Single (1),6,false,M2_earth_colo (31),0,60885 (0xEDD5),1321 (0x529),10 (0xA),Colosseum Semifinal (155),None (0),5000,P1 (1),DeckData_Colosseum.bin (6),20,AI (0),None (0),0,AI (0),None (0),0,AI (0)
Battle - 67,Colosseum Preliminary Round (3),1,Single (1),6,false,M2_earth_colo (31),0,60886 (0xEDD6),1318 (0x526),10 (0xA),Colosseum Round 1 (149),None (0),5000,P1 (1),DeckData_Colosseum.bin (6),21,AI (0),None (0),0,AI (0),None (0),0,AI (0)
Battle - 68,Colosseum Preliminary Round (3),1,Single (1),6,false,M2_earth_colo (31),0,60887 (0xEDD7),1319 (0x527),10 (0xA),Colosseum Round 2 (150),None (0),5000,P1 (1),DeckData_Colosseum.bin (6),22,AI (0),None (0),0,AI (0),None (0),0,AI (0)
Battle - 69,Colosseum Preliminary Round (3),1,Single (1),6,false,M2_earth_colo (31),0,60888 (0xEDD8),1320 (0x528),10 (0xA),Colosseum Final (156),None (0),5000,P1 (1),DeckData_Colosseum.bin (6),23,AI (0),None (0),0,AI (0),None (0),0,AI (0)
Battle - 70,Colosseum Final Round (5),1,Single (1),6,false,M2_earth_colo (31),0,60889 (0xEDD9),1321 (0x529),10 (0xA),Colosseum Semifinal (155),None (0),5000,P1 (1),DeckData_Colosseum.bin (6),24,AI (0),None (0),0,AI (0),None (0),0,AI (0)
Battle - 71,Colosseum Preliminary Round (3),1,Single (1),6,false,D4_casino_colo_bf (33),0,61209 (0xEF19),1318 (0x526),10 (0xA),Colosseum Round 1 (149),None (0),5000,P1 (1),DeckData_Colosseum.bin (6),25,AI (0),None (0),0,AI (0),None (0),0,AI (0)
Battle - 72,Colosseum Preliminary Round (3),1,Single (1),6,false,D4_casino_colo_bf (33),0,61209 (0xEF19),1319 (0x527),10 (0xA),Colosseum Round 2 (150),None (0),5000,P1 (1),DeckData_Colosseum.bin (6),26,AI (0),None (0),0,AI (0),None (0),0,AI (0)
Battle - 73,Colosseum Preliminary Round (3),1,Single (1),6,false,D4_casino_colo_bf (33),0,61209 (0xEF19),1320 (0x528),10 (0xA),Colosseum Final (156),None (0),5000,P1 (1),DeckData_Colosseum.bin (6),27,AI (0),None (0),0,AI (0),None (0),0,AI (0)
Battle - 74,Colosseum Final Round (5),1,Single (1),6,false,D4_casino_colo_bf (33),0,61209 (0xEF19),1321 (0x529),10 (0xA),Colosseum Semifinal (155),None (0),5000,P1 (1),DeckData_Colosseum.bin (6),28,AI (0),None (0),0,AI (0),None (0),0,AI (0)
Battle - 75,Colosseum Preliminary Round (3),1,Single (1),6,false,D4_casino_colo_bf (33),0,61209 (0xEF19),1318 (0x526),10 (0xA),Colosseum Round 1 (149),None (0),5000,P1 (1),DeckData_Colosseum.bin (6),29,AI (0),None (0),0,AI (0),None (0),0,AI (0)
Battle - 76,Colosseum Preliminary Round (3),1,Single (1),6,false,D4_casino_colo_bf (33),0,61209 (0xEF19),1319 (0x527),10 (0xA),Colosseum Round 2 (150),None (0),5000,P1 (1),DeckData_Colosseum.bin (6),30,AI (0),None (0),0,AI (0),None (0),0,AI (0)
Battle - 77,Colosseum Preliminary Round (3),1,Single (1),6,false,D4_casino_colo_bf (33),0,61209 (0xEF19),1320 (0x528),10 (0xA),Colosseum Final (156),None (0),5000,P1 (1),DeckData_Colosseum.bin (6),31,AI (0),None (0),0,AI (0),None (0),0,AI (0)
Battle - 78,Colosseum Final Round (5),1,Single (1),6,false,D4_casino_colo_bf (33),0,61209 (0xEF19),1321 (0x529),10 (0xA),Colosseum Semifinal (155),None (0),5000,P1 (1),DeckData_Colosseum.bin (6),32,AI (0),None (0),0,AI (0),None (0),0,AI (0)
Battle - 79,Colosseum Preliminary Round (3),1,Single (1),6,false,D4_casino_colo_bf (33),0,61209 (0xEF19),1318 (0x526),10 (0xA),Colosseum Round 1 (149),None (0),5000,P1 (1),DeckData_Colosseum.bin (6),33,AI (0),None (0),0,AI (0),None (0),0,AI (0)
Battle - 80,Colosseum Preliminary Round (3),1,Single (1),6,false,D4_casino_colo_bf (33),0,61209 (0xEF19),1319 (0x527),10 (0xA),Colosseum Round 2 (150),None (0),5000,P1 (1),DeckData_Colosseum.bin (6),34,AI (0),None (0),0,AI (0),None (0),0,AI (0)
Battle - 81,Colosseum Preliminary Round (3),1,Single (1),6,false,D4_casino_colo_bf (33),0,61209 (0xEF19),1320 (0x528),10 (0xA),Colosseum Final (156),None (0),5000,P1 (1),DeckData_Colosseum.bin (6),35,AI (0),None (0),0,AI (0),None (0),0,AI (0)
Battle - 82,Colosseum Final Round (5),1,Single (1),6,false,D4_casino_colo_bf (33),0,61209 (0xEF19),1321 (0x529),10 (0xA),Colosseum Semifinal (155),None (0),5000,P1 (1),DeckData_Colosseum.bin (6),36,AI (0),None (0),0,AI (0),None (0),0,AI (0)
Battle - 83,Colosseum Preliminary Round (3),1,Single (1),6,false,D4_casino_colo_bf (33),0,61209 (0xEF19),1318 (0x526),10 (0xA),Colosseum Round 1 (149),None (0),5000,P1 (1),DeckData_Colosseum.bin (6),37,AI (0),None (0),0,AI (0),None (0),0,AI (0)
Battle - 84,Colosseum Preliminary Round (3),1,Single (1),6,false,D4_casino_colo_bf (33),0,61209 (0xEF19),1319 (0x527),10 (0xA),Colosseum Round 2 (150),None (0),5000,P1 (1),DeckData_Colosseum.bin (6),38,AI (0),None (0),0,AI (0),None (0),0,AI (0)
Battle - 85,Colosseum Preliminary Round (3),1,Single (1),6,false,D4_casino_colo_bf (33),0,61209 (0xEF19),1320 (0x528),10 (0xA),Colosseum Final (156),None (0),5000,P1 (1),DeckData_Colosseum.bin (6),39,AI (0),None (0),0,AI (0),None (0),0,AI (0)
Battle - 86,Colosseum Final Round (5),1,Single (1),6,false,D4_casino_colo_bf (33),0,61209 (0xEF19),1321 (0x529),10 (0xA),Colosseum Semifinal (155),None (0),5000,P1 (1),DeckData_Colosseum.bin (6),40,AI (0),None (0),0,AI (0),None (0),0,AI (0)
Battle - 87,Orre Colosseum Preliminary Round (6),1,Single (1),6,false,D7_out_bf (65),0,61219 (0xEF23),1318 (0x526),23 (0x17),Colosseum Round 1 (149),None (0),5000,P1 (1),DeckData_Colosseum.bin (6),41,AI (0),None (0),0,AI (0),None (0),0,AI (0)
Battle - 88,Orre Colosseum Preliminary Round (6),1,Single (1),6,false,D7_out_bf (65),0,61219 (0xEF23),1319 (0x527),23 (0x17),Colosseum Round 2 (150),None (0),5000,P1 (1),DeckData_Colosseum.bin (6),42,AI (0),None (0),0,AI (0),None (0),0,AI (0)
Battle - 89,Orre Colosseum Preliminary Round (6),1,Single (1),6,false,D7_out_bf (65),0,61219 (0xEF23),1320 (0x528),23 (0x17),Colosseum Final (156),None (0),5000,P1 (1),DeckData_Colosseum.bin (6),43,AI (0),None (0),0,AI (0),None (0),0,AI (0)
Battle - 90,Orre Colosseum Final Round (7),1,Single (1),6,false,D7_out_bf (65),0,61219 (0xEF23),1321 (0x529),23 (0x17),Colosseum Semifinal (155),None (0),5000,P1 (1),DeckData_Colosseum.bin (6),44,AI (0),None (0),0,AI (0),None (0),0,AI (0)
Battle - 91,Orre Colosseum Preliminary Round (6),1,Single (1),6,false,D7_out_bf (65),0,61219 (0xEF23),1318 (0x526),23 (0x17),Colosseum Round 1 (149),None (0),5000,P1 (1),DeckData_Colosseum.bin (6),45,AI (0),None (0),0,AI (0),None (0),0,AI (0)
Battle - 92,Orre Colosseum Preliminary Round (6),1,Single (1),6,false,D7_out_bf (65),0,61219 (0xEF23),1319 (0x527),23 (0x17),Colosseum Round 2 (150),None (0),5000,P1 (1),DeckData_Colosseum.bin (6),46,AI (0),None (0),0,AI (0),None (0),0,AI (0)
Battle - 93,Orre Colosseum Preliminary Round (6),1,Single (1),6,false,D7_out_bf (65),0,61219 (0xEF23),1320 (0x528),23 (0x17),Colosseum Final (156),None (0),5000,P1 (1),DeckData_Colosseum.bin (6),47,AI (0),None (0),0,AI (0),None (0),0,AI (0)
Battle - 94,Orre Colosseum Final Round (7),1,Single (1),6,false,D7_out_bf (65),0,61219 (0xEF23),1321 (0x529),23 (0x17),Colosseum Semifinal (155),None (0),5000,P1 (1),DeckData_Colosseum.bin (6),48,AI (0),None (0),0,AI (0),None (0),0,AI (0)
Battle - 95,Orre Colosseum Preliminary Round (6),1,Single (1),6,false,D7_out_bf (65),0,61219 (0xEF23),1318 (0x526),23 (0x17),Colosseum Round 1 (149),None (0),5000,P1 (1),DeckData_Colosseum.bin (6),49,AI (0),None (0),0,AI (0),None (0),0,AI (0)
Battle - 96,Orre Colosseum Preliminary Round (6),1,Single (1),6,false,D7_out_bf (65),0,61219 (0xEF23),1319 (0x527),23 (0x17),Colosseum Round 2 (150),None (0),5000,P1 (1),DeckData_Colosseum.bin (6),50,AI (0),None (0),0,AI (0),None (0),0,AI (0)
Battle - 97,Orre Colosseum Preliminary Round (6),1,Single (1),6,false,D7_out_bf (65),0,61219 (0xEF23),1320 (0x528),23 (0x17),Colosseum Final (156),None (0),5000,P1 (1),DeckData_Colosseum.bin (6),51,AI (0),None (0),0,AI (0),None (0),0,AI (0)
Battle - 98,Orre Colosseum Final Round (7),1,Single (1),6,false,D7_out_bf (65),0,61219 (0xEF23),1321 (0x529),23 (0x17),Colosseum Semifinal (155),None (0),5000,P1 (1),DeckData_Colosseum.bin (6),52,AI (0),None (0),0,AI (0),None (0),0,AI (0)
Battle - 99,Orre Colosseum Preliminary Round (6),1,Single (1),6,false,D7_out_bf (65),0,61219 (0xEF23),1318 (0x526),23 (0x17),Colosseum Round 1 (149),None (0),5000,P1 (1),DeckData_Colosseum.bin (6),53,AI (0),None (0),0,AI (0),None (0),0,AI (0)
Battle - 100,Orre Colosseum Preliminary Round (6),1,Single (1),6,false,D7_out_bf (65),0,61219 (0xEF23),1319 (0x527),23 (0x17),Colosseum Round 2 (150),None (0),5000,P1 (1),DeckData_Colosseum.bin (6),54,AI (0),None (0),0,AI (0),None (0),0,AI (0)
Battle - 101,Orre Colosseum Preliminary Round (6),1,Single (1),6,false,D7_out_bf (65),0,61219 (0xEF23),1320 (0x528),23 (0x17),Colosseum Final (156),None (0),5000,P1 (1),DeckData_Colosseum.bin (6),55,AI (0),None (0),0,AI (0),None (0),0,AI (0)
Battle - 102,Orre Colosseum Final Round (7),1,Single (1),6,false,D7_out_bf (65),0,61219 (0xEF23),1321 (0x529),23 (0x17),Colosseum Semifinal (155),None (0),5000,P1 (1),DeckData_Colosseum.bin (6),56,AI (0),None (0),0,AI (0),None (0),0,AI (0)
Battle - 103,Orre Colosseum Preliminary Round (6),1,Single (1),6,false,D7_out_bf (65),0,61219 (0xEF23),1318 (0x526),23 (0x17),Colosseum Round 1 (149),None (0),5000,P1 (1),DeckData_Colosseum.bin (6),57,AI (0),None (0),0,AI (0),None (0),0,AI (0)
Battle - 104,Orre Colosseum Preliminary Round (6),1,Single (1),6,false,D7_out_bf (65),0,61219 (0xEF23),1319 (0x527),23 (0x17),Colosseum Round 2 (150),None (0),5000,P1 (1),DeckData_Colosseum.bin (6),58,AI (0),None (0),0,AI (0),None (0),0,AI (0)
Battle - 105,Orre Colosseum Preliminary Round (6),1,Single (1),6,false,D7_out_bf (65),0,61219 (0xEF23),1320 (0x528),23 (0x17),Colosseum Final (156),None (0),5000,P1 (1),DeckData_Colosseum.bin (6),59,AI (0),None (0),0,AI (0),None (0),0,AI (0)
Battle - 106,Orre Colosseum Final Round (7),1,Single (1),6,false,D7_out_bf (65),0,61219 (0xEF23),1321 (0x529),23 (0x17),Colosseum Semifinal (155),None (0),5000,P1 (1),DeckData_Colosseum.bin (6),60,AI (0),None (0),0,AI (0),None (0),0,AI (0)
Battle - 107,Orre Colosseum Preliminary Round (6),1,Single (1),6,false,D7_out_bf (65),0,61219 (0xEF23),1318 (0x526),23 (0x17),Colosseum Round 1 (149),None (0),5000,P1 (1),DeckData_Colosseum.bin (6),61,AI (0),None (0),0,AI (0),None (0),0,AI (0)
Battle - 108,Orre Colosseum Preliminary Round (6),1,Single (1),6,false,D7_out_bf (65),0,61219 (0xEF23),1319 (0x527),23 (0x17),Colosseum Round 2 (150),None (0),5000,P1 (1),DeckData_Colosseum.bin (6),62,AI (0),None (0),0,AI (0),None (0),0,AI (0)
Battle - 109,Orre Colosseum Preliminary Round (6),1,Single (1),6,false,D7_out_bf (65),0,61219 (0xEF23),1320 (0x528),23 (0x17),Colosseum Final (156),None (0),5000,P1 (1),DeckData_Colosseum.bin (6),63,AI (0),None (0),0,AI (0),None (0),0,AI (0)
Battle - 110,Orre Colosseum Final Round (7),1,Single (1),6,false,D7_out_bf (65),0,61219 (0xEF23),1321 (0x529),23 (0x17),Colosseum Semifinal (155),None (0),5000,P1 (1),DeckData_Colosseum.bin (6),64,AI (0),None (0),0,AI (0),None (0),0,AI (0)
Battle - 111,Orre Colosseum Preliminary Round (6),1,Single (1),6,false,D7_out_bf (65),0,61219 (0xEF23),1318 (0x526),23 (0x17),Colosseum Round 1 (149),None (0),5000,P1 (1),DeckData_Colosseum.bin (6),65,AI (0),None (0),0,AI (0),None (0),0,AI (0)
Battle - 112,Orre Colosseum Preliminary Round (6),1,Single (1),6,false,D7_out_bf (65),0,61219 (0xEF23),1319 (0x527),23 (0x17),Colosseum Round 2 (150),None (0),5000,P1 (1),DeckData_Colosseum.bin (6),66,AI (0),None (0),0,AI (0),None (0),0,AI (0)
Battle - 113,Orre Colosseum Preliminary Round (6),1,Single (1),6,false,D7_out_bf (65),0,61219 (0xEF23),1320 (0x528),23 (0x17),Colosseum Final (156),None (0),5000,P1 (1),DeckData_Colosseum.bin (6),67,AI (0),None (0),0,AI (0),None (0),0,AI (0)
Battle - 114,Orre Colosseum Final Round (7),1,Single (1),6,false,D7_out_bf (65),0,61219 (0xEF23),1321 (0x529),23 (0x17),Colosseum Semifinal (155),None (0),5000,P1 (1),DeckData_Colosseum.bin (6),68,AI (0),None (0),0,AI (0),None (0),0,AI (0)
Battle - 115,Colosseum Preliminary Round (3),1,Double (2),6,false,M2_earth_colo (31),0,62826 (0xF56A),1390 (0x56E),10 (0xA),None (0),None (0),5000,P1 (1),DeckData_Colosseum.bin (6),1,AI (0),None (0),0,AI (0),None (0),0,AI (0)
Battle - 116,Mt. Battle (8),1,Double (2),6,false,D2_valley_1_bf (21),0,60921 (0xEDF9),1127 (0x467),9 (0x9),None (0),None (0),5000,P1 (1),DeckData_Hundred.bin (2),1,AI (0),None (0),0,AI (0),None (0),0,AI (0)
Battle - 117,Mt. Battle (8),1,Double (2),6,false,D2_valley_1_bf (21),0,60922 (0xEDFA),1127 (0x467),9 (0x9),None (0),None (0),5000,P1 (1),DeckData_Hundred.bin (2),2,AI (0),None (0),0,AI (0),None (0),0,AI (0)
Battle - 118,Mt. Battle (8),1,Double (2),6,false,D2_valley_1_bf (21),0,60923 (0xEDFB),1127 (0x467),9 (0x9),None (0),None (0),5000,P1 (1),DeckData_Hundred.bin (2),3,AI (0),None (0),0,AI (0),None (0),0,AI (0)
Battle - 119,Mt. Battle (8),1,Double (2),6,false,D2_valley_1_bf (21),0,60924 (0xEDFC),1127 (0x467),9 (0x9),None (0),None (0),5000,P1 (1),DeckData_Hundred.bin (2),4,AI (0),None (0),0,AI (0),None (0),0,AI (0)
Battle - 120,Mt. Battle (8),1,Double (2),6,false,D2_valley_1_bf (21),0,60925 (0xEDFD),1127 (0x467),9 (0x9),None (0),None (0),5000,P1 (1),DeckData_Hundred.bin (2),5,AI (0),None (0),0,AI (0),None (0),0,AI (0)
Battle - 121,Mt. Battle (8),1,Double (2),6,false,D2_valley_1_bf (21),0,60926 (0xEDFE),1127 (0x467),9 (0x9),None (0),None (0),5000,P1 (1),DeckData_Hundred.bin (2),6,AI (0),None (0),0,AI (0),None (0),0,AI (0)
Battle - 122,Mt. Battle (8),1,Double (2),6,false,D2_valley_1_bf (21),0,60927 (0xEDFF),1127 (0x467),9 (0x9),None (0),None (0),5000,P1 (1),DeckData_Hundred.bin (2),7,AI (0),None (0),0,AI (0),None (0),0,AI (0)
Battle - 123,Mt. Battle (8),1,Double (2),6,false,D2_valley_1_bf (21),0,60928 (0xEE00),1127 (0x467),9 (0x9),None (0),None (0),5000,P1 (1),DeckData_Hundred.bin (2),8,AI (0),None (0),0,AI (0),None (0),0,AI (0)
Battle - 124,Mt. Battle (8),1,Double (2),6,false,D2_valley_1_bf (21),0,60929 (0xEE01),1127 (0x467),9 (0x9),None (0),None (0),5000,P1 (1),DeckData_Hundred.bin (2),9,AI (0),None (0),0,AI (0),None (0),0,AI (0)
Battle - 125,Mt. Battle (8),1,Double (2),6,false,D2_valley_1_bf (21),0,60930 (0xEE02),1407 (0x57F),16 (0x10),None (0),None (0),5000,P1 (1),DeckData_Hundred.bin (2),10,AI (0),None (0),0,AI (0),None (0),0,AI (0)
Battle - 126,Mt. Battle (8),1,Double (2),6,false,D2_valley_1_bf (21),0,60931 (0xEE03),1127 (0x467),9 (0x9),None (0),None (0),5000,P1 (1),DeckData_Hundred.bin (2),11,AI (0),None (0),0,AI (0),None (0),0,AI (0)
Battle - 127,Mt. Battle (8),1,Double (2),6,false,D2_valley_1_bf (21),0,60932 (0xEE04),1127 (0x467),9 (0x9),None (0),None (0),5000,P1 (1),DeckData_Hundred.bin (2),12,AI (0),None (0),0,AI (0),None (0),0,AI (0)
Battle - 128,Mt. Battle (8),1,Double (2),6,false,D2_valley_1_bf (21),0,60933 (0xEE05),1127 (0x467),9 (0x9),None (0),None (0),5000,P1 (1),DeckData_Hundred.bin (2),13,AI (0),None (0),0,AI (0),None (0),0,AI (0)
Battle - 129,Mt. Battle (8),1,Double (2),6,false,D2_valley_1_bf (21),0,60934 (0xEE06),1127 (0x467),9 (0x9),None (0),None (0),5000,P1 (1),DeckData_Hundred.bin (2),14,AI (0),None (0),0,AI (0),None (0),0,AI (0)
Battle - 130,Mt. Battle (8),1,Double (2),6,false,D2_valley_1_bf (21),0,60935 (0xEE07),1127 (0x467),9 (0x9),None (0),None (0),5000,P1 (1),DeckData_Hundred.bin (2),15,AI (0),None (0),0,AI (0),None (0),0,AI (0)
Battle - 131,Mt. Battle (8),1,Double (2),6,false,D2_valley_1_bf (21),0,60936 (0xEE08),1127 (0x467),9 (0x9),None (0),None (0),5000,P1 (1),DeckData_Hundred.bin (2),16,AI (0),None (0),0,AI (0),None (0),0,AI (0)
Battle - 132,Mt. Battle (8),1,Double (2),6,false,D2_valley_1_bf (21),0,60937 (0xEE09),1127 (0x467),9 (0x9),None (0),None (0),5000,P1 (1),DeckData_Hundred.bin (2),17,AI (0),None (0),0,AI (0),None (0),0,AI (0)
Battle - 133,Mt. Battle (8),1,Double (2),6,false,D2_valley_1_bf (21),0,60938 (0xEE0A),1127 (0x467),9 (0x9),None (0),None (0),5000,P1 (1),DeckData_Hundred.bin (2),18,AI (0),None (0),0,AI (0),None (0),0,AI (0)
Battle - 134,Mt. Battle (8),1,Double (2),6,false,D2_valley_1_bf (21),0,60939 (0xEE0B),1127 (0x467),9 (0x9),None (0),None (0),5000,P1 (1),DeckData_Hundred.bin (2),19,AI (0),None (0),0,AI (0),None (0),0,AI (0)
Battle - 135,Mt. Battle (8),1,Double (2),6,false,D2_valley_1_bf (21),0,60940 (0xEE0C),1407 (0x57F),16 (0x10),None (0),None (0),5000,P1 (1),DeckData_Hundred.bin (2),20,AI (0),None (0),0,AI (0),None (0),0,AI (0)
Battle - 136,Mt. Battle (8),1,Double (2),6,false,D2_valley_1_bf (21),0,60941 (0xEE0D),1127 (0x467),9 (0x9),None (0),None (0),5000,P1 (1),DeckData_Hundred.bin (2),21,AI (0),None (0),0,AI (0),None (0),0,AI (0)
Battle - 137,Mt. Battle (8),1,Double (2),6,false,D2_valley_1_bf (21),0,60942 (0xEE0E),1127 (0x467),9 (0x9),None (0),None (0),5000,P1 (1),DeckData_Hundred.bin (2),22,AI (0),None (0),0,AI (0),None (0),0,AI (0)
Battle - 138,Mt. Battle (8),1,Double (2),6,false,D2_valley_1_bf (21),0,60943 (0xEE0F),1127 (0x467),9 (0x9),None (0),None (0),5000,P1 (1),DeckData_Hundred.bin (2),23,AI (0),None (0),0,AI (0),None (0),0,AI (0)
Battle - 139,Mt. Battle (8),1,Double (2),6,false,D2_valley_1_bf (21),0,60944 (0xEE10),1127 (0x467),9 (0x9),None (0),None (0),5000,P1 (1),DeckData_Hundred.bin (2),24,AI (0),None (0),0,AI (0),None (0),0,AI (0)
Battle - 140,Mt. Battle (8),1,Double (2),6,false,D2_valley_1_bf (21),0,60945 (0xEE11),1127 (0x467),9 (0x9),None (0),None (0),5000,P1 (1),DeckData_Hundred.bin (2),25,AI (0),None (0),0,AI (0),None (0),0,AI (0)
Battle - 141,Mt. Battle (8),1,Double (2),6,false,D2_valley_1_bf (21),0,60946 (0xEE12),1127 (0x467),9 (0x9),None (0),None (0),5000,P1 (1),DeckData_Hundred.bin (2),26,AI (0),None (0),0,AI (0),None (0),0,AI (0)
Battle - 142,Mt. Battle (8),1,Double (2),6,false,D2_valley_1_bf (21),0,60947 (0xEE13),1127 (0x467),9 (0x9),None (0),None (0),5000,P1 (1),DeckData_Hundred.bin (2),27,AI (0),None (0),0,AI (0),None (0),0,AI (0)
Battle - 143,Mt. Battle (8),1,Double (2),6,false,D2_valley_1_bf (21),0,60948 (0xEE14),1127 (0x467),9 (0x9),None (0),None (0),5000,P1 (1),DeckData_Hundred.bin (2),28,AI (0),None (0),0,AI (0),None (0),0,AI (0)
Battle - 144,Mt. Battle (8),1,Double (2),6,false,D2_valley_1_bf (21),0,60949 (0xEE15),1127 (0x467),9 (0x9),None (0),None (0),5000,P1 (1),DeckData_Hundred.bin (2),29,AI (0),None (0),0,AI (0),None (0),0,AI (0)
Battle - 145,Mt. Battle (8),1,Double (2),6,false,D2_valley_1_bf (21),0,60950 (0xEE16),1407 (0x57F),16 (0x10),None (0),None (0),5000,P1 (1),DeckData_Hundred.bin (2),30,AI (0),None (0),0,AI (0),None (0),0,AI (0)
Battle - 146,Mt. Battle (8),1,Double (2),6,false,D2_magma_1_bf (22),0,60951 (0xEE17),1127 (0x467),9 (0x9),None (0),None (0),5000,P1 (1),DeckData_Hundred.bin (2),31,AI (0),None (0),0,AI (0),None (0),0,AI (0)
Battle - 147,Mt. Battle (8),1,Double (2),6,false,D2_magma_1_bf (22),0,60952 (0xEE18),1127 (0x467),9 (0x9),None (0),None (0),5000,P1 (1),DeckData_Hundred.bin (2),32,AI (0),None (0),0,AI (0),None (0),0,AI (0)
Battle - 148,Mt. Battle (8),1,Double (2),6,false,D2_magma_1_bf (22),0,60953 (0xEE19),1127 (0x467),9 (0x9),None (0),None (0),5000,P1 (1),DeckData_Hundred.bin (2),33,AI (0),None (0),0,AI (0),None (0),0,AI (0)
Battle - 149,Mt. Battle (8),1,Double (2),6,false,D2_magma_1_bf (22),0,60954 (0xEE1A),1127 (0x467),9 (0x9),None (0),None (0),5000,P1 (1),DeckData_Hundred.bin (2),34,AI (0),None (0),0,AI (0),None (0),0,AI (0)
Battle - 150,Mt. Battle (8),1,Double (2),6,false,D2_magma_1_bf (22),0,60955 (0xEE1B),1127 (0x467),9 (0x9),None (0),None (0),5000,P1 (1),DeckData_Hundred.bin (2),35,AI (0),None (0),0,AI (0),None (0),0,AI (0)
Battle - 151,Mt. Battle (8),1,Double (2),6,false,D2_magma_1_bf (22),0,60956 (0xEE1C),1127 (0x467),9 (0x9),None (0),None (0),5000,P1 (1),DeckData_Hundred.bin (2),36,AI (0),None (0),0,AI (0),None (0),0,AI (0)
Battle - 152,Mt. Battle (8),1,Double (2),6,false,D2_magma_1_bf (22),0,60957 (0xEE1D),1127 (0x467),9 (0x9),None (0),None (0),5000,P1 (1),DeckData_Hundred.bin (2),37,AI (0),None (0),0,AI (0),None (0),0,AI (0)
Battle - 153,Mt. Battle (8),1,Double (2),6,false,D2_magma_1_bf (22),0,60958 (0xEE1E),1127 (0x467),9 (0x9),None (0),None (0),5000,P1 (1),DeckData_Hundred.bin (2),38,AI (0),None (0),0,AI (0),None (0),0,AI (0)
Battle - 154,Mt. Battle (8),1,Double (2),6,false,D2_magma_1_bf (22),0,60959 (0xEE1F),1127 (0x467),9 (0x9),None (0),None (0),5000,P1 (1),DeckData_Hundred.bin (2),39,AI (0),None (0),0,AI (0),None (0),0,AI (0)
Battle - 155,Mt. Battle (8),1,Double (2),6,false,D2_magma_1_bf (22),0,60960 (0xEE20),1407 (0x57F),16 (0x10),None (0),None (0),5000,P1 (1),DeckData_Hundred.bin (2),40,AI (0),None (0),0,AI (0),None (0),0,AI (0)
Battle - 156,Mt. Battle (8),1,Double (2),6,false,D2_magma_1_bf (22),0,60961 (0xEE21),1127 (0x467),9 (0x9),None (0),None (0),5000,P1 (1),DeckData_Hundred.bin (2),41,AI (0),None (0),0,AI (0),None (0),0,AI (0)
Battle - 157,Mt. Battle (8),1,Double (2),6,false,D2_magma_1_bf (22),0,60962 (0xEE22),1127 (0x467),9 (0x9),None (0),None (0),5000,P1 (1),DeckData_Hundred.bin (2),42,AI (0),None (0),0,AI (0),None (0),0,AI (0)
Battle - 158,Mt. Battle (8),1,Double (2),6,false,D2_magma_1_bf (22),0,60963 (0xEE23),1127 (0x467),9 (0x9),None (0),None (0),5000,P1 (1),DeckData_Hundred.bin (2),43,AI (0),None (0),0,AI (0),None (0),0,AI (0)
Battle - 159,Mt. Battle (8),1,Double (2),6,false,D2_magma_1_bf (22),0,60964 (0xEE24),1127 (0x467),9 (0x9),None (0),None (0),5000,P1 (1),DeckData_Hundred.bin (2),44,AI (0),None (0),0,AI (0),None (0),0,AI (0)
Battle - 160,Mt. Battle (8),1,Double (2),6,false,D2_magma_1_bf (22),0,60965 (0xEE25),1127 (0x467),9 (0x9),None (0),None (0),5000,P1 (1),DeckData_Hundred.bin (2),45,AI (0),None (0),0,AI (0),None (0),0,AI (0)
Battle - 161,Mt. Battle (8),1,Double (2),6,false,D2_magma_1_bf (22),0,60966 (0xEE26),1127 (0x467),9 (0x9),None (0),None (0),5000,P1 (1),DeckData_Hundred.bin (2),46,AI (0),None (0),0,AI (0),None (0),0,AI (0)
Battle - 162,Mt. Battle (8),1,Double (2),6,false,D2_magma_1_bf (22),0,60967 (0xEE27),1127 (0x467),9 (0x9),None (0),None (0),5000,P1 (1),DeckData_Hundred.bin (2),47,AI (0),None (0),0,AI (0),None (0),0,AI (0)
Battle - 163,Mt. Battle (8),1,Double (2),6,false,D2_magma_1_bf (22),0,60968 (0xEE28),1127 (0x467),9 (0x9),None (0),None (0),5000,P1 (1),DeckData_Hundred.bin (2),48,AI (0),None (0),0,AI (0),None (0),0,AI (0)
Battle - 164,Mt. Battle (8),1,Double (2),6,false,D2_magma_1_bf (22),0,60969 (0xEE29),1127 (0x467),9 (0x9),None (0),None (0),5000,P1 (1),DeckData_Hundred.bin (2),49,AI (0),None (0),0,AI (0),None (0),0,AI (0)
Battle - 165,Mt. Battle (8),1,Double (2),6,false,D2_magma_1_bf (22),0,60970 (0xEE2A),1407 (0x57F),16 (0x10),None (0),None (0),5000,P1 (1),DeckData_Hundred.bin (2),50,AI (0),None (0),0,AI (0),None (0),0,AI (0)
Battle - 166,Mt. Battle (8),1,Double (2),6,false,D2_magma_1_bf (22),0,60971 (0xEE2B),1127 (0x467),9 (0x9),None (0),None (0),5000,P1 (1),DeckData_Hundred.bin (2),51,AI (0),None (0),0,AI (0),None (0),0,AI (0)
Battle - 167,Mt. Battle (8),1,Double (2),6,false,D2_magma_1_bf (22),0,60972 (0xEE2C),1127 (0x467),9 (0x9),None (0),None (0),5000,P1 (1),DeckData_Hundred.bin (2),52,AI (0),None (0),0,AI (0),None (0),0,AI (0)
Battle - 168,Mt. Battle (8),1,Double (2),6,false,D2_magma_1_bf (22),0,60973 (0xEE2D),1127 (0x467),9 (0x9),None (0),None (0),5000,P1 (1),DeckData_Hundred.bin (2),53,AI (0),None (0),0,AI (0),None (0),0,AI (0)
Battle - 169,Mt. Battle (8),1,Double (2),6,false,D2_magma_1_bf (22),0,60974 (0xEE2E),1127 (0x467),9 (0x9),None (0),None (0),5000,P1 (1),DeckData_Hundred.bin (2),54,AI (0),None (0),0,AI (0),None (0),0,AI (0)
Battle - 170,Mt. Battle (8),1,Double (2),6,false,D2_magma_1_bf (22),0,60975 (0xEE2F),1127 (0x467),9 (0x9),None (0),None (0),5000,P1 (1),DeckData_Hundred.bin (2),55,AI (0),None (0),0,AI (0),None (0),0,AI (0)
Battle - 171,Mt. Battle (8),1,Double (2),6,false,D2_magma_1_bf (22),0,60976 (0xEE30),1127 (0x467),9 (0x9),None (0),None (0),5000,P1 (1),DeckData_Hundred.bin (2),56,AI (0),None (0),0,AI (0),None (0),0,AI (0)
Battle - 172,Mt. Battle (8),1,Double (2),6,false,D2_magma_1_bf (22),0,60977 (0xEE31),1127 (0x467),9 (0x9),None (0),None (0),5000,P1 (1),DeckData_Hundred.bin (2),57,AI (0),None (0),0,AI (0),None (0),0,AI (0)
Battle - 173,Mt. Battle (8),1,Double (2),6,false,D2_magma_1_bf (22),0,60978 (0xEE32),1127 (0x467),9 (0x9),None (0),None (0),5000,P1 (1),DeckData_Hundred.bin (2),58,AI (0),None (0),0,AI (0),None (0),0,AI (0)
Battle - 174,Mt. Battle (8),1,Double (2),6,false,D2_magma_1_bf (22),0,60979 (0xEE33),1127 (0x467),9 (0x9),None (0),None (0),5000,P1 (1),DeckData_Hundred.bin (2),59,AI (0),None (0),0,AI (0),None (0),0,AI (0)
Battle - 175,Mt. Battle (8),1,Double (2),6,false,D2_magma_1_bf (22),0,60980 (0xEE34),1407 (0x57F),16 (0x10),None (0),None (0),5000,P1 (1),DeckData_Hundred.bin (2),60,AI (0),None (0),0,AI (0),None (0),0,AI (0)
Battle - 176,Mt. Battle (8),1,Double (2),6,false,D2_cloud_1_bf (23),0,60981 (0xEE35),1127 (0x467),9 (0x9),None (0),None (0),5000,P1 (1),DeckData_Hundred.bin (2),61,AI (0),None (0),0,AI (0),None (0),0,AI (0)
Battle - 177,Mt. Battle (8),1,Double (2),6,false,D2_cloud_1_bf (23),0,60982 (0xEE36),1127 (0x467),9 (0x9),None (0),None (0),5000,P1 (1),DeckData_Hundred.bin (2),62,AI (0),None (0),0,AI (0),None (0),0,AI (0)
Battle - 178,Mt. Battle (8),1,Double (2),6,false,D2_cloud_1_bf (23),0,60983 (0xEE37),1127 (0x467),9 (0x9),None (0),None (0),5000,P1 (1),DeckData_Hundred.bin (2),63,AI (0),None (0),0,AI (0),None (0),0,AI (0)
Battle - 179,Mt. Battle (8),1,Double (2),6,false,D2_cloud_1_bf (23),0,60984 (0xEE38),1127 (0x467),9 (0x9),None (0),None (0),5000,P1 (1),DeckData_Hundred.bin (2),64,AI (0),None (0),0,AI (0),None (0),0,AI (0)
Battle - 180,Mt. Battle (8),1,Double (2),6,false,D2_cloud_1_bf (23),0,60985 (0xEE39),1127 (0x467),9 (0x9),None (0),None (0),5000,P1 (1),DeckData_Hundred.bin (2),65,AI (0),None (0),0,AI (0),None (0),0,AI (0)
Battle - 181,Mt. Battle (8),1,Double (2),6,false,D2_cloud_1_bf (23),0,60986 (0xEE3A),1127 (0x467),9 (0x9),None (0),None (0),5000,P1 (1),DeckData_Hundred.bin (2),66,AI (0),None (0),0,AI (0),None (0),0,AI (0)
Battle - 182,Mt. Battle (8),1,Double (2),6,false,D2_cloud_1_bf (23),0,60987 (0xEE3B),1127 (0x467),9 (0x9),None (0),None (0),5000,P1 (1),DeckData_Hundred.bin (2),67,AI (0),None (0),0,AI (0),None (0),0,AI (0)
Battle - 183,Mt. Battle (8),1,Double (2),6,false,D2_cloud_1_bf (23),0,60988 (0xEE3C),1127 (0x467),9 (0x9),None (0),None (0),5000,P1 (1),DeckData_Hundred.bin (2),68,AI (0),None (0),0,AI (0),None (0),0,AI (0)
Battle - 184,Mt. Battle (8),1,Double (2),6,false,D2_cloud_1_bf (23),0,60989 (0xEE3D),1127 (0x467),9 (0x9),None (0),None (0),5000,P1 (1),DeckData_Hundred.bin (2),69,AI (0),None (0),0,AI (0),None (0),0,AI (0)
Battle - 185,Mt. Battle (8),1,Double (2),6,false,D2_cloud_1_bf (23),0,60990 (0xEE3E),1407 (0x57F),16 (0x10),None (0),None (0),5000,P1 (1),DeckData_Hundred.bin (2),70,AI (0),None (0),0,AI (0),None (0),0,AI (0)
Battle - 186,Mt. Battle (8),1,Double (2),6,false,D2_cloud_1_bf (23),0,60991 (0xEE3F),1127 (0x467),9 (0x9),None (0),None (0),5000,P1 (1),DeckData_Hundred.bin (2),71,AI (0),None (0),0,AI (0),None (0),0,AI (0)
Battle - 187,Mt. Battle (8),1,Double (2),6,false,D2_cloud_1_bf (23),0,60992 (0xEE40),1127 (0x467),9 (0x9),None (0),None (0),5000,P1 (1),DeckData_Hundred.bin (2),72,AI (0),None (0),0,AI (0),None (0),0,AI (0)
Battle - 188,Mt. Battle (8),1,Double (2),6,false,D2_cloud_1_bf (23),0,60993 (0xEE41),1127 (0x467),9 (0x9),None (0),None (0),5000,P1 (1),DeckData_Hundred.bin (2),73,AI (0),None (0),0,AI (0),None (0),0,AI (0)
Battle - 189,Mt. Battle (8),1,Double (2),6,false,D2_cloud_1_bf (23),0,60994 (0xEE42),1127 (0x467),9 (0x9),None (0),None (0),5000,P1 (1),DeckData_Hundred.bin (2),74,AI (0),None (0),0,AI (0),None (0),0,AI (0)
Battle - 190,Mt. Battle (8),1,Double (2),6,false,D2_cloud_1_bf (23),0,60995 (0xEE43),1127 (0x467),9 (0x9),None (0),None (0),5000,P1 (1),DeckData_Hundred.bin (2),75,AI (0),None (0),0,AI (0),None (0),0,AI (0)
Battle - 191,Mt. Battle (8),1,Double (2),6,false,D2_cloud_1_bf (23),0,60996 (0xEE44),1127 (0x467),9 (0x9),None (0),None (0),5000,P1 (1),DeckData_Hundred.bin (2),76,AI (0),None (0),0,AI (0),None (0),0,AI (0)
Battle - 192,Mt. Battle (8),1,Double (2),6,false,D2_cloud_1_bf (23),0,60997 (0xEE45),1127 (0x467),9 (0x9),None (0),None (0),5000,P1 (1),DeckData_Hundred.bin (2),77,AI (0),None (0),0,AI (0),None (0),0,AI (0)
Battle - 193,Mt. Battle (8),1,Double (2),6,false,D2_cloud_1_bf (23),0,60998 (0xEE46),1127 (0x467),9 (0x9),None (0),None (0),5000,P1 (1),DeckData_Hundred.bin (2),78,AI (0),None (0),0,AI (0),None (0),0,AI (0)
Battle - 194,Mt. Battle (8),1,Double (2),6,false,D2_cloud_1_bf (23),0,60999 (0xEE47),1127 (0x467),9 (0x9),None (0),None (0),5000,P1 (1),DeckData_Hundred.bin (2),79,AI (0),None (0),0,AI (0),None (0),0,AI (0)
Battle - 195,Mt. Battle (8),1,Double (2),6,false,D2_cloud_1_bf (23),0,61000 (0xEE48),1407 (0x57F),16 (0x10),None (0),None (0),5000,P1 (1),DeckData_Hundred.bin (2),80,AI (0),None (0),0,AI (0),None (0),0,AI (0)
Battle - 196,Mt. Battle (8),1,Double (2),6,false,D2_cloud_1_bf (23),0,61001 (0xEE49),1127 (0x467),9 (0x9),None (0),None (0),5000,P1 (1),DeckData_Hundred.bin (2),81,AI (0),None (0),0,AI (0),None (0),0,AI (0)
Battle - 197,Mt. Battle (8),1,Double (2),6,false,D2_cloud_1_bf (23),0,61002 (0xEE4A),1127 (0x467),9 (0x9),None (0),None (0),5000,P1 (1),DeckData_Hundred.bin (2),82,AI (0),None (0),0,AI (0),None (0),0,AI (0)
Battle - 198,Mt. Battle (8),1,Double (2),6,false,D2_cloud_1_bf (23),0,61003 (0xEE4B),1127 (0x467),9 (0x9),None (0),None (0),5000,P1 (1),DeckData_Hundred.bin (2),83,AI (0),None (0),0,AI (0),None (0),0,AI (0)
Battle - 199,Mt. Battle (8),1,Double (2),6,false,D2_cloud_1_bf (23),0,61004 (0xEE4C),1127 (0x467),9 (0x9),None (0),None (0),5000,P1 (1),DeckData_Hundred.bin (2),84,AI (0),None (0),0,AI (0),None (0),0,AI (0)
Battle - 200,Mt. Battle (8),1,Double (2),6,false,D2_cloud_1_bf (23),0,61005 (0xEE4D),1127 (0x467),9 (0x9),None (0),None (0),5000,P1 (1),DeckData_Hundred.bin (2),85,AI (0),None (0),0,AI (0),None (0),0,AI (0)
Battle - 201,Mt. Battle (8),1,Double (2),6,false,D2_cloud_1_bf (23),0,61006 (0xEE4E),1127 (0x467),9 (0x9),None (0),None (0),5000,P1 (1),DeckData_Hundred.bin (2),86,AI (0),None (0),0,AI (0),None (0),0,AI (0)
Battle - 202,Mt. Battle (8),1,Double (2),6,false,D2_cloud_1_bf (23),0,61007 (0xEE4F),1127 (0x467),9 (0x9),None (0),None (0),5000,P1 (1),DeckData_Hundred.bin (2),87,AI (0),None (0),0,AI (0),None (0),0,AI (0)
Battle - 203,Mt. Battle (8),1,Double (2),6,false,D2_cloud_1_bf (23),0,61008 (0xEE50),1127 (0x467),9 (0x9),None (0),None (0),5000,P1 (1),DeckData_Hundred.bin (2),88,AI (0),None (0),0,AI (0),None (0),0,AI (0)
Battle - 204,Mt. Battle (8),1,Double (2),6,false,D2_cloud_1_bf (23),0,61009 (0xEE51),1127 (0x467),9 (0x9),None (0),None (0),5000,P1 (1),DeckData_Hundred.bin (2),89,AI (0),None (0),0,AI (0),None (0),0,AI (0)
Battle - 205,Mt. Battle (8),1,Double (2),6,false,D2_cloud_1_bf (23),0,61010 (0xEE52),1407 (0x57F),16 (0x10),None (0),None (0),5000,P1 (1),DeckData_Hundred.bin (2),90,AI (0),None (0),0,AI (0),None (0),0,AI (0)
Battle - 206,Mt. Battle (8),1,Double (2),6,false,D2_cloud_1_bf (23),0,61011 (0xEE53),1127 (0x467),9 (0x9),None (0),None (0),5000,P1 (1),DeckData_Hundred.bin (2),91,AI (0),None (0),0,AI (0),None (0),0,AI (0)
Battle - 207,Mt. Battle (8),1,Double (2),6,false,D2_cloud_1_bf (23),0,61012 (0xEE54),1127 (0x467),9 (0x9),None (0),None (0),5000,P1 (1),DeckData_Hundred.bin (2),92,AI (0),None (0),0,AI (0),None (0),0,AI (0)
Battle - 208,Mt. Battle (8),1,Double (2),6,false,D2_cloud_1_bf (23),0,61013 (0xEE55),1127 (0x467),9 (0x9),None (0),None (0),5000,P1 (1),DeckData_Hundred.bin (2),93,AI (0),None (0),0,AI (0),None (0),0,AI (0)
Battle - 209,Mt. Battle (8),1,Double (2),6,false,D2_cloud_1_bf (23),0,61014 (0xEE56),1127 (0x467),9 (0x9),None (0),None (0),5000,P1 (1),DeckData_Hundred.bin (2),94,AI (0),None (0),0,AI (0),None (0),0,AI (0)
Battle - 210,Mt. Battle (8),1,Double (2),6,false,D2_cloud_1_bf (23),0,61015 (0xEE57),1127 (0x467),9 (0x9),None (0),None (0),5000,P1 (1),DeckData_Hundred.bin (2),95,AI (0),None (0),0,AI (0),None (0),0,AI (0)
Battle - 211,Mt. Battle (8),1,Double (2),6,false,D2_cloud_1_bf (23),0,61016 (0xEE58),1127 (0x467),9 (0x9),None (0),None (0),5000,P1 (1),DeckData_Hundred.bin (2),96,AI (0),None (0),0,AI (0),None (0),0,AI (0)
Battle - 212,Mt. Battle (8),1,Double (2),6,false,D2_cloud_1_bf (23),0,61017 (0xEE59),1127 (0x467),9 (0x9),None (0),None (0),5000,P1 (1),DeckData_Hundred.bin (2),97,AI (0),None (0),0,AI (0),None (0),0,AI (0)
Battle - 213,Mt. Battle (8),1,Double (2),6,false,D2_cloud_1_bf (23),0,61018 (0xEE5A),1127 (0x467),9 (0x9),None (0),None (0),5000,P1 (1),DeckData_Hundred.bin (2),98,AI (0),None (0),0,AI (0),None (0),0,AI (0)
Battle - 214,Mt. Battle (8),1,Double (2),6,false,D2_cloud_1_bf (23),0,61019 (0xEE5B),1127 (0x467),9 (0x9),None (0),None (0),5000,P1 (1),DeckData_Hundred.bin (2),99,AI (0),None (0),0,AI (0),None (0),0,AI (0)
Battle - 215,Mt. Battle Final (9),1,Double (2),6,false,D2_crater_colo_bf (32),0,61020 (0xEE5C),1407 (0x57F),16 (0x10),None (0),None (0),5000,P1 (1),DeckData_Hundred.bin (2),100,AI (0),None (0),0,AI (0),None (0),0,AI (0)
Battle - 216,Story Battle (2),1,Double (2),6,true,M5_out_bf (53),0,62250 (0xF32A),1320 (0x528),9 (0x9),None (0),None (0),5000,P1 (1),DeckData_Story.bin (1),8,AI (0),None (0),0,AI (0),None (0),0,AI (0)
Battle - 217,Story Battle (2),1,Single (1),6,false,M6_out_bf (54),0,62261 (0xF335),1320 (0x528),18 (0x12),None (0),DeckData_Story.bin (1),10,AI (0),DeckData_Story.bin (1),9,AI (0),None (0),0,AI (0),None (0),0,AI (0)
Battle - 218,Story Battle (2),1,Double (2),6,true,M6_out_bf (54),0,62261 (0xF335),1318 (0x526),9 (0x9),None (0),None (0),5000,P1 (1),DeckData_Story.bin (1),11,AI (0),None (0),0,AI (0),None (0),0,AI (0)
Battle - 219,Story Battle (2),1,Double (2),6,true,M6_out_bf (54),0,62261 (0xF335),1318 (0x526),9 (0x9),None (0),None (0),5000,P1 (1),DeckData_Story.bin (1),12,AI (0),None (0),0,AI (0),None (0),0,AI (0)
Battle - 220,Story Battle (2),1,Double (2),6,true,M6_out_bf (54),0,62261 (0xF335),1318 (0x526),9 (0x9),None (0),None (0),5000,P1 (1),DeckData_Story.bin (1),13,AI (0),None (0),0,AI (0),None (0),0,AI (0)
Battle - 221,Story Battle (2),1,Double (2),6,true,M6_tower_top_bf (55),0,62807 (0xF557),1128 (0x468),9 (0x9),None (0),None (0),5000,P1 (1),DeckData_Story.bin (1),14,AI (0),None (0),0,AI (0),None (0),0,AI (0)
Battle - 222,Story Battle (2),1,Single (1),6,true,S3_out_bf (56),0,62297 (0xF359),1293 (0x50D),9 (0x9),None (0),None (0),5000,P1 (1),DeckData_Story.bin (1),15,AI (0),None (0),0,AI (0),None (0),0,AI (0)
Battle - 223,Story Battle (2),1,Double (2),6,true,M6_out_bf (54),0,62261 (0xF335),1410 (0x582),9 (0x9),None (0),None (0),5000,P1 (1),DeckData_Story.bin (1),16,AI (0),None (0),0,AI (0),None (0),0,AI (0)
Battle - 224,Story Battle (2),1,Single (1),6,true,M5_out_bf (53),0,62250 (0xF32A),1128 (0x468),18 (0x12),None (0),None (0),5000,P1 (1),DeckData_Story.bin (1),17,AI (0),None (0),0,AI (0),None (0),0,AI (0)
Battle - 225,Story Battle (2),1,Double (2),6,true,S3_out_bf (56),0,62297 (0xF359),1267 (0x4F3),9 (0x9),None (0),None (0),5000,P1 (1),DeckData_Story.bin (1),18,AI (0),None (0),0,AI (0),None (0),0,AI (0)
Battle - 226,Story Battle (2),1,Double (2),6,true,M3_out_bf (14),0,60190 (0xEB1E),1127 (0x467),9 (0x9),None (0),None (0),5000,P1 (1),DeckData_Story.bin (1),19,AI (0),None (0),0,AI (0),None (0),0,AI (0)
Battle - 227,Story Battle (2),1,Double (2),6,true,M3_out_bf (14),0,60190 (0xEB1E),1410 (0x582),9 (0x9),None (0),None (0),5000,P1 (1),DeckData_Story.bin (1),20,AI (0),None (0),0,AI (0),None (0),0,AI (0)
Battle - 228,Story Battle (2),1,Double (2),6,true,M3_out_bf (14),0,60190 (0xEB1E),1127 (0x467),9 (0x9),None (0),None (0),5000,P1 (1),DeckData_Story.bin (1),21,AI (0),None (0),0,AI (0),None (0),0,AI (0)
Battle - 229,Story Battle (2),1,Double (2),6,true,M3_out_bf (14),0,60190 (0xEB1E),1410 (0x582),9 (0x9),None (0),None (0),5000,P1 (1),DeckData_Story.bin (1),22,AI (0),None (0),0,AI (0),None (0),0,AI (0)
Battle - 230,Story Battle (2),1,Double (2),6,true,M3_out_bf (14),0,60190 (0xEB1E),1127 (0x467),9 (0x9),None (0),None (0),5000,P1 (1),DeckData_Story.bin (1),23,AI (0),None (0),0,AI (0),None (0),0,AI (0)
Battle - 231,Story Battle (2),1,Double (2),6,true,M3_cave_1F_1_bf (15),0,60190 (0xEB1E),1318 (0x526),9 (0x9),None (0),None (0),5000,P1 (1),DeckData_Story.bin (1),24,AI (0),None (0),0,AI (0),None (0),0,AI (0)
Battle - 232,Story Battle (2),1,Double (2),6,true,M3_cave_1F_1_bf (15),0,60190 (0xEB1E),1128 (0x468),9 (0x9),None (0),None (0),5000,P1 (1),DeckData_Story.bin (1),25,AI (0),None (0),0,AI (0),None (0),0,AI (0)
Battle - 233,Story Battle (2),1,Double (2),6,true,M3_cave_1F_1_bf (15),0,60190 (0xEB1E),1318 (0x526),9 (0x9),None (0),None (0),5000,P1 (1),DeckData_Story.bin (1),26,AI (0),None (0),0,AI (0),None (0),0,AI (0)
Battle - 234,Story Battle (2),1,Double (2),6,true,M3_cave_1F_1_bf (15),0,60190 (0xEB1E),1128 (0x468),9 (0x9),None (0),None (0),5000,P1 (1),DeckData_Story.bin (1),27,AI (0),None (0),0,AI (0),None (0),0,AI (0)
Battle - 235,Story Battle (2),1,Double (2),6,true,M3_shrine_1F_bf (16),0,60190 (0xEB1E),1267 (0x4F3),9 (0x9),None (0),None (0),5000,P1 (1),DeckData_Story.bin (1),28,AI (0),None (0),0,AI (0),None (0),0,AI (0)
Battle - 236,Story Battle (2),1,Double (2),6,true,M3_out_bf (14),0,60190 (0xEB1E),1410 (0x582),9 (0x9),None (0),None (0),5000,P1 (1),DeckData_Story.bin (1),29,AI (0),None (0),0,AI (0),None (0),0,AI (0)
Battle - 237,Story Battle (2),1,Double (2),6,true,D2_valley_1_bf (21),0,60191 (0xEB1F),1127 (0x467),9 (0x9),None (0),None (0),5000,P1 (1),DeckData_Story.bin (1),30,AI (0),None (0),0,AI (0),None (0),0,AI (0)
Battle - 238,Story Battle (2),1,Double (2),6,true,D2_valley_1_bf (21),0,60191 (0xEB1F),1127 (0x467),9 (0x9),None (0),None (0),5000,P1 (1),DeckData_Story.bin (1),31,AI (0),None (0),0,AI (0),None (0),0,AI (0)
Battle - 239,Story Battle (2),1,Double (2),6,true,D2_valley_1_bf (21),0,60191 (0xEB1F),1410 (0x582),9 (0x9),None (0),None (0),5000,P1 (1),DeckData_Story.bin (1),32,AI (0),None (0),0,AI (0),None (0),0,AI (0)
Battle - 240,Story Battle (2),1,Double (2),6,true,D1_out_bf (17),0,60192 (0xEB20),1318 (0x526),18 (0x12),None (0),None (0),5000,P1 (1),DeckData_Story.bin (1),33,AI (0),None (0),0,AI (0),None (0),0,AI (0)
Battle - 241,Story Battle (2),1,Double (2),6,true,D1_out_bf (17),0,60192 (0xEB20),1318 (0x526),18 (0x12),None (0),None (0),5000,P1 (1),DeckData_Story.bin (1),34,AI (0),None (0),0,AI (0),None (0),0,AI (0)
Battle - 242,Story Battle (2),1,Double (2),6,true,D1_out_bf (17),0,60192 (0xEB20),1128 (0x468),18 (0x12),None (0),None (0),5000,P1 (1),DeckData_Story.bin (1),35,AI (0),None (0),0,AI (0),None (0),0,AI (0)
Battle - 243,Story Battle (2),1,Double (2),6,true,D1_out_bf (17),0,60192 (0xEB20),1128 (0x468),18 (0x12),None (0),None (0),5000,P1 (1),DeckData_Story.bin (1),36,AI (0),None (0),0,AI (0),None (0),0,AI (0)
Battle - 244,Story Battle (2),1,Double (2),6,true,D1_out_bf (17),0,60192 (0xEB20),1128 (0x468),18 (0x12),None (0),None (0),5000,P1 (1),DeckData_Story.bin (1),37,AI (0),None (0),0,AI (0),None (0),0,AI (0)
Battle - 245,Story Battle (2),1,Double (2),6,true,D1_out_bf (17),0,60192 (0xEB20),1318 (0x526),18 (0x12),None (0),None (0),5000,P1 (1),DeckData_Story.bin (1),38,AI (0),None (0),0,AI (0),None (0),0,AI (0)
Battle - 246,Story Battle (2),1,Double (2),6,true,D1_out_bf (17),0,60192 (0xEB20),1410 (0x582),18 (0x12),None (0),None (0),5000,P1 (1),DeckData_Story.bin (1),39,AI (0),None (0),0,AI (0),None (0),0,AI (0)
Battle - 247,Story Battle (2),1,Double (2),6,true,D1_out_bf (17),0,60192 (0xEB20),1410 (0x582),18 (0x12),None (0),None (0),5000,P1 (1),DeckData_Story.bin (1),40,AI (0),None (0),0,AI (0),None (0),0,AI (0)
Battle - 248,Story Battle (2),1,Double (2),6,true,D1_out_bf (17),0,60192 (0xEB20),1127 (0x467),18 (0x12),None (0),None (0),5000,P1 (1),DeckData_Story.bin (1),41,AI (0),None (0),0,AI (0),None (0),0,AI (0)
Battle - 249,Story Battle (2),1,Double (2),6,true,D1_out_bf (17),0,60192 (0xEB20),1127 (0x467),18 (0x12),None (0),None (0),5000,P1 (1),DeckData_Story.bin (1),42,AI (0),None (0),0,AI (0),None (0),0,AI (0)
Battle - 250,Story Battle (2),1,Double (2),6,true,D1_out_bf (17),0,60192 (0xEB20),1127 (0x467),18 (0x12),None (0),None (0),5000,P1 (1),DeckData_Story.bin (1),43,AI (0),None (0),0,AI (0),None (0),0,AI (0)
Battle - 251,Story Battle (2),1,Double (2),6,true,D1_out_bf (17),0,60192 (0xEB20),1410 (0x582),18 (0x12),None (0),None (0),5000,P1 (1),DeckData_Story.bin (1),44,AI (0),None (0),0,AI (0),None (0),0,AI (0)
Battle - 252,Story Battle (2),1,Double (2),6,true,D1_labo_B1_bf (18),0,60097 (0xEAC1),1128 (0x468),18 (0x12),None (0),None (0),5000,P1 (1),DeckData_Story.bin (1),45,AI (0),None (0),0,AI (0),None (0),0,AI (0)
Battle - 253,Story Battle (2),1,Double (2),6,true,D1_labo_B1_bf (18),0,60098 (0xEAC2),1128 (0x468),18 (0x12),None (0),None (0),5000,P1 (1),DeckData_Story.bin (1),46,AI (0),None (0),0,AI (0),None (0),0,AI (0)
Battle - 254,Story Battle (2),1,Double (2),6,true,D1_labo_B1_bf (18),0,60098 (0xEAC2),1128 (0x468),18 (0x12),None (0),None (0),5000,P1 (1),DeckData_Story.bin (1),47,AI (0),None (0),0,AI (0),None (0),0,AI (0)
Battle - 255,Story Battle (2),1,Double (2),6,true,D1_labo_B1_bf (18),0,60100 (0xEAC4),1128 (0x468),18 (0x12),None (0),None (0),5000,P1 (1),DeckData_Story.bin (1),48,AI (0),None (0),0,AI (0),None (0),0,AI (0)
Battle - 256,Story Battle (2),1,Double (2),6,true,D1_labo_B1_bf (18),0,60100 (0xEAC4),1128 (0x468),18 (0x12),None (0),None (0),5000,P1 (1),DeckData_Story.bin (1),49,AI (0),None (0),0,AI (0),None (0),0,AI (0)
Battle - 257,Story Battle (2),1,Double (2),6,true,D1_labo_B1_bf (18),0,60099 (0xEAC3),1128 (0x468),18 (0x12),None (0),None (0),5000,P1 (1),DeckData_Story.bin (1),50,AI (0),None (0),0,AI (0),None (0),0,AI (0)
Battle - 258,Story Battle (2),1,Double (2),6,true,D1_labo_B1_bf (18),0,60098 (0xEAC2),1128 (0x468),18 (0x12),None (0),None (0),5000,P1 (1),DeckData_Story.bin (1),51,AI (0),None (0),0,AI (0),None (0),0,AI (0)
Battle - 259,Story Battle (2),1,Double (2),6,true,D1_labo_B1_bf (18),0,60100 (0xEAC4),1128 (0x468),18 (0x12),None (0),None (0),5000,P1 (1),DeckData_Story.bin (1),52,AI (0),None (0),0,AI (0),None (0),0,AI (0)
Battle - 260,Story Battle (2),1,Double (2),6,true,D1_labo_B1_bf (18),0,60100 (0xEAC4),1128 (0x468),18 (0x12),None (0),None (0),5000,P1 (1),DeckData_Story.bin (1),53,AI (0),None (0),0,AI (0),None (0),0,AI (0)
Battle - 261,Story Battle (2),1,Double (2),6,true,D1_labo_B1_bf (18),0,60100 (0xEAC4),1128 (0x468),18 (0x12),None (0),None (0),5000,P1 (1),DeckData_Story.bin (1),54,AI (0),None (0),0,AI (0),None (0),0,AI (0)
Battle - 262,Story Battle (2),1,Double (2),6,true,D1_labo_B1_bf (18),0,60100 (0xEAC4),1128 (0x468),18 (0x12),None (0),None (0),5000,P1 (1),DeckData_Story.bin (1),55,AI (0),None (0),0,AI (0),None (0),0,AI (0)
Battle - 263,Story Battle (2),1,Double (2),6,true,D1_labo_B1_bf (18),0,60100 (0xEAC4),1128 (0x468),18 (0x12),None (0),None (0),5000,P1 (1),DeckData_Story.bin (1),56,AI (0),None (0),0,AI (0),None (0),0,AI (0)
Battle - 264,Story Battle (2),1,Double (2),6,true,D1_labo_B1_bf (18),0,60098 (0xEAC2),1128 (0x468),18 (0x12),None (0),None (0),5000,P1 (1),DeckData_Story.bin (1),57,AI (0),None (0),0,AI (0),None (0),0,AI (0)
Battle - 265,Story Battle (2),1,Double (2),6,true,D1_labo_B1_bf (18),0,60098 (0xEAC2),1128 (0x468),18 (0x12),None (0),None (0),5000,P1 (1),DeckData_Story.bin (1),58,AI (0),None (0),0,AI (0),None (0),0,AI (0)
Battle - 266,Story Battle (2),1,Double (2),6,true,D1_labo_B1_bf (18),0,60098 (0xEAC2),1128 (0x468),18 (0x12),None (0),None (0),5000,P1 (1),DeckData_Story.bin (1),59,AI (0),None (0),0,AI (0),None (0),0,AI (0)
Battle - 267,Story Battle (2),1,Double (2),6,true,D1_labo_B1_bf (18),0,60099 (0xEAC3),1128 (0x468),18 (0x12),None (0),None (0),5000,P1 (1),DeckData_Story.bin (1),60,AI (0),None (0),0,AI (0),None (0),0,AI (0)
Battle - 268,Story Battle (2),1,Double (2),6,true,D1_labo_B1_bf (18),0,60098 (0xEAC2),1407 (0x57F),16 (0x10),None (0),None (0),5000,P1 (1),DeckData_Story.bin (1),61,AI (0),None (0),0,AI (0),None (0),0,AI (0)
Battle - 269,Story Battle (2),1,Double (2),6,true,M2_out_bf (10),0,60796 (0xED7C),1127 (0x467),9 (0x9),None (0),None (0),5000,P1 (1),DeckData_Story.bin (1),62,AI (0),None (0),0,AI (0),None (0),0,AI (0)
Battle - 270,Story Battle (2),1,Double (2),6,true,M2_out_bf (10),0,60189 (0xEB1D),1127 (0x467),9 (0x9),None (0),None (0),5000,P1 (1),DeckData_Story.bin (1),63,AI (0),None (0),0,AI (0),None (0),0,AI (0)
Battle - 271,Story Battle (2),1,Double (2),6,true,M2_out_bf (10),0,60189 (0xEB1D),1127 (0x467),9 (0x9),None (0),None (0),5000,P1 (1),DeckData_Story.bin (1),64,AI (0),None (0),0,AI (0),None (0),0,AI (0)
Battle - 272,Story Battle (2),1,Double (2),6,true,M2_out_bf (10),0,60189 (0xEB1D),1127 (0x467),9 (0x9),None (0),None (0),5000,P1 (1),DeckData_Story.bin (1),65,AI (0),None (0),0,AI (0),None (0),0,AI (0)
Battle - 273,Story Battle (2),1,Double (2),6,true,M2_out_bf (10),0,60189 (0xEB1D),1127 (0x467),9 (0x9),None (0),None (0),5000,P1 (1),DeckData_Story.bin (1),66,AI (0),None (0),0,AI (0),None (0),0,AI (0)
Battle - 274,Story Battle (2),1,Double (2),6,true,M2_out_bf (10),0,60189 (0xEB1D),1127 (0x467),9 (0x9),None (0),None (0),5000,P1 (1),DeckData_Story.bin (1),67,AI (0),None (0),0,AI (0),None (0),0,AI (0)
Battle - 275,Story Battle (2),1,Double (2),6,true,M2_out_bf (10),0,60189 (0xEB1D),1127 (0x467),9 (0x9),None (0),None (0),5000,P1 (1),DeckData_Story.bin (1),68,AI (0),None (0),0,AI (0),None (0),0,AI (0)
Battle - 276,Story Battle (2),1,Double (2),6,true,M5_out_bf (53),0,62250 (0xF32A),1127 (0x467),9 (0x9),None (0),None (0),5000,P1 (1),DeckData_Story.bin (1),69,AI (0),None (0),0,AI (0),None (0),0,AI (0)
Battle - 277,Story Battle (2),1,Double (2),6,true,M5_out_bf (53),0,62250 (0xF32A),1127 (0x467),9 (0x9),None (0),None (0),5000,P1 (1),DeckData_Story.bin (1),70,AI (0),None (0),0,AI (0),None (0),0,AI (0)
Battle - 278,Story Battle (2),1,Double (2),6,false,esaba_C_bf (59),0,60865 (0xEDC1),1390 (0x56E),16 (0x10),None (0),None (0),5000,P1 (1),DeckData_Story.bin (1),72,AI (0),None (0),0,AI (0),None (0),0,AI (0)
Battle - 279,Story Battle (2),1,Double (2),6,true,M2_building_1F_bf (11),0,61186 (0xEF02),1128 (0x468),18 (0x12),None (0),None (0),5000,P1 (1),DeckData_Story.bin (1),73,AI (0),None (0),0,AI (0),None (0),0,AI (0)
Battle - 280,Story Battle (2),1,Double (2),6,true,M2_building_1F_bf (11),0,61186 (0xEF02),1128 (0x468),18 (0x12),None (0),None (0),5000,P1 (1),DeckData_Story.bin (1),74,AI (0),None (0),0,AI (0),None (0),0,AI (0)
Battle - 281,Story Battle (2),1,Double (2),6,true,M2_building_1F_bf (11),0,61186 (0xEF02),1128 (0x468),18 (0x12),None (0),None (0),5000,P1 (1),DeckData_Story.bin (1),75,AI (0),None (0),0,AI (0),None (0),0,AI (0)
Battle - 282,Story Battle (2),1,Double (2),6,true,M2_building_1F_bf (11),0,61186 (0xEF02),1128 (0x468),18 (0x12),None (0),None (0),5000,P1 (1),DeckData_Story.bin (1),76,AI (0),None (0),0,AI (0),None (0),0,AI (0)
Battle - 283,Story Battle (2),1,Double (2),6,true,M2_building_1F_bf (11),0,61186 (0xEF02),1128 (0x468),18 (0x12),None (0),None (0),5000,P1 (1),DeckData_Story.bin (1),77,AI (0),None (0),0,AI (0),None (0),0,AI (0)
Battle - 284,Story Battle (2),1,Double (2),6,true,M2_building_1F_bf (11),0,61186 (0xEF02),1128 (0x468),18 (0x12),None (0),None (0),5000,P1 (1),DeckData_Story.bin (1),78,AI (0),None (0),0,AI (0),None (0),0,AI (0)
Battle - 285,Story Battle (2),1,Double (2),6,true,M2_building_1F_bf (11),0,61186 (0xEF02),1128 (0x468),18 (0x12),None (0),None (0),5000,P1 (1),DeckData_Story.bin (1),79,AI (0),None (0),0,AI (0),None (0),0,AI (0)
Battle - 286,Story Battle (2),1,Double (2),6,true,M2_building_1F_bf (11),0,61186 (0xEF02),1128 (0x468),18 (0x12),None (0),None (0),5000,P1 (1),DeckData_Story.bin (1),84,AI (0),None (0),0,AI (0),None (0),0,AI (0)
Battle - 287,Story Battle (2),1,Double (2),6,true,M2_building_1F_bf (11),0,61186 (0xEF02),1128 (0x468),18 (0x12),None (0),None (0),5000,P1 (1),DeckData_Story.bin (1),85,AI (0),None (0),0,AI (0),None (0),0,AI (0)
Battle - 288,Story Battle (2),1,Double (2),6,true,M2_out_bf (10),0,60189 (0xEB1D),1128 (0x468),18 (0x12),None (0),None (0),5000,P1 (1),DeckData_Story.bin (1),86,AI (0),None (0),0,AI (0),None (0),0,AI (0)
Battle - 289,Story Battle (2),1,Double (2),6,true,M2_building_1F_bf (11),0,61186 (0xEF02),1128 (0x468),18 (0x12),None (0),None (0),5000,P1 (1),DeckData_Story.bin (1),87,AI (0),None (0),0,AI (0),None (0),0,AI (0)
Battle - 290,Story Battle (2),1,Double (2),6,true,M1_houseA_1F_bf (8),0,61183 (0xEEFF),1128 (0x468),18 (0x12),None (0),None (0),5000,P1 (1),DeckData_Story.bin (1),88,AI (0),None (0),0,AI (0),None (0),0,AI (0)
Battle - 291,Story Battle (2),1,Double (2),6,true,M1_houseA_1F_bf (8),0,61183 (0xEEFF),1128 (0x468),18 (0x12),None (0),None (0),5000,P1 (1),DeckData_Story.bin (1),89,AI (0),None (0),0,AI (0),None (0),0,AI (0)
Battle - 292,Story Battle (2),1,Double (2),6,true,M2_out_bf (10),0,60797 (0xED7D),1127 (0x467),9 (0x9),None (0),None (0),5000,P1 (1),DeckData_Story.bin (1),90,AI (0),None (0),0,AI (0),None (0),0,AI (0)
Battle - 293,Story Battle (2),1,Double (2),6,true,M1_out_bf (7),0,60187 (0xEB1B),1128 (0x468),18 (0x12),None (0),None (0),5000,P1 (1),DeckData_Story.bin (1),91,AI (0),None (0),0,AI (0),None (0),0,AI (0)
Battle - 294,Story Battle (2),1,Double (2),6,true,M1_out_bf (7),0,60187 (0xEB1B),1128 (0x468),18 (0x12),None (0),None (0),5000,P1 (1),DeckData_Story.bin (1),92,AI (0),None (0),0,AI (0),None (0),0,AI (0)
Battle - 295,Story Battle (2),1,Double (2),6,true,M1_out_bf (7),0,60187 (0xEB1B),1128 (0x468),18 (0x12),None (0),None (0),5000,P1 (1),DeckData_Story.bin (1),93,AI (0),None (0),0,AI (0),None (0),0,AI (0)
Battle - 296,Story Battle (2),1,Double (2),6,true,M1_out_bf (7),0,60187 (0xEB1B),1128 (0x468),18 (0x12),None (0),None (0),5000,P1 (1),DeckData_Story.bin (1),94,AI (0),None (0),0,AI (0),None (0),0,AI (0)
Battle - 297,Story Battle (2),1,Double (2),6,true,M1_out_bf (7),0,60187 (0xEB1B),1128 (0x468),18 (0x12),None (0),None (0),5000,P1 (1),DeckData_Story.bin (1),95,AI (0),None (0),0,AI (0),None (0),0,AI (0)
Battle - 298,Story Battle (2),1,Double (2),6,true,M1_out_bf (7),0,60187 (0xEB1B),1128 (0x468),18 (0x12),None (0),None (0),5000,P1 (1),DeckData_Story.bin (1),96,AI (0),None (0),0,AI (0),None (0),0,AI (0)
Battle - 299,Story Battle (2),1,Double (2),6,true,M1_out_bf (7),0,60187 (0xEB1B),1128 (0x468),18 (0x12),None (0),None (0),5000,P1 (1),DeckData_Story.bin (1),97,AI (0),None (0),0,AI (0),None (0),0,AI (0)
Battle - 300,Story Battle (2),1,Double (2),6,true,M1_gym_1F_bf (9),0,60187 (0xEB1B),1128 (0x468),18 (0x12),None (0),None (0),5000,P1 (1),DeckData_Story.bin (1),98,AI (0),None (0),0,AI (0),None (0),0,AI (0)
Battle - 301,Story Battle (2),1,Double (2),6,true,M1_gym_1F_bf (9),0,60187 (0xEB1B),1128 (0x468),18 (0x12),None (0),None (0),5000,P1 (1),DeckData_Story.bin (1),99,AI (0),None (0),0,AI (0),None (0),0,AI (0)
Battle - 302,Story Battle (2),1,Double (2),6,true,M1_gym_1F_bf (9),0,60187 (0xEB1B),1128 (0x468),18 (0x12),None (0),None (0),5000,P1 (1),DeckData_Story.bin (1),100,AI (0),None (0),0,AI (0),None (0),0,AI (0)
Battle - 303,Story Battle (2),1,Double (2),6,true,M1_water_colo (30),0,61204 (0xEF14),1128 (0x468),18 (0x12),None (0),None (0),5000,P1 (1),DeckData_Story.bin (1),101,AI (0),None (0),0,AI (0),None (0),0,AI (0)
Battle - 304,Story Battle (2),1,Double (2),6,true,M1_water_colo (30),0,61204 (0xEF14),1128 (0x468),18 (0x12),None (0),None (0),5000,P1 (1),DeckData_Story.bin (1),102,AI (0),None (0),0,AI (0),None (0),0,AI (0)
Battle - 305,Story Battle (2),1,Double (2),6,true,M1_water_colo (30),0,61204 (0xEF14),1128 (0x468),18 (0x12),None (0),None (0),5000,P1 (1),DeckData_Story.bin (1),103,AI (0),None (0),0,AI (0),None (0),0,AI (0)
Battle - 306,Story Battle (2),1,Double (2),6,true,M1_water_colo (30),0,61204 (0xEF14),1407 (0x57F),16 (0x10),None (0),None (0),5000,P1 (1),DeckData_Story.bin (1),104,AI (0),None (0),0,AI (0),None (0),0,AI (0)
Battle - 307,Story Battle (2),1,Double (2),6,true,M1_out_bf (7),0,60187 (0xEB1B),1127 (0x467),9 (0x9),None (0),None (0),5000,P1 (1),DeckData_Story.bin (1),105,AI (0),None (0),0,AI (0),None (0),0,AI (0)
Battle - 308,Story Battle (2),1,Double (2),6,true,M1_water_colo (30),0,61204 (0xEF14),1127 (0x467),9 (0x9),None (0),None (0),5000,P1 (1),DeckData_Story.bin (1),106,AI (0),None (0),0,AI (0),None (0),0,AI (0)
Battle - 309,Story Battle (2),1,Double (2),6,true,M2_out_bf (10),0,60189 (0xEB1D),1127 (0x467),9 (0x9),None (0),None (0),5000,P1 (1),DeckData_Story.bin (1),107,AI (0),None (0),0,AI (0),None (0),0,AI (0)
Battle - 310,Story Battle (2),1,Double (2),6,true,M2_out_bf (10),0,60189 (0xEB1D),1127 (0x467),9 (0x9),None (0),None (0),5000,P1 (1),DeckData_Story.bin (1),108,AI (0),None (0),0,AI (0),None (0),0,AI (0)
Battle - 311,Story Battle (2),1,Double (2),6,true,M2_out_bf (10),0,60189 (0xEB1D),1127 (0x467),9 (0x9),None (0),None (0),5000,P1 (1),DeckData_Story.bin (1),109,AI (0),None (0),0,AI (0),None (0),0,AI (0)
Battle - 312,Story Battle (2),1,Double (2),6,true,M2_out_bf (10),0,60189 (0xEB1D),1127 (0x467),9 (0x9),None (0),None (0),5000,P1 (1),DeckData_Story.bin (1),110,AI (0),None (0),0,AI (0),None (0),0,AI (0)
Battle - 313,Story Battle (2),1,Double (2),6,true,M2_out_bf (10),0,60189 (0xEB1D),1127 (0x467),9 (0x9),None (0),None (0),5000,P1 (1),DeckData_Story.bin (1),111,AI (0),None (0),0,AI (0),None (0),0,AI (0)
Battle - 314,Story Battle (2),1,Double (2),6,true,M1_out_bf (7),0,60187 (0xEB1B),1128 (0x468),18 (0x12),None (0),None (0),5000,P1 (1),DeckData_Story.bin (1),112,AI (0),None (0),0,AI (0),None (0),0,AI (0)
Battle - 315,Story Battle (2),1,Double (2),6,true,M1_out_bf (7),0,60187 (0xEB1B),1128 (0x468),18 (0x12),None (0),None (0),5000,P1 (1),DeckData_Story.bin (1),113,AI (0),None (0),0,AI (0),None (0),0,AI (0)
Battle - 316,Story Battle (2),1,Double (2),6,true,M1_houseA_1F_bf (8),0,61183 (0xEEFF),1128 (0x468),18 (0x12),None (0),None (0),5000,P1 (1),DeckData_Story.bin (1),114,AI (0),None (0),0,AI (0),None (0),0,AI (0)
Battle - 317,Story Battle (2),1,Double (2),6,true,M1_houseA_1F_bf (8),0,61183 (0xEEFF),1128 (0x468),18 (0x12),None (0),None (0),5000,P1 (1),DeckData_Story.bin (1),115,AI (0),None (0),0,AI (0),None (0),0,AI (0)
Battle - 318,Story Battle (2),1,Double (2),6,true,M1_out_bf (7),0,60187 (0xEB1B),1128 (0x468),18 (0x12),None (0),None (0),5000,P1 (1),DeckData_Story.bin (1),116,AI (0),None (0),0,AI (0),None (0),0,AI (0)
Battle - 319,Story Battle (2),1,Double (2),6,true,M1_out_bf (7),0,60187 (0xEB1B),1128 (0x468),18 (0x12),None (0),None (0),5000,P1 (1),DeckData_Story.bin (1),117,AI (0),None (0),0,AI (0),None (0),0,AI (0)
Battle - 320,Story Battle (2),1,Double (2),6,true,M1_out_bf (7),0,60187 (0xEB1B),1128 (0x468),18 (0x12),None (0),None (0),5000,P1 (1),DeckData_Story.bin (1),118,AI (0),None (0),0,AI (0),None (0),0,AI (0)
Battle - 321,Story Battle (2),1,Double (2),6,true,M1_out_bf (7),0,60187 (0xEB1B),1128 (0x468),18 (0x12),None (0),None (0),5000,P1 (1),DeckData_Story.bin (1),119,AI (0),None (0),0,AI (0),None (0),0,AI (0)
Battle - 322,Story Battle (2),1,Double (2),6,true,M1_houseA_1F_bf (8),0,61183 (0xEEFF),1128 (0x468),18 (0x12),None (0),None (0),5000,P1 (1),DeckData_Story.bin (1),120,AI (0),None (0),0,AI (0),None (0),0,AI (0)
Battle - 323,Story Battle (2),1,Double (2),6,true,M1_houseA_1F_bf (8),0,61183 (0xEEFF),1128 (0x468),18 (0x12),None (0),None (0),5000,P1 (1),DeckData_Story.bin (1),121,AI (0),None (0),0,AI (0),None (0),0,AI (0)
Battle - 324,Story Battle (2),1,Double (2),6,true,M1_out_bf (7),0,60187 (0xEB1B),1128 (0x468),18 (0x12),None (0),None (0),5000,P1 (1),DeckData_Story.bin (1),122,AI (0),None (0),0,AI (0),None (0),0,AI (0)
Battle - 325,Story Battle (2),1,Double (2),6,true,M1_out_bf (7),0,60187 (0xEB1B),1128 (0x468),18 (0x12),None (0),None (0),5000,P1 (1),DeckData_Story.bin (1),123,AI (0),None (0),0,AI (0),None (0),0,AI (0)
Battle - 326,Story Battle (2),1,Double (2),6,true,S3_out_bf (56),0,62297 (0xF359),1127 (0x467),9 (0x9),None (0),None (0),5000,P1 (1),DeckData_Story.bin (1),124,AI (0),None (0),0,AI (0),None (0),0,AI (0)
Battle - 327,Story Battle (2),1,Double (2),6,true,S3_out_bf (56),0,62297 (0xF359),1407 (0x57F),16 (0x10),None (0),None (0),5000,P1 (1),DeckData_Story.bin (1),125,AI (0),None (0),0,AI (0),None (0),0,AI (0)
Battle - 328,Story Battle (2),1,Double (2),6,true,M2_out_bf (10),0,60798 (0xED7E),1127 (0x467),9 (0x9),None (0),None (0),5000,P1 (1),DeckData_Story.bin (1),126,AI (0),None (0),0,AI (0),None (0),0,AI (0)
Battle - 329,Story Battle (2),1,Double (2),6,true,S3_out_bf (56),0,62297 (0xF359),1127 (0x467),9 (0x9),None (0),None (0),5000,P1 (1),DeckData_Story.bin (1),127,AI (0),None (0),0,AI (0),None (0),0,AI (0)
Battle - 330,Story Battle (2),1,Double (2),6,true,D3_ship_deck_bf (42),0,62284 (0xF34C),1128 (0x468),18 (0x12),None (0),None (0),5000,P1 (1),DeckData_Story.bin (1),128,AI (0),None (0),0,AI (0),None (0),0,AI (0)
Battle - 331,Story Battle (2),1,Double (2),6,true,M1_gym_1F_bf (9),0,60187 (0xEB1B),1127 (0x467),9 (0x9),None (0),None (0),5000,P1 (1),DeckData_Story.bin (1),129,AI (0),None (0),0,AI (0),None (0),0,AI (0)
Battle - 332,Story Battle (2),1,Double (2),6,true,M1_gym_1F_bf (9),0,60187 (0xEB1B),1127 (0x467),9 (0x9),None (0),None (0),5000,P1 (1),DeckData_Story.bin (1),130,AI (0),None (0),0,AI (0),None (0),0,AI (0)
Battle - 333,Story Battle (2),1,Double (2),6,true,M1_gym_1F_bf (9),0,60187 (0xEB1B),1127 (0x467),9 (0x9),None (0),None (0),5000,P1 (1),DeckData_Story.bin (1),131,AI (0),None (0),0,AI (0),None (0),0,AI (0)
Battle - 334,Story Battle (2),1,Double (2),6,true,M1_gym_1F_bf (9),0,60187 (0xEB1B),1127 (0x467),9 (0x9),None (0),None (0),5000,P1 (1),DeckData_Story.bin (1),132,AI (0),None (0),0,AI (0),None (0),0,AI (0)
Battle - 335,Story Battle (2),1,Double (2),6,true,M1_gym_1F_bf (9),0,60187 (0xEB1B),1127 (0x467),9 (0x9),None (0),None (0),5000,P1 (1),DeckData_Story.bin (1),133,AI (0),None (0),0,AI (0),None (0),0,AI (0)
Battle - 336,Story Battle (2),1,Double (2),6,true,S1_out_bf (5),0,60866 (0xEDC2),1390 (0x56E),16 (0x10),None (0),None (0),5000,P1 (1),DeckData_Story.bin (1),134,AI (0),None (0),0,AI (0),None (0),0,AI (0)
Battle - 337,Story Battle (2),1,Double (2),6,true,S1_out_bf (5),0,60713 (0xED29),1410 (0x582),9 (0x9),None (0),None (0),5000,P1 (1),DeckData_Story.bin (1),135,AI (0),None (0),0,AI (0),None (0),0,AI (0)
Battle - 338,Story Battle (2),1,Double (2),6,true,S2_building_1F_2_bf (34),0,61357 (0xEFAD),1128 (0x468),18 (0x12),None (0),None (0),5000,P1 (1),DeckData_Story.bin (1),136,AI (0),None (0),0,AI (0),None (0),0,AI (0)
Battle - 339,Story Battle (2),1,Double (2),6,true,S2_building_1F_2_bf (34),0,61357 (0xEFAD),1128 (0x468),18 (0x12),None (0),None (0),5000,P1 (1),DeckData_Story.bin (1),137,AI (0),None (0),0,AI (0),None (0),0,AI (0)
Battle - 340,Story Battle (2),1,Double (2),6,true,S2_building_1F_2_bf (34),0,61357 (0xEFAD),1128 (0x468),18 (0x12),None (0),None (0),5000,P1 (1),DeckData_Story.bin (1),138,AI (0),None (0),0,AI (0),None (0),0,AI (0)
Battle - 341,Story Battle (2),1,Double (2),6,true,S2_building_1F_2_bf (34),0,61357 (0xEFAD),1128 (0x468),18 (0x12),None (0),None (0),5000,P1 (1),DeckData_Story.bin (1),139,AI (0),None (0),0,AI (0),None (0),0,AI (0)
Battle - 342,Story Battle (2),1,Double (2),6,true,S2_building_1F_2_bf (34),0,61357 (0xEFAD),1128 (0x468),18 (0x12),None (0),None (0),5000,P1 (1),DeckData_Story.bin (1),140,AI (0),None (0),0,AI (0),None (0),0,AI (0)
Battle - 343,Story Battle (2),1,Double (2),6,true,S2_building_1F_2_bf (34),0,61357 (0xEFAD),1128 (0x468),18 (0x12),None (0),None (0),5000,P1 (1),DeckData_Story.bin (1),141,AI (0),None (0),0,AI (0),None (0),0,AI (0)
Battle - 344,Story Battle (2),1,Double (2),6,true,S2_building_1F_2_bf (34),0,61357 (0xEFAD),1128 (0x468),18 (0x12),None (0),None (0),5000,P1 (1),DeckData_Story.bin (1),142,AI (0),None (0),0,AI (0),None (0),0,AI (0)
Battle - 345,Story Battle (2),1,Double (2),6,true,S2_building_1F_2_bf (34),0,61357 (0xEFAD),1128 (0x468),18 (0x12),None (0),None (0),5000,P1 (1),DeckData_Story.bin (1),143,AI (0),None (0),0,AI (0),None (0),0,AI (0)
Battle - 346,Story Battle (2),1,Double (2),6,true,S2_building_1F_2_bf (34),0,60727 (0xED37),1128 (0x468),18 (0x12),None (0),None (0),5000,P1 (1),DeckData_Story.bin (1),144,AI (0),None (0),0,AI (0),None (0),0,AI (0)
Battle - 347,Story Battle (2),1,Double (2),6,true,S2_building_1F_2_bf (34),0,61128 (0xEEC8),1407 (0x57F),16 (0x10),None (0),None (0),5000,P1 (1),DeckData_Story.bin (1),145,AI (0),None (0),0,AI (0),None (0),0,AI (0)
Battle - 348,Story Battle (2),1,Double (2),6,true,M5_out_bf (53),0,62250 (0xF32A),1127 (0x467),9 (0x9),None (0),None (0),5000,P1 (1),DeckData_Story.bin (1),146,AI (0),None (0),0,AI (0),None (0),0,AI (0)
Battle - 349,Story Battle (2),1,Double (2),6,true,D5_out_bf (45),0,62291 (0xF353),1128 (0x468),18 (0x12),None (0),None (0),5000,P1 (1),DeckData_Story.bin (1),147,AI (0),None (0),0,AI (0),None (0),0,AI (0)
Battle - 350,Story Battle (2),1,Single (1),6,false,D5_out_bf (45),0,62291 (0xF353),1128 (0x468),18 (0x12),None (0),DeckData_Story.bin (1),9,AI (0),DeckData_Story.bin (1),148,AI (0),None (0),0,AI (0),None (0),0,AI (0)
Battle - 351,Story Battle (2),1,Double (2),6,true,D5_factory_1F_bf (43),0,62242 (0xF322),1128 (0x468),18 (0x12),None (0),None (0),5000,P1 (1),DeckData_Story.bin (1),149,AI (0),None (0),0,AI (0),None (0),0,AI (0)
Battle - 352,Story Battle (2),1,Double (2),6,true,D5_factory_1F_bf (43),0,62242 (0xF322),1128 (0x468),18 (0x12),None (0),None (0),5000,P1 (1),DeckData_Story.bin (1),150,AI (0),None (0),0,AI (0),None (0),0,AI (0)
Battle - 353,Story Battle (2),1,Double (2),6,true,D5_factory_1F_bf (43),0,62242 (0xF322),1128 (0x468),18 (0x12),None (0),None (0),5000,P1 (1),DeckData_Story.bin (1),151,AI (0),None (0),0,AI (0),None (0),0,AI (0)
Battle - 354,Story Battle (2),1,Double (2),6,true,D5_factory_1F_bf (43),0,62295 (0xF357),1128 (0x468),18 (0x12),None (0),None (0),5000,P1 (1),DeckData_Story.bin (1),152,AI (0),None (0),0,AI (0),None (0),0,AI (0)
Battle - 355,Story Battle (2),1,Double (2),6,true,D5_factory_1F_bf (43),0,62243 (0xF323),1128 (0x468),18 (0x12),None (0),None (0),5000,P1 (1),DeckData_Story.bin (1),153,AI (0),None (0),0,AI (0),None (0),0,AI (0)
Battle - 356,Story Battle (2),1,Double (2),6,true,D5_factory_1F_bf (43),0,62242 (0xF322),1128 (0x468),18 (0x12),None (0),None (0),5000,P1 (1),DeckData_Story.bin (1),154,AI (0),None (0),0,AI (0),None (0),0,AI (0)
Battle - 357,Story Battle (2),1,Double (2),6,true,D5_factory_1F_bf (43),0,62244 (0xF324),1128 (0x468),18 (0x12),None (0),None (0),5000,P1 (1),DeckData_Story.bin (1),155,AI (0),None (0),0,AI (0),None (0),0,AI (0)
Battle - 358,Story Battle (2),1,Double (2),6,true,D5_factory_1F_bf (43),0,62292 (0xF354),1128 (0x468),18 (0x12),None (0),None (0),5000,P1 (1),DeckData_Story.bin (1),156,AI (0),None (0),0,AI (0),None (0),0,AI (0)
Battle - 359,Story Battle (2),1,Double (2),6,true,D5_factory_1F_bf (43),0,62292 (0xF354),1128 (0x468),18 (0x12),None (0),None (0),5000,P1 (1),DeckData_Story.bin (1),157,AI (0),None (0),0,AI (0),None (0),0,AI (0)
Battle - 360,Story Battle (2),1,Double (2),6,true,D5_factory_1F_bf (43),0,62292 (0xF354),1128 (0x468),18 (0x12),None (0),None (0),5000,P1 (1),DeckData_Story.bin (1),158,AI (0),None (0),0,AI (0),None (0),0,AI (0)
Battle - 361,Story Battle (2),1,Double (2),6,true,D5_factory_1F_bf (43),0,62292 (0xF354),1128 (0x468),18 (0x12),None (0),None (0),5000,P1 (1),DeckData_Story.bin (1),159,AI (0),None (0),0,AI (0),None (0),0,AI (0)
Battle - 362,Story Battle (2),1,Double (2),6,true,D5_factory_1F_bf (43),0,62292 (0xF354),1128 (0x468),18 (0x12),None (0),None (0),5000,P1 (1),DeckData_Story.bin (1),160,AI (0),None (0),0,AI (0),None (0),0,AI (0)
Battle - 363,Story Battle (2),1,Double (2),6,true,D5_factory_top_bf (44),0,62293 (0xF355),1128 (0x468),18 (0x12),None (0),None (0),5000,P1 (1),DeckData_Story.bin (1),161,AI (0),None (0),0,AI (0),None (0),0,AI (0)
Battle - 364,Story Battle (2),1,Double (2),6,true,D5_factory_top_bf (44),0,62293 (0xF355),1128 (0x468),18 (0x12),None (0),None (0),5000,P1 (1),DeckData_Story.bin (1),162,AI (0),None (0),0,AI (0),None (0),0,AI (0)
Battle - 365,Story Battle (2),1,Double (2),6,true,D5_factory_top_bf (44),0,62293 (0xF355),1128 (0x468),18 (0x12),None (0),None (0),5000,P1 (1),DeckData_Story.bin (1),163,AI (0),None (0),0,AI (0),None (0),0,AI (0)
Battle - 366,Story Battle (2),1,Double (2),6,true,D5_factory_top_bf (44),0,62293 (0xF355),1128 (0x468),18 (0x12),None (0),None (0),5000,P1 (1),DeckData_Story.bin (1),164,AI (0),None (0),0,AI (0),None (0),0,AI (0)
Battle - 367,Story Battle (2),1,Double (2),6,true,D5_factory_hat_bf (63),0,62293 (0xF355),1407 (0x57F),16 (0x10),None (0),None (0),5000,P1 (1),DeckData_Story.bin (1),165,AI (0),None (0),0,AI (0),None (0),0,AI (0)
Battle - 368,Story Battle (2),1,Double (2),6,true,S3_out_bf (56),0,62297 (0xF359),1127 (0x467),9 (0x9),None (0),None (0),5000,P1 (1),DeckData_Story.bin (1),166,AI (0),None (0),0,AI (0),None (0),0,AI (0)
Battle - 369,Story Battle (2),1,Double (2),6,true,S3_out_bf (56),0,62297 (0xF359),1127 (0x467),9 (0x9),None (0),None (0),5000,P1 (1),DeckData_Story.bin (1),167,AI (0),None (0),0,AI (0),None (0),0,AI (0)
Battle - 370,Story Battle (2),1,Double (2),6,true,D6_out_foot_bf (50),0,62245 (0xF325),1128 (0x468),18 (0x12),None (0),None (0),5000,P1 (1),DeckData_Story.bin (1),168,AI (0),None (0),0,AI (0),None (0),0,AI (0)
Battle - 371,Story Battle (2),1,Double (2),6,true,D6_fort_1F_bf (48),0,62306 (0xF362),1128 (0x468),18 (0x12),None (0),None (0),5000,P1 (1),DeckData_Story.bin (1),169,AI (0),None (0),0,AI (0),None (0),0,AI (0)
Battle - 372,Story Battle (2),1,Double (2),6,true,D6_fort_1F_bf (48),0,62306 (0xF362),1127 (0x467),9 (0x9),None (0),None (0),5000,P1 (1),DeckData_Story.bin (1),170,AI (0),None (0),0,AI (0),None (0),0,AI (0)
Battle - 373,Story Battle (2),1,Double (2),6,true,D6_fort_1F_bf (48),0,62306 (0xF362),1127 (0x467),9 (0x9),None (0),None (0),5000,P1 (1),DeckData_Story.bin (1),171,AI (0),None (0),0,AI (0),None (0),0,AI (0)
Battle - 374,Story Battle (2),1,Double (2),6,true,D6_fort_1F_bf (48),0,62306 (0xF362),1127 (0x467),9 (0x9),None (0),None (0),5000,P1 (1),DeckData_Story.bin (1),172,AI (0),None (0),0,AI (0),None (0),0,AI (0)
Battle - 375,Story Battle (2),1,Double (2),6,true,D6_fort_1F_bf (48),0,62306 (0xF362),1407 (0x57F),16 (0x10),None (0),None (0),5000,P1 (1),DeckData_Story.bin (1),173,AI (0),None (0),0,AI (0),None (0),0,AI (0)
Battle - 376,Story Battle (2),1,Double (2),6,true,D6_fort_1F_bf (48),0,62315 (0xF36B),1128 (0x468),18 (0x12),None (0),None (0),5000,P1 (1),DeckData_Story.bin (1),174,AI (0),None (0),0,AI (0),None (0),0,AI (0)
Battle - 377,Story Battle (2),1,Double (2),6,true,D6_fort_1F_bf (48),0,62315 (0xF36B),1128 (0x468),18 (0x12),None (0),None (0),5000,P1 (1),DeckData_Story.bin (1),175,AI (0),None (0),0,AI (0),None (0),0,AI (0)
Battle - 378,Story Battle (2),1,Double (2),6,true,D6_fort_1F_bf (48),0,62315 (0xF36B),1128 (0x468),18 (0x12),None (0),None (0),5000,P1 (1),DeckData_Story.bin (1),176,AI (0),None (0),0,AI (0),None (0),0,AI (0)
Battle - 379,Story Battle (2),1,Double (2),6,true,D6_dome_B1_bf (47),0,62307 (0xF363),1128 (0x468),18 (0x12),None (0),None (0),5000,P1 (1),DeckData_Story.bin (1),177,AI (0),None (0),0,AI (0),None (0),0,AI (0)
Battle - 380,Story Battle (2),1,Double (2),6,true,D6_fort_1F_bf (48),0,62309 (0xF365),1128 (0x468),18 (0x12),None (0),None (0),5000,P1 (1),DeckData_Story.bin (1),178,AI (0),None (0),0,AI (0),None (0),0,AI (0)
Battle - 381,Story Battle (2),1,Double (2),6,true,D6_dome_B1_bf (47),0,62310 (0xF366),1127 (0x467),9 (0x9),None (0),None (0),5000,P1 (1),DeckData_Story.bin (1),179,AI (0),None (0),0,AI (0),None (0),0,AI (0)
Battle - 382,Story Battle (2),1,Double (2),6,true,D6_dome_B1_bf (47),0,62310 (0xF366),1127 (0x467),9 (0x9),None (0),None (0),5000,P1 (1),DeckData_Story.bin (1),180,AI (0),None (0),0,AI (0),None (0),0,AI (0)
Battle - 383,Story Battle (2),1,Double (2),6,true,D6_dome_B1_bf (47),0,62310 (0xF366),1127 (0x467),9 (0x9),None (0),None (0),5000,P1 (1),DeckData_Story.bin (1),181,AI (0),None (0),0,AI (0),None (0),0,AI (0)
Battle - 384,Story Battle (2),1,Double (2),6,true,D6_dome_B1_bf (47),0,62310 (0xF366),1128 (0x468),18 (0x12),None (0),None (0),5000,P1 (1),DeckData_Story.bin (1),182,AI (0),None (0),0,AI (0),None (0),0,AI (0)
Battle - 385,Story Battle (2),1,Double (2),6,true,D6_dome_B1_bf (47),0,62310 (0xF366),1128 (0x468),18 (0x12),None (0),None (0),5000,P1 (1),DeckData_Story.bin (1),183,AI (0),None (0),0,AI (0),None (0),0,AI (0)
Battle - 386,Story Battle (2),1,Double (2),6,true,D6_dome_B1_bf (47),0,62310 (0xF366),1128 (0x468),18 (0x12),None (0),None (0),5000,P1 (1),DeckData_Story.bin (1),184,AI (0),None (0),0,AI (0),None (0),0,AI (0)
Battle - 387,Story Battle (2),1,Double (2),6,true,D6_dome_B1_bf (47),0,62311 (0xF367),1128 (0x468),18 (0x12),None (0),None (0),5000,P1 (1),DeckData_Story.bin (1),185,AI (0),None (0),0,AI (0),None (0),0,AI (0)
Battle - 388,Story Battle (2),1,Double (2),6,true,D6_dome_B1_bf (47),0,62311 (0xF367),1128 (0x468),18 (0x12),None (0),None (0),5000,P1 (1),DeckData_Story.bin (1),186,AI (0),None (0),0,AI (0),None (0),0,AI (0)
Battle - 389,Story Battle (2),1,Double (2),6,true,D6_dome_B1_bf (47),0,62312 (0xF368),1128 (0x468),18 (0x12),None (0),None (0),5000,P1 (1),DeckData_Story.bin (1),187,AI (0),None (0),0,AI (0),None (0),0,AI (0)
Battle - 390,Story Battle (2),1,Double (2),6,true,D6_dome_B1_bf (47),0,62312 (0xF368),1128 (0x468),18 (0x12),None (0),None (0),5000,P1 (1),DeckData_Story.bin (1),188,AI (0),None (0),0,AI (0),None (0),0,AI (0)
Battle - 391,Story Battle (2),1,Double (2),6,true,D6_fort_1F_bf (48),0,62314 (0xF36A),1128 (0x468),18 (0x12),None (0),None (0),5000,P1 (1),DeckData_Story.bin (1),189,AI (0),None (0),0,AI (0),None (0),0,AI (0)
Battle - 392,Story Battle (2),1,Double (2),6,true,D6_fort_1F_bf (48),0,62314 (0xF36A),1128 (0x468),18 (0x12),None (0),None (0),5000,P1 (1),DeckData_Story.bin (1),190,AI (0),None (0),0,AI (0),None (0),0,AI (0)
Battle - 393,Story Battle (2),1,Double (2),6,true,D6_out_dome_bf (49),0,62245 (0xF325),1407 (0x57F),16 (0x10),None (0),None (0),5000,P1 (1),DeckData_Story.bin (1),191,AI (0),None (0),0,AI (0),None (0),0,AI (0)
Battle - 394,Story Battle (2),1,Double (2),6,true,D6_out_foot_bf (50),0,62245 (0xF325),1128 (0x468),18 (0x12),None (0),None (0),5000,P1 (1),DeckData_Story.bin (1),192,AI (0),None (0),0,AI (0),None (0),0,AI (0)
Battle - 395,Story Battle (2),1,Double (2),6,true,D6_out_dome_bf (49),0,62245 (0xF325),1407 (0x57F),16 (0x10),None (0),None (0),5000,P1 (1),DeckData_Story.bin (1),193,AI (0),None (0),0,AI (0),None (0),0,AI (0)
Battle - 396,Story Battle (2),1,Double (2),6,true,D6_out_dome_bf (49),0,62245 (0xF325),1407 (0x57F),16 (0x10),None (0),None (0),5000,P1 (1),DeckData_Story.bin (1),194,AI (0),None (0),0,AI (0),None (0),0,AI (0)
Battle - 397,Story Battle (2),1,Double (2),6,true,D6_fort_1F_bf (48),0,62317 (0xF36D),1128 (0x468),18 (0x12),None (0),None (0),5000,P1 (1),DeckData_Story.bin (1),195,AI (0),None (0),0,AI (0),None (0),0,AI (0)
Battle - 398,Story Battle (2),1,Double (2),6,true,D6_fort_1F_bf (48),0,62316 (0xF36C),1407 (0x57F),16 (0x10),None (0),None (0),5000,P1 (1),DeckData_Story.bin (1),196,AI (0),None (0),0,AI (0),None (0),0,AI (0)
Battle - 399,Story Battle (2),1,Double (2),6,true,D6_fort_1F_bf (48),0,62316 (0xF36C),1128 (0x468),18 (0x12),None (0),None (0),5000,P1 (1),DeckData_Story.bin (1),197,AI (0),None (0),0,AI (0),None (0),0,AI (0)
Battle - 400,Story Battle (2),1,Double (2),6,true,D6_fort_1F_bf (48),0,62316 (0xF36C),1128 (0x468),18 (0x12),None (0),None (0),5000,P1 (1),DeckData_Story.bin (1),198,AI (0),None (0),0,AI (0),None (0),0,AI (0)
Battle - 401,Story Battle (2),1,Double (2),6,true,D6_dome_2F_bf (46),0,62318 (0xF36E),1252 (0x4E4),16 (0x10),None (0),None (0),5000,P1 (1),DeckData_Story.bin (1),199,AI (0),None (0),0,AI (0),None (0),0,AI (0)
Battle - 402,Story Battle (2),1,Double (2),6,true,D6_dome_2F_bf (46),0,62318 (0xF36E),1251 (0x4E3),16 (0x10),None (0),None (0),5000,P1 (1),DeckData_Story.bin (1),200,AI (0),None (0),0,AI (0),None (0),0,AI (0)
Battle - 403,Story Battle (2),1,Double (2),6,true,M6_out_bf (54),0,62261 (0xF335),1127 (0x467),9 (0x9),None (0),None (0),5000,P1 (1),DeckData_Story.bin (1),202,AI (0),None (0),0,AI (0),None (0),0,AI (0)
Battle - 404,Story Battle (2),1,Double (2),6,true,D1_out_bf (17),0,60192 (0xEB20),1128 (0x468),18 (0x12),None (0),None (0),5000,P1 (1),DeckData_Story.bin (1),203,AI (0),None (0),0,AI (0),None (0),0,AI (0)
Battle - 405,Story Battle (2),1,Double (2),6,true,D1_out_bf (17),0,60192 (0xEB20),1128 (0x468),18 (0x12),None (0),None (0),5000,P1 (1),DeckData_Story.bin (1),204,AI (0),None (0),0,AI (0),None (0),0,AI (0)
Battle - 406,Story Battle (2),1,Double (2),6,true,D1_out_bf (17),0,60192 (0xEB20),1128 (0x468),18 (0x12),None (0),None (0),5000,P1 (1),DeckData_Story.bin (1),205,AI (0),None (0),0,AI (0),None (0),0,AI (0)
Battle - 407,Story Battle (2),1,Double (2),6,true,D1_out_bf (17),0,60192 (0xEB20),1128 (0x468),18 (0x12),None (0),None (0),5000,P1 (1),DeckData_Story.bin (1),206,AI (0),None (0),0,AI (0),None (0),0,AI (0)
Battle - 408,Story Battle (2),1,Double (2),6,true,D1_out_bf (17),0,60192 (0xEB20),1128 (0x468),18 (0x12),None (0),None (0),5000,P1 (1),DeckData_Story.bin (1),207,AI (0),None (0),0,AI (0),None (0),0,AI (0)
Battle - 409,Story Battle (2),1,Double (2),6,true,D1_out_bf (17),0,60192 (0xEB20),1128 (0x468),18 (0x12),None (0),None (0),5000,P1 (1),DeckData_Story.bin (1),208,AI (0),None (0),0,AI (0),None (0),0,AI (0)
Battle - 410,Wild Pokémon (12),0,Single (1),6,true,D3_ship_deck_bf (42),0,63212 (0xF6EC),1252 (0x4E4),6 (0x6),None (0),None (0),5000,P1 (1),DeckData_Sample.bin (7),7,AI (0),None (0),0,AI (0),None (0),0,AI (0)
Battle - 411,Wild Pokémon (12),0,Single (1),6,true,M1_out_bf (7),0,63212 (0xF6EC),1252 (0x4E4),6 (0x6),None (0),None (0),5000,P1 (1),DeckData_Sample.bin (7),7,AI (0),None (0),0,AI (0),None (0),0,AI (0)
Battle - 412,Wild Pokémon (12),0,Single (1),6,true,D5_out_bf (45),0,63212 (0xF6EC),1252 (0x4E4),6 (0x6),None (0),None (0),5000,P1 (1),DeckData_Sample.bin (7),7,AI (0),None (0),0,AI (0),None (0),0,AI (0)
Battle - 413,Wild Pokémon (12),0,Single (1),6,true,M1_water_colo (30),0,63212 (0xF6EC),1252 (0x4E4),6 (0x6),None (0),None (0),5000,P1 (1),DeckData_Sample.bin (7),7,AI (0),None (0),0,AI (0),None (0),0,AI (0)
Battle - 414,Wild Pokémon (12),0,Single (1),6,true,D6_dome_B1_bf (47),0,63212 (0xF6EC),1252 (0x4E4),6 (0x6),None (0),None (0),5000,P1 (1),DeckData_Sample.bin (7),7,AI (0),None (0),0,AI (0),None (0),0,AI (0)
Battle - 415,Wild Pokémon (12),0,Single (1),6,true,D5_factory_top_bf (44),0,63212 (0xF6EC),1252 (0x4E4),6 (0x6),None (0),None (0),5000,P1 (1),DeckData_Sample.bin (7),7,AI (0),None (0),0,AI (0),None (0),0,AI (0)
Battle - 416,Story Battle (2),1,Double (2),6,true,M2_out_bf (10),0,60799 (0xED7F),1127 (0x467),9 (0x9),None (0),None (0),5000,P1 (1),DeckData_Story.bin (1),215,AI (0),None (0),0,AI (0),None (0),0,AI (0)
Battle - 417,Story Battle (2),1,Double (2),6,true,M2_out_bf (10),0,60189 (0xEB1D),1127 (0x467),9 (0x9),None (0),None (0),5000,P1 (1),DeckData_Story.bin (1),216,AI (0),None (0),0,AI (0),None (0),0,AI (0)
Battle - 418,Story Battle (2),1,Double (2),6,true,M2_out_bf (10),0,60189 (0xEB1D),1127 (0x467),9 (0x9),None (0),None (0),5000,P1 (1),DeckData_Story.bin (1),217,AI (0),None (0),0,AI (0),None (0),0,AI (0)
Battle - 419,Story Battle (2),1,Double (2),6,true,M2_out_bf (10),0,60189 (0xEB1D),1127 (0x467),9 (0x9),None (0),None (0),5000,P1 (1),DeckData_Story.bin (1),218,AI (0),None (0),0,AI (0),None (0),0,AI (0)
Battle - 420,Story Battle (2),1,Double (2),6,true,M2_out_bf (10),0,60189 (0xEB1D),1127 (0x467),9 (0x9),None (0),None (0),5000,P1 (1),DeckData_Story.bin (1),219,AI (0),None (0),0,AI (0),None (0),0,AI (0)
Battle - 421,Story Battle (2),1,Double (2),6,true,M2_out_bf (10),0,60189 (0xEB1D),1127 (0x467),9 (0x9),None (0),None (0),5000,P1 (1),DeckData_Story.bin (1),220,AI (0),None (0),0,AI (0),None (0),0,AI (0)
Battle - 422,Story Battle (2),1,Double (2),6,true,M6_tower_top_bf (55),0,60867 (0xEDC3),1390 (0x56E),16 (0x10),None (0),None (0),5000,P1 (1),DeckData_Story.bin (1),221,AI (0),None (0),0,AI (0),None (0),0,AI (0)
Battle - 423,Miror B. Pokespot (16),1,Double (2),6,true,D6_dome_2F_bf (46),0,62826 (0xF56A),1390 (0x56E),16 (0x10),None (0),None (0),5000,P1 (1),DeckData_Story.bin (1),2,AI (0),None (0),0,AI (0),None (0),0,AI (0)
Battle - 424,Story Battle (2),1,Double (2),6,true,M5_out_bf (53),0,62261 (0xF335),1127 (0x467),9 (0x9),None (0),None (0),5000,P1 (1),DeckData_Story.bin (1),222,AI (0),None (0),0,AI (0),None (0),0,AI (0)
Battle - 425,Story Battle (2),1,Double (2),6,true,D6_dome_2F_bf (46),0,62318 (0xF36E),1251 (0x4E3),16 (0x10),None (0),None (0),5000,P1 (1),DeckData_Story.bin (1),201,AI (0),None (0),0,AI (0),None (0),0,AI (0)
Battle - 426,Story Battle (2),1,Double (2),6,true,M6_out_bf (54),0,62261 (0xF335),1127 (0x467),9 (0x9),None (0),None (0),5000,P1 (1),DeckData_Story.bin (1),71,AI (0),None (0),0,AI (0),None (0),0,AI (0)
Battle - 427,Story Battle (2),1,Double (2),6,true,M3_out_bf (14),0,60190 (0xEB1E),1127 (0x467),9 (0x9),None (0),None (0),5000,P1 (1),DeckData_Story.bin (1),80,AI (0),None (0),0,AI (0),None (0),0,AI (0)
Battle - 428,Story Battle (2),1,Double (2),6,true,M3_out_bf (14),0,60190 (0xEB1E),1127 (0x467),9 (0x9),None (0),None (0),5000,P1 (1),DeckData_Story.bin (1),81,AI (0),None (0),0,AI (0),None (0),0,AI (0)
Battle - 429,Story Battle (2),1,Double (2),6,true,M3_out_bf (14),0,60190 (0xEB1E),1127 (0x467),9 (0x9),None (0),None (0),5000,P1 (1),DeckData_Story.bin (1),82,AI (0),None (0),0,AI (0),None (0),0,AI (0)
Battle - 430,Story Battle (2),1,Double (2),6,true,M3_out_bf (14),0,60190 (0xEB1E),1127 (0x467),9 (0x9),None (0),None (0),5000,P1 (1),DeckData_Story.bin (1),83,AI (0),None (0),0,AI (0),None (0),0,AI (0)
Battle - 431,Story Battle (2),1,Double (2),6,true,M5_out_bf (53),0,62250 (0xF32A),1127 (0x467),9 (0x9),None (0),None (0),5000,P1 (1),DeckData_Story.bin (1),223,AI (0),None (0),0,AI (0),None (0),0,AI (0)
Battle - 432,Story Battle (2),1,Double (2),6,true,M1_out_bf (7),0,60187 (0xEB1B),1127 (0x467),9 (0x9),None (0),None (0),5000,P1 (1),DeckData_Story.bin (1),224,AI (0),None (0),0,AI (0),None (0),0,AI (0)
Battle - 433,Story Battle (2),2,Single (1),6,true,D5_out_bf (45),0,61204 (0xEF14),1407 (0x57F),16 (0x10),None (0),None (0),5000,P1 (1),DeckData_Story.bin (1),225,AI (0),DeckData_Story.bin (1),209,AI (0),DeckData_Story.bin (1),210,AI (0)
Battle - 434,Story Battle (2),1,Double (2),6,true,S1_out_bf (5),0,60714 (0xED2A),1410 (0x582),9 (0x9),None (0),None (0),5000,P1 (1),DeckData_Story.bin (1),226,AI (0),None (0),0,AI (0),None (0),0,AI (0)
Battle - 435,Story Battle (2),1,Double (2),6,true,M3_out_bf (14),0,60190 (0xEB1E),1127 (0x467),9 (0x9),None (0),None (0),5000,P1 (1),DeckData_Story.bin (1),227,AI (0),None (0),0,AI (0),None (0),0,AI (0)
Battle - 436,Story Battle (2),1,Double (2),6,true,M3_out_bf (14),0,60190 (0xEB1E),1127 (0x467),9 (0x9),None (0),None (0),5000,P1 (1),DeckData_Story.bin (1),228,AI (0),None (0),0,AI (0),None (0),0,AI (0)
Battle - 437,Story Battle (2),1,Double (2),6,true,M3_out_bf (14),0,60190 (0xEB1E),1127 (0x467),9 (0x9),None (0),None (0),5000,P1 (1),DeckData_Story.bin (1),229,AI (0),None (0),0,AI (0),None (0),0,AI (0)
Battle - 438,Story Battle (2),1,Double (2),6,true,M3_out_bf (14),0,60190 (0xEB1E),1127 (0x467),9 (0x9),None (0),None (0),5000,P1 (1),DeckData_Story.bin (1),230,AI (0),None (0),0,AI (0),None (0),0,AI (0)
Battle - 439,Story Battle (2),1,Double (2),6,true,M3_out_bf (14),0,60190 (0xEB1E),1127 (0x467),9 (0x9),None (0),None (0),5000,P1 (1),DeckData_Story.bin (1),231,AI (0),None (0),0,AI (0),None (0),0,AI (0)
Battle - 440,Story Battle (2),1,Double (2),6,true,M2_out_bf (10),0,60189 (0xEB1D),1127 (0x467),9 (0x9),None (0),None (0),5000,P1 (1),DeckData_Story.bin (1),232,AI (0),None (0),0,AI (0),None (0),0,AI (0)
Battle - 441,Story Battle (2),1,Double (2),6,true,D5_out_bf (45),0,62291 (0xF353),1128 (0x468),18 (0x12),None (0),None (0),5000,P1 (1),DeckData_Story.bin (1),147,AI (0),None (0),0,AI (0),None (0),0,AI (0)
