Entry Name,Species,Level,Happiness,Item,AI Role,Is Key Strategic Pokemon,IVs HP,IVs Attack,IVs Defense,IVs Sp.Atk,IVs Sp.Def,IVs Speed,EVs HP,EVs Attack,EVs Defense,EVs Sp.Atk,EVs Sp.Def,EVs Speed,Moves 1,Moves 2,Moves 3,Moves 4,Shininess,Use species second ability,Gender,Nature,Can Fill Combo A Role 1,Can Fill Combo A Role 2,Can Fill Combo B Role 1,Can Fill Combo B Role 2
None - 0,None (0),0,0,None (0),なし  (0),0,0,0,0,0,0,0,0,0,0,0,0,0,None (0),None (0),None (0),None (0),Never (0x0),FALSE,Male (0),Hardy (0),FALSE,FALSE,FALSE,FALSE
Ludicolo - 1,Ludicolo (297),25,0,None (0),フリー  (1),0,0,0,0,0,0,0,0,0,0,0,0,0,Leech Seed (73),Mega Drain (72),Water Pulse (352),Rain Dance (240),Never (0x0),FALSE,Genderless (2),Hardy (0),FALSE,FALSE,FALSE,FALSE
Makuhita - 2,Makuhita (335),25,0,None (0),フリー  (1),0,0,0,0,0,0,0,0,0,0,0,0,0,Bulk Up (339),Heart Stamp (170),Feint (338),Power-Up Punch (130),Never (0x0),FALSE,Male (0),Hardy (0),FALSE,FALSE,FALSE,FALSE
Spearow - 3,Spearow (21),25,0,None (0),フリー  (1),0,0,0,0,0,0,0,0,0,0,0,0,0,Rock Throw (88),Metal Claw (232),Mud-Slap (189),Featherdance (297),Never (0x0),FALSE,Female (1),Hardy (0),FALSE,FALSE,FALSE,FALSE
Venusaur - 4,Venusaur (3),60,0,None (0),フリー  (1),0,0,0,0,0,0,0,0,0,0,0,0,0,Sludge Bomb (188),Sludge Wave (308),Toxic (92),Sludge (124),Never (0x0),FALSE,Male (0),Hardy (0),FALSE,FALSE,FALSE,FALSE
Marill - 5,Marill (183),25,0,None (0),フリー  (1),0,0,0,0,0,0,0,0,0,0,0,0,0,Sing (47),Feint Attack (185),Perish Song (195),Ice Shard (96),Never (0x0),FALSE,Male (0),Hardy (0),FALSE,FALSE,FALSE,FALSE
Bellsprout - 6,Bellsprout (69),25,0,None (0),フリー  (1),0,0,0,0,0,0,0,0,0,0,0,0,0,Razor Leaf (75),Sludge (124),Leech Seed (73),Sleep Powder (79),Never (0x0),FALSE,Male (0),Hardy (0),FALSE,FALSE,FALSE,FALSE
Umbreon - 7,Umbreon (197),60,0,None (0),フリー  (1),0,0,0,0,0,0,0,0,0,0,0,0,0,Foul Play (151),Iron Tail (231),Psychic Fangs (135),Play Rough (70),Never (0x0),FALSE,Female (1),Hardy (0),FALSE,FALSE,FALSE,FALSE
Meganium - 8,Meganium (154),60,0,None (0),フリー  (1),0,0,0,0,0,0,0,0,0,0,0,0,0,Heat Wave (257),Leaf Storm (121),Dazzling Gleam (169),Solarbeam (76),Never (0x0),FALSE,Male (0),Hardy (0),FALSE,FALSE,FALSE,FALSE
Sceptile - 9,Sceptile (279),60,0,None (0),フリー  (1),0,0,0,0,0,0,0,0,0,0,0,0,0,Wood Hammer (150),Outrage (200),Cross Chop (238),Dragon Hammer (90),Never (0x0),FALSE,Female (1),Hardy (0),FALSE,FALSE,FALSE,FALSE
Electrode - 10,Electrode (101),60,0,None (0),フリー  (1),0,0,0,0,0,0,0,0,0,0,0,0,0,Zap Cannon (192),Explosion (153),Earth Power (11),Dark Pulse (66),Never (0x0),FALSE,Genderless (2),Hardy (0),FALSE,FALSE,FALSE,FALSE
Ludicolo - 11,Ludicolo (297),25,0,None (0),フリー  (1),0,0,0,0,0,0,0,0,0,0,0,0,0,Leech Seed (73),Mega Drain (72),Water Pulse (352),Rain Dance (240),Never (0x0),FALSE,Female (1),Hardy (0),FALSE,FALSE,FALSE,FALSE
Sunflora - 12,Sunflora (192),60,0,None (0),フリー  (1),0,0,0,0,0,0,0,0,0,0,0,0,0,Solarbeam (76),Overheat (315),Power Whip (313),Calm Mind (129),Never (0x0),FALSE,Male (0),Hardy (0),FALSE,FALSE,FALSE,FALSE
Jumpluff - 13,Jumpluff (189),60,0,None (0),フリー  (1),0,0,0,0,0,0,0,0,0,0,0,0,0,Hurricane (239),Spikes (191),Solarbeam (76),Lovely Kiss (142),Never (0x0),FALSE,Female (1),Hardy (0),FALSE,FALSE,FALSE,FALSE
Nidoqueen - 14,Nidoqueen (31),60,0,None (0),フリー  (1),0,0,0,0,0,0,0,0,0,0,0,0,0,Meteor Mash (309),Gunk Shot (148),Blaze Kick (299),Play Rough (70),Never (0x0),FALSE,Female (1),Hardy (0),FALSE,FALSE,FALSE,FALSE
Blissey - 15,Blissey (242),60,0,None (0),フリー  (1),0,0,0,0,0,0,0,0,0,0,0,0,0,Counter (68),Recover (105),Sucker Punch (21),Seismic Toss (69),Never (0x0),FALSE,Female (1),Hardy (0),FALSE,FALSE,FALSE,FALSE
Hariyama - 16,Hariyama (336),45,0,None (0),フリー  (1),0,0,0,0,0,0,0,0,0,0,0,0,0,Meteor Mash (309),Thunder Punch (9),Facade (263),Play Rough (70),Never (0x0),TRUE,Female (1),Hardy (0),FALSE,FALSE,FALSE,FALSE
Fearow - 17,Fearow (22),45,0,None (0),フリー  (1),0,0,0,0,0,0,0,0,0,0,0,0,0,Rock Slide (157),Steel Wing (211),Stomping Tantrum (175),Drill Peck (65),Never (0x0),FALSE,Genderless (2),Hardy (0),FALSE,FALSE,FALSE,FALSE
Wigglytuff - 18,Wigglytuff (40),60,0,None (0),状態変化優先  (73),0,0,0,0,0,0,0,0,0,0,0,0,0,Dazzling Gleam (169),Aura Sphere (4),Reflect (115),Moonlight (236),Never (0x0),FALSE,Female (1),Hardy (0),FALSE,FALSE,FALSE,FALSE
Azumarill - 19,Azumarill (184),45,0,None (0),フリー  (1),0,0,0,0,0,0,0,0,0,0,0,0,0,Aqua Tail (49),Play Rough (70),Ice Punch (8),Zen Headbutt (5),Never (0x0),FALSE,Female (1),Hardy (0),FALSE,FALSE,FALSE,FALSE
Victreebel - 20,Victreebel (71),45,0,None (0),状態変化優先  (73),0,0,0,0,0,0,0,0,0,0,0,0,0,Poison Jab (15),Brick Break (280),Night Slash (168),X-Scissor (36),Never (0x0),FALSE,Male (0),Hardy (0),FALSE,FALSE,FALSE,FALSE
Ludicolo - 21,Ludicolo (297),45,0,None (0),フリー  (1),0,0,0,0,0,0,0,0,0,0,0,0,0,Signal Beam (324),Swagger (207),Calm Mind (129),Giga Drain (202),Never (0x0),FALSE,Male (0),Hardy (0),FALSE,FALSE,FALSE,FALSE
Exploud - 22,Exploud (372),60,0,None (0),フリー  (1),0,0,0,0,0,0,0,0,0,0,0,0,0,Gunk Shot (148),Head Smash (131),Boomburst (253),Ice Hammer (249),Never (0x0),FALSE,Female (1),Hardy (0),FALSE,FALSE,FALSE,FALSE
Ursaring - 23,Ursaring (217),45,0,None (0),状態変化優先  (73),0,0,0,0,0,0,0,0,0,0,0,0,0,Stomping Tantrum (175),Crunch (242),Shadow Claw (139),Brick Break (280),Never (0x0),FALSE,Male (0),Hardy (0),FALSE,FALSE,FALSE,FALSE
Tropius - 24,Tropius (369),60,0,None (0),状態変化優先  (73),0,0,0,0,0,0,0,0,0,0,0,0,0,Leaf Storm (121),Dragon Ascent (316),Hurricane (239),Tailwind (219),Never (0x0),FALSE,Female (1),Hardy (0),FALSE,FALSE,FALSE,FALSE
Ludicolo - 25,Ludicolo (297),45,0,None (0),フリー  (1),0,0,0,0,0,0,0,0,0,0,0,0,0,Signal Beam (324),Swagger (207),Calm Mind (129),Giga Drain (202),Never (0x0),FALSE,Male (0),Hardy (0),FALSE,FALSE,FALSE,FALSE
Snorlax - 26,Snorlax (143),60,0,None (0),状態変化優先  (73),0,0,0,0,0,0,0,0,0,0,0,0,0,Zen Headbutt (5),Iron Head (19),Rest (156),Belly Drum (187),Never (0x0),FALSE,Female (1),Hardy (0),FALSE,FALSE,FALSE,FALSE
Ninetales - 27,Ninetales (38),60,0,None (0),フリー  (1),0,0,0,0,0,0,0,0,0,0,0,0,0,Solarbeam (76),Overheat (315),Energy Ball (91),Earth Power (11),Never (0x0),FALSE,Female (1),Hardy (0),FALSE,FALSE,FALSE,FALSE
Ludicolo - 28,Ludicolo (297),45,0,None (0),状態変化優先  (73),0,0,0,0,0,0,0,0,0,0,0,0,0,Rain Dance (240),Scald (17),Grass Knot (13),Fake Out (252),Never (0x0),TRUE,Female (1),Hardy (0),FALSE,FALSE,FALSE,FALSE
Growlithe - 29,Growlithe (58),25,0,None (0),フリー  (1),0,0,0,0,0,0,0,0,0,0,0,0,0,Ice Fang (282),Sunny Day (241),Flame Charge (77),Poison Fang (305),Never (0x0),FALSE,Genderless (2),Hardy (0),FALSE,FALSE,FALSE,FALSE
Sneasel - 30,Sneasel (215),25,0,None (0),フリー  (1),0,0,0,0,0,0,0,0,0,0,0,0,0,Hone Claws (12),Ice Punch (8),Shadow Claw (139),Night Slash (168),Never (0x0),FALSE,Male (0),Hardy (0),FALSE,FALSE,FALSE,FALSE
Diglett - 31,Diglett (50),25,0,None (0),フリー  (1),0,0,0,0,0,0,0,0,0,0,0,0,0,Bullet Punch (1),Bulldoze (222),Spikes (191),Revenge (279),Never (0x0),FALSE,Male (0),Hardy (0),FALSE,FALSE,FALSE,FALSE
Cradily - 32,Cradily (389),60,0,None (0),フリー  (1),0,0,0,0,0,0,0,0,0,0,0,0,0,Leech Seed (73),Seed Bomb (106),Rock Slide (157),Leech Life (81),Never (0x0),FALSE,Female (1),Hardy (0),FALSE,FALSE,FALSE,FALSE
Nidorina - 33,Nidorina (30),25,0,None (0),フリー  (1),0,0,0,0,0,0,0,0,0,0,0,0,0,Bite (44),Bulldoze (222),Force Palm (158),Heart Stamp (170),Never (0x0),FALSE,Female (1),Hardy (0),FALSE,FALSE,FALSE,FALSE
Mankey - 34,Mankey (56),25,0,None (0),フリー  (1),0,0,0,0,0,0,0,0,0,0,0,0,0,Low Sweep (27),Mach Punch (183),Fire Punch (7),Fake Out (252),Never (0x0),FALSE,Female (1),Hardy (0),FALSE,FALSE,FALSE,FALSE
Psyduck - 35,Psyduck (54),25,0,None (0),フリー  (1),0,0,0,0,0,0,0,0,0,0,0,0,0,Metal Claw (232),Yawn (281),Water Gun (55),Confusion (93),Never (0x0),FALSE,Male (0),Hardy (0),FALSE,FALSE,FALSE,FALSE
Nidorino - 36,Nidorino (33),25,0,None (0),サポーター  (3),0,0,0,0,0,0,0,0,0,0,0,0,0,Bite (44),Bone Club (10),Force Palm (158),Heart Stamp (170),Never (0x0),FALSE,Male (0),Hardy (0),FALSE,FALSE,FALSE,FALSE
Ponyta - 37,Ponyta (77),25,0,None (0),サポーター  (3),0,0,0,0,0,0,0,0,0,0,0,0,0,Flame Charge (77),Sunny Day (241),Mud-Slap (189),Low Kick (67),Never (0x0),FALSE,Female (1),Hardy (0),FALSE,FALSE,FALSE,FALSE
Murkrow - 38,Murkrow (198),25,0,None (0),サポーター  (3),0,0,0,0,0,0,0,0,0,0,0,0,0,Feint Attack (185),Pursuit (228),Shadow Sneak (41),Roost (117),Never (0x0),FALSE,Female (1),Hardy (0),FALSE,FALSE,FALSE,FALSE
Starmie - 39,Starmie (121),60,0,None (0),サポーター  (3),0,0,0,0,0,0,0,0,0,0,0,0,0,Hydro Pump (56),Psycho Boost (354),Calm Mind (129),Psystrike (218),Never (0x0),TRUE,Genderless (2),Hardy (0),FALSE,FALSE,FALSE,FALSE
Magnemite - 40,Magnemite (81),25,0,None (0),フリー  (1),0,0,0,0,0,0,0,0,0,0,0,0,0,Spark (209),Metal Sound (319),Thunder Shock (84),Iron Defense (334),Never (0x0),FALSE,Genderless (2),Hardy (0),FALSE,FALSE,FALSE,FALSE
Linoone - 41,Linoone (289),25,0,None (0),フリー  (1),0,0,0,0,0,0,0,0,0,0,0,0,0,Slash (163),Swords Dance (14),Swagger (207),Yawn (281),Never (0x0),FALSE,Female (1),Hardy (0),FALSE,FALSE,FALSE,FALSE
Dewgong - 42,Dewgong (87),25,0,None (0),フリー  (1),0,0,0,0,0,0,0,0,0,0,0,0,0,Headbutt (29),Growl (45),Icy Wind (196),Aurora Beam (62),Never (0x0),FALSE,Female (1),Hardy (0),FALSE,FALSE,FALSE,FALSE
Graveler - 43,Graveler (75),25,0,None (0),フリー  (1),0,0,0,0,0,0,0,0,0,0,0,0,0,Wide Guard (266),Sandstorm (201),Bulldoze (222),Rock Slide (157),Never (0x0),TRUE,Female (1),Hardy (0),FALSE,FALSE,FALSE,FALSE
Flareon - 44,Flareon (136),25,0,None (0),フリー  (1),0,0,0,0,0,0,0,0,0,0,0,0,0,Metal Claw (232),Morning Sun (234),Flame Charge (77),Shadow Sneak (41),Never (0x0),TRUE,Female (1),Hardy (0),FALSE,FALSE,FALSE,FALSE
Hitmonchan - 45,Hitmonchan (107),25,0,None (0),フリー  (1),0,0,0,0,0,0,0,0,0,0,0,0,0,Power-Up Punch (130),Mach Punch (183),Bulk Up (339),Taunt (269),Never (0x0),FALSE,Male (0),Hardy (0),FALSE,FALSE,FALSE,FALSE
Tyrogue - 46,Tyrogue (236),25,0,None (0),サポーター  (3),0,0,0,0,0,0,0,0,0,0,0,0,0,Mach Punch (183),Feint (338),Payback (107),Protect (155),Never (0x0),FALSE,Male (0),Hardy (0),FALSE,FALSE,FALSE,FALSE
Nuzleaf - 47,Nuzleaf (299),25,0,None (0),サポーター  (3),0,0,0,0,0,0,0,0,0,0,0,0,0,Fake Out (252),Hidden Power (314),Nasty Plot (140),Giga Drain (202),Never (0x0),FALSE,Female (1),Hardy (0),FALSE,FALSE,FALSE,FALSE
Gligar - 48,Gligar (207),25,0,None (0),サポーター  (3),0,0,0,0,0,0,0,0,0,0,0,0,0,Bulldoze (222),Dragon Dance (125),Acrobatics (178),Roost (117),Never (0x0),FALSE,Genderless (2),Hardy (0),FALSE,FALSE,FALSE,FALSE
Xatu - 49,Xatu (178),60,0,None (0),サポーター  (3),0,0,0,0,0,0,0,0,0,0,0,0,0,Psystrike (218),Aeroblast (177),Flash Cannon (295),Aura Sphere (4),Never (0x0),FALSE,Female (1),Hardy (0),FALSE,FALSE,FALSE,FALSE
Trapinch - 50,Trapinch (332),25,0,None (0),フリー  (1),0,0,0,0,0,0,0,0,0,0,0,0,0,Metal Claw (232),Bulldoze (222),Slash (163),Roost (117),Never (0x0),FALSE,Male (0),Hardy (0),FALSE,FALSE,FALSE,FALSE
Sableye - 51,Sableye (322),25,0,None (0),フリー  (1),0,0,0,0,0,0,0,0,0,0,0,0,0,Feint Attack (185),Cosmic Power (322),Will-O-Wisp (261),Shadow Sneak (41),Never (0x0),FALSE,Male (0),Hardy (0),FALSE,FALSE,FALSE,FALSE
Torkoal - 52,Torkoal (321),25,0,None (0),フリー  (1),0,0,0,0,0,0,0,0,0,0,0,0,0,Flash Cannon (295),Sunny Day (241),Flamethrower (53),Razor Shell (179),Never (0x0),FALSE,Male (0),Hardy (0),FALSE,FALSE,FALSE,FALSE
Meditite - 53,Meditite (356),25,0,None (0),フリー  (1),0,0,0,0,0,0,0,0,0,0,0,0,0,Mach Punch (183),Bullet Punch (1),Psybeam (60),Headbutt (29),Never (0x0),FALSE,Male (0),Hardy (0),FALSE,FALSE,FALSE,FALSE
Mawile - 54,Mawile (355),25,0,None (0),フリー  (1),0,0,0,0,0,0,0,0,0,0,0,0,0,Fire Punch (7),Sucker Punch (21),Iron Head (19),Play Rough (70),Never (0x0),FALSE,Female (1),Hardy (0),FALSE,FALSE,FALSE,FALSE
Sableye - 55,Sableye (322),25,0,None (0),フリー  (1),0,0,0,0,0,0,0,0,0,0,0,0,0,Shadow Sneak (41),Recover (105),Fake Out (252),Trick Room (286),Never (0x0),FALSE,Male (0),Hardy (0),FALSE,FALSE,FALSE,FALSE
Cacnea - 56,Cacnea (344),25,0,None (0),フリー  (1),0,0,0,0,0,0,0,0,0,0,0,0,0,Leech Seed (73),Sand-Attack (28),Giga Drain (202),Seed Bomb (106),Never (0x0),FALSE,Male (0),Hardy (0),FALSE,FALSE,FALSE,FALSE
Nosepass - 57,Nosepass (320),25,0,None (0),フリー  (1),0,0,0,0,0,0,0,0,0,0,0,0,0,Charge Beam (143),Sand Tomb (328),Rock Throw (88),Protect (155),Never (0x0),FALSE,Male (0),Hardy (0),FALSE,FALSE,FALSE,FALSE
Machop - 58,Machop (66),25,0,None (0),フリー  (1),0,0,0,0,0,0,0,0,0,0,0,0,0,Bullet Punch (1),Power-Up Punch (130),Payback (107),Heart Stamp (170),Never (0x0),FALSE,Female (1),Hardy (0),FALSE,FALSE,FALSE,FALSE
Swinub - 59,Swinub (220),25,0,None (0),フリー  (1),0,0,0,0,0,0,0,0,0,0,0,0,0,Bulldoze (222),Headbutt (29),Swords Dance (14),Stomping Tantrum (175),Never (0x0),FALSE,Genderless (2),Hardy (0),FALSE,FALSE,FALSE,FALSE
Absol - 60,Absol (376),25,0,None (0),フリー  (1),0,0,0,0,0,0,0,0,0,0,0,0,0,Knock Off (48),Pursuit (228),Swords Dance (14),Stomping Tantrum (175),Never (0x0),FALSE,Female (1),Hardy (0),FALSE,FALSE,FALSE,FALSE
Corphish - 61,Corphish (326),25,0,None (0),フリー  (1),0,0,0,0,0,0,0,0,0,0,0,0,0,Bubblebeam (61),Protect (182),Aqua Jet (37),Slash (163),Never (0x0),TRUE,Male (0),Hardy (0),FALSE,FALSE,FALSE,FALSE
Onix - 62,Onix (95),25,0,None (0),フリー  (1),0,0,0,0,0,0,0,0,0,0,0,0,0,Bulldoze (222),Rock Tomb (317),Rock Blast (350),Rock Throw (88),Never (0x0),FALSE,Female (1),Hardy (0),FALSE,FALSE,FALSE,FALSE
Heracross - 63,Heracross (214),25,0,None (0),フリー  (1),0,0,0,0,0,0,0,0,0,0,0,0,0,Night Slash (168),Lunge (145),Rock Slide (157),Seed Bomb (106),Never (0x0),FALSE,Female (1),Hardy (0),FALSE,FALSE,FALSE,FALSE
Luvdisc - 64,Luvdisc (325),25,0,None (0),フリー  (1),0,0,0,0,0,0,0,0,0,0,0,0,0,Water Pulse (352),Charm (204),Water Gun (55),Agility (97),Never (0x0),FALSE,Male (0),Hardy (0),FALSE,FALSE,FALSE,FALSE
Granbull - 65,Granbull (210),25,0,None (0),フリー  (1),0,0,0,0,0,0,0,0,0,0,0,0,0,Bite (44),Play Rough (70),Poison Fang (305),Glare (137),Never (0x0),FALSE,Female (1),Hardy (0),FALSE,FALSE,FALSE,FALSE
Magmar - 66,Magmar (126),25,0,None (0),フリー  (1),0,0,0,0,0,0,0,0,0,0,0,0,0,Hyper Voice (304),Smokescreen (108),Will-O-Wisp (261),Fire Punch (7),Never (0x0),FALSE,Male (0),Hardy (0),FALSE,FALSE,FALSE,FALSE
Hitmontop - 67,Hitmontop (237),25,0,None (0),フリー  (1),0,0,0,0,0,0,0,0,0,0,0,0,0,Circle Throw (116),Mach Punch (183),Bullet Punch (1),Pursuit (228),Never (0x0),FALSE,Male (0),Hardy (0),FALSE,FALSE,FALSE,FALSE
Pelipper - 68,Pelipper (310),25,0,None (0),フリー  (1),0,0,0,0,0,0,0,0,0,0,0,0,0,Substitute (164),Water Pulse (352),Gust (16),Roost (117),Never (0x0),FALSE,Female (1),Hardy (0),FALSE,FALSE,FALSE,FALSE
Solrock - 69,Solrock (349),25,0,None (0),フリー  (1),0,0,0,0,0,0,0,0,0,0,0,0,0,Morning Sun (234),Flame Wheel (172),Zen Headbutt (5),Rock Slide (157),Never (0x0),FALSE,Genderless (2),Hardy (0),FALSE,FALSE,FALSE,FALSE
Umbreon - 70,Umbreon (197),25,0,None (0),フリー  (1),0,0,0,0,0,0,0,0,0,0,0,0,0,Quick Attack (98),Acrobatics (178),Baton Pass (226),Payback (107),Never (0x0),TRUE,Male (0),Hardy (0),FALSE,FALSE,FALSE,FALSE
Heracross - 71,Heracross (214),60,0,None (0),フリー  (1),0,0,0,0,0,0,0,0,0,0,0,0,0,Night Slash (168),Lunge (145),Rock Slide (157),Seed Bomb (106),Never (0x0),FALSE,Female (1),Hardy (0),FALSE,FALSE,FALSE,FALSE
Lunatone - 72,Lunatone (348),25,0,None (0),フリー  (1),0,0,0,0,0,0,0,0,0,0,0,0,0,Moonlight (236),Scald (17),Psyshock (133),Power Gem (285),Never (0x0),FALSE,Genderless (2),Hardy (0),FALSE,FALSE,FALSE,FALSE
Donphan - 73,Donphan (232),25,0,None (0),フリー  (1),0,0,0,0,0,0,0,0,0,0,0,0,0,Bulldoze (222),Rock Tomb (317),Rock Polish (159),Heart Stamp (170),Never (0x0),FALSE,Female (1),Hardy (0),FALSE,FALSE,FALSE,FALSE
Mightyena - 74,Mightyena (287),25,0,None (0),フリー  (1),0,0,0,0,0,0,0,0,0,0,0,0,0,Ice Fang (282),Slash (163),Shadow Claw (139),Fire Fang (213),Never (0x0),FALSE,Male (0),Hardy (0),FALSE,FALSE,FALSE,FALSE
Aerodactyl - 75,Aerodactyl (142),25,0,None (0),フリー  (1),0,0,0,0,0,0,0,0,0,0,0,0,0,Bone Club (10),Iron Head (19),Hone Claws (12),Crunch (242),Never (0x0),FALSE,Female (1),Hardy (0),FALSE,FALSE,FALSE,FALSE
Hitmonlee - 76,Hitmonlee (106),25,0,None (0),フリー  (1),0,0,0,0,0,0,0,0,0,0,0,0,0,Counter (68),Low Kick (67),Feint (338),Bulk Up (339),Never (0x0),FALSE,Male (0),Hardy (0),FALSE,FALSE,FALSE,FALSE
Magby - 77,Magby (240),25,0,None (0),フリー  (1),0,0,0,0,0,0,0,0,0,0,0,0,0,Mud Shot (341),Dragonbreath (225),Ancientpower (246),Flame Wheel (172),Never (0x0),FALSE,Female (1),Hardy (0),FALSE,FALSE,FALSE,FALSE
Manectric - 78,Manectric (338),60,0,None (0),フリー  (1),0,0,0,0,0,0,0,0,0,0,0,0,0,Overheat (315),Zap Cannon (192),Thunder (87),Psystrike (218),Never (0x0),FALSE,Female (1),Hardy (0),FALSE,FALSE,FALSE,FALSE
Gligar - 79,Gligar (207),25,0,None (0),フリー  (1),0,0,0,0,0,0,0,0,0,0,0,0,0,Bulldoze (222),Toxic (92),Aerial Ace (332),Taunt (269),Never (0x0),FALSE,Male (0),Hardy (0),FALSE,FALSE,FALSE,FALSE
Kecleon - 80,Kecleon (317),25,0,None (0),フリー  (1),0,0,0,0,0,0,0,0,0,0,0,0,0,Psybeam (60),Thunder Punch (9),Feint Attack (185),Reflect (115),Never (0x0),FALSE,Male (0),Hardy (0),FALSE,FALSE,FALSE,FALSE
Gyarados - 81,Gyarados (130),25,0,None (0),フリー  (1),0,0,0,0,0,0,0,0,0,0,0,0,0,Bite (44),Waterfall (127),Fire Blast (126),Dragon Dance (349),Never (0x0),FALSE,Male (0),Hardy (0),FALSE,FALSE,FALSE,FALSE
Mightyena - 82,Mightyena (287),60,0,None (0),フリー  (1),0,0,0,0,0,0,0,0,0,0,0,0,0,Flare Blitz (25),Giga Impact (320),Crunch (242),Wild Charge (248),Never (0x0),FALSE,Female (1),Hardy (0),FALSE,FALSE,FALSE,FALSE
Blastoise - 83,Blastoise (9),45,0,None (0),フリー  (1),0,0,0,0,0,0,0,0,0,0,0,0,0,Scald (17),Flash Cannon (295),Freeze Dry (198),Calm Mind (129),Never (0x0),FALSE,Male (0),Hardy (0),FALSE,FALSE,FALSE,FALSE
Skarmory - 84,Skarmory (227),45,0,None (0),フリー  (1),0,0,0,0,0,0,0,0,0,0,0,0,0,U-Turn (287),Night Slash (168),Metal Sound (319),Steel Wing (211),Never (0x0),FALSE,Female (1),Hardy (0),FALSE,FALSE,FALSE,FALSE
Wigglytuff - 85,Wigglytuff (40),45,0,None (0),フリー  (1),0,0,0,0,0,0,0,0,0,0,0,0,0,Signal Beam (324),Dark Pulse (66),Nasty Plot (140),Light Screen (113),Never (0x0),FALSE,Male (0),Hardy (0),FALSE,FALSE,FALSE,FALSE
Glalie - 86,Glalie (347),45,0,None (0),フリー  (1),0,0,0,0,0,0,0,0,0,0,0,0,0,Icicle Crash (99),Rock Slide (157),Hail (258),Aura Sphere (4),Never (0x0),FALSE,Female (1),Hardy (0),FALSE,FALSE,FALSE,FALSE
Lickitung - 87,Lickitung (108),45,0,None (0),フリー  (1),0,0,0,0,0,0,0,0,0,0,0,0,0,Drain Punch (22),Stomping Tantrum (175),Crunch (242),Body Slam (34),Never (0x0),FALSE,Male (0),Hardy (0),FALSE,FALSE,FALSE,FALSE
Breloom - 88,Breloom (307),45,0,None (0),フリー  (1),0,0,0,0,0,0,0,0,0,0,0,0,0,Drain Punch (22),Seed Bomb (106),Leech Seed (73),Leech Life (81),Never (0x0),FALSE,Male (0),Hardy (0),FALSE,FALSE,FALSE,FALSE
Banette - 89,Banette (378),45,0,None (0),フリー  (1),0,0,0,0,0,0,0,0,0,0,0,0,0,Hypnosis (95),Shadow Punch (325),Knock Off (48),Thunder Wave (86),Never (0x0),FALSE,Female (1),Hardy (0),FALSE,FALSE,FALSE,FALSE
Raichu - 90,Raichu (26),45,0,None (0),フリー  (1),0,0,0,0,0,0,0,0,0,0,0,0,0,Meteor Mash (309),Wild Charge (248),Shadow Punch (325),Swords Dance (14),Never (0x0),FALSE,Female (1),Hardy (0),FALSE,FALSE,FALSE,FALSE
Linoone - 91,Linoone (289),45,0,None (0),フリー  (1),0,0,0,0,0,0,0,0,0,0,0,0,0,Slash (163),Swords Dance (14),Extremespeed (245),Iron Head (19),Never (0x0),FALSE,Female (1),Hardy (0),FALSE,FALSE,FALSE,FALSE
Cradily - 92,Cradily (389),45,0,None (0),天候  (13),0,0,0,0,0,0,0,0,0,0,0,0,0,Leech Seed (73),Seed Bomb (106),Rock Slide (157),Leech Life (81),Never (0x0),FALSE,Female (1),Hardy (0),FALSE,FALSE,FALSE,FALSE
Dragonair - 93,Dragonair (148),45,0,None (0),スペシャリスト  (4),0,0,0,0,0,0,0,0,0,0,0,0,0,Liquidation (230),Fire Punch (7),Steel Wing (211),Roost (117),Never (0x0),FALSE,Female (1),Hardy (0),FALSE,FALSE,FALSE,FALSE
Mawile - 94,Mawile (355),45,0,None (0),スペシャリスト  (4),0,0,0,0,0,0,0,0,0,0,0,0,0,Knock Off (48),Metal Claw (232),Fire Fang (213),Ice Fang (282),Never (0x0),FALSE,Female (1),Hardy (0),FALSE,FALSE,FALSE,FALSE
Swellow - 95,Swellow (305),45,0,None (0),フリー  (1),0,0,0,0,0,0,0,0,0,0,0,0,0,Quick Attack (98),Double Team (104),Return (216),Aerial Ace (332),Never (0x0),FALSE,Female (1),Hardy (0),FALSE,FALSE,FALSE,FALSE
Aerodactyl - 96,Aerodactyl (142),45,0,None (0),フリー  (1),0,0,0,0,0,0,0,0,0,0,0,0,0,Crunch (242),Earthquake (89),Rock Slide (157),Tailwind (219),Never (0x0),FALSE,Female (1),Hardy (0),FALSE,FALSE,FALSE,FALSE
Skarmory - 97,Skarmory (227),45,0,None (0),フリー  (1),0,0,0,0,0,0,0,0,0,0,0,0,0,Toxic (92),Metal Sound (319),Brave Bird (123),Steel Wing (211),Never (0x0),FALSE,Female (1),Hardy (0),FALSE,FALSE,FALSE,FALSE
Murkrow - 98,Murkrow (198),45,0,None (0),フリー  (1),0,0,0,0,0,0,0,0,0,0,0,0,0,Swagger (207),Feint Attack (185),Taunt (269),Brave Bird (123),Never (0x0),FALSE,Male (0),Hardy (0),FALSE,FALSE,FALSE,FALSE
Dusclops - 99,Dusclops (362),45,0,None (0),ふういん  (69),0,0,0,0,0,0,0,0,0,0,0,0,0,Taunt (269),Shadow Punch (325),Knock Off (48),Will-O-Wisp (261),Never (0x0),FALSE,Female (1),Hardy (0),FALSE,FALSE,FALSE,FALSE
Venusaur - 100,Venusaur (3),45,0,None (0),フリー  (1),0,0,0,0,0,0,0,0,0,0,0,0,0,Sleep Powder (79),Sunny Day (241),Leaf Storm (121),Grass Knot (13),Never (0x0),FALSE,Male (0),Hardy (0),FALSE,FALSE,FALSE,FALSE
Sharpedo - 101,Sharpedo (331),45,0,None (0),フリー  (1),0,0,0,0,0,0,0,0,0,0,0,0,0,Dragon Hammer (90),Iron Head (19),Liquidation (230),Psychic Fangs (135),Never (0x0),FALSE,Female (1),Hardy (0),FALSE,FALSE,FALSE,FALSE
Shelgon - 102,Shelgon (396),45,0,None (0),フリー  (1),0,0,0,0,0,0,0,0,0,0,0,0,0,Dragon Claw (337),Crunch (242),Brick Break (280),Slash (163),Never (0x0),FALSE,Male (0),Hardy (0),FALSE,FALSE,FALSE,FALSE
Ampharos - 103,Ampharos (181),45,0,None (0),スペシャリスト  (4),0,0,0,0,0,0,0,0,0,0,0,0,0,Energy Ball (91),Extrasensory (326),Dragon Pulse (110),Flamethrower (53),Never (0x0),FALSE,Male (0),Hardy (0),FALSE,FALSE,FALSE,FALSE
Crawdaunt - 104,Crawdaunt (327),45,0,None (0),スペシャリスト  (4),0,0,0,0,0,0,0,0,0,0,0,0,0,Ice Punch (8),Slash (163),Rain Dance (240),Razor Shell (179),Never (0x0),FALSE,Female (1),Hardy (0),FALSE,FALSE,FALSE,FALSE
Scizor - 105,Scizor (212),45,0,None (0),スペシャリスト  (4),0,0,0,0,0,0,0,0,0,0,0,0,0,Sky Uppercut (327),Drill Peck (65),Swords Dance (14),Lunge (145),Never (0x0),FALSE,Female (1),Hardy (0),FALSE,FALSE,FALSE,FALSE
Nidoking - 106,Nidoking (34),45,0,None (0),フリー  (1),0,0,0,0,0,0,0,0,0,0,0,0,0,Zen Headbutt (5),Liquidation (230),Poison Jab (15),Rock Slide (157),Never (0x0),TRUE,Male (0),Hardy (0),FALSE,FALSE,FALSE,FALSE
Nidoqueen - 107,Nidoqueen (31),45,0,None (0),フリー  (1),0,0,0,0,0,0,0,0,0,0,0,0,0,Zen Headbutt (5),Liquidation (230),Poison Jab (15),Rock Slide (157),Never (0x0),TRUE,Female (1),Hardy (0),FALSE,FALSE,FALSE,FALSE
Noctowl - 108,Noctowl (164),45,0,None (0),フリー  (1),0,0,0,0,0,0,0,0,0,0,0,0,0,Extrasensory (326),Hyper Voice (304),Air Slash (154),Tri Attack (161),Never (0x0),FALSE,Male (0),Hardy (0),FALSE,FALSE,FALSE,FALSE
Rhydon - 109,Rhydon (112),45,0,None (0),フリー  (1),0,0,0,0,0,0,0,0,0,0,0,0,0,Rock Slide (157),Iron Head (19),Drill Run (312),Play Rough (70),Never (0x0),FALSE,Female (1),Hardy (0),FALSE,FALSE,FALSE,FALSE
Jolteon - 110,Jolteon (135),45,0,None (0),フリー  (1),0,0,0,0,0,0,0,0,0,0,0,0,0,Thunderbolt (85),Dark Pulse (66),Discharge (134),Dazzling Gleam (169),Never (0x0),FALSE,Genderless (2),Hardy (0),FALSE,FALSE,FALSE,FALSE
Houndoom - 111,Houndoom (229),45,0,None (0),フリー  (1),0,0,0,0,0,0,0,0,0,0,0,0,0,Dark Pulse (66),Crunch (242),Overheat (315),Flare Blitz (25),Never (0x0),FALSE,Male (0),Hardy (0),FALSE,FALSE,FALSE,FALSE
Torkoal - 112,Torkoal (321),45,0,None (0),サポーター  (3),0,0,0,0,0,0,0,0,0,0,0,0,0,Solarbeam (76),Body Slam (34),Sunny Day (241),Flamethrower (53),Never (0x0),FALSE,Female (1),Hardy (0),FALSE,FALSE,FALSE,FALSE
Blaziken - 113,Blaziken (282),45,0,None (0),フリー  (1),0,0,0,0,0,0,0,0,0,0,0,0,0,Blaze Kick (299),Hi Jump Kick (136),Brave Bird (123),Stone Edge (39),Never (0x0),FALSE,Male (0),Hardy (0),FALSE,FALSE,FALSE,FALSE
Tropius - 114,Tropius (369),45,0,None (0),フリー  (1),0,0,0,0,0,0,0,0,0,0,0,0,0,Hidden Power (314),Solarbeam (76),Giga Drain (202),Hurricane (239),Never (0x0),FALSE,Female (1),Hardy (0),FALSE,FALSE,FALSE,FALSE
Butterfree - 115,Butterfree (12),45,0,None (0),８人シングルS１　メガニウム  (75),0,0,0,0,0,0,0,0,0,0,0,0,0,Extrasensory (326),Bug Buzz (30),Aeroblast (177),Light Screen (113),Never (0x0),FALSE,Male (0),Hardy (0),FALSE,FALSE,FALSE,FALSE
Charizard - 116,Charizard (6),45,0,None (0),８人シングルS１　メガニウム  (75),0,0,0,0,0,0,0,0,0,0,0,0,0,Air Slash (154),Heat Wave (257),Morning Sun (234),Fiery Dance (144),Never (0x0),FALSE,Female (1),Hardy (0),FALSE,FALSE,FALSE,FALSE
Granbull - 117,Granbull (210),45,0,None (0),８人シングルS１　メガニウム  (75),0,0,0,0,0,0,0,0,0,0,0,0,0,Hone Claws (12),Stomping Tantrum (175),Crunch (242),Psychic Fangs (135),Never (0x0),FALSE,Female (1),Hardy (0),FALSE,FALSE,FALSE,FALSE
Bellossom - 118,Bellossom (182),45,0,None (0),８人シングルS１　メガニウム  (75),0,0,0,0,0,0,0,0,0,0,0,0,0,Sludge (124),Quiver Dance (43),Mud Shot (341),Silver Wind (318),Never (0x0),FALSE,Male (0),Hardy (0),FALSE,FALSE,FALSE,FALSE
Misdreavus - 119,Misdreavus (200),60,0,None (0),８人シングルS１　メガニウム  (75),0,0,0,0,0,0,0,0,0,0,0,0,0,Moonblast (296),Psystrike (218),Flash Cannon (295),Thunderbolt (85),Never (0x0),FALSE,Male (0),Hardy (0),FALSE,FALSE,FALSE,FALSE
Delcatty - 120,Delcatty (316),45,0,None (0),強化  (16),0,0,0,0,0,0,0,0,0,0,0,0,0,Psystrike (218),Hyper Voice (304),Aura Sphere (4),Boomburst (253),Never (0x0),FALSE,Male (0),Hardy (0),FALSE,FALSE,FALSE,FALSE
Steelix - 121,Steelix (208),45,0,None (0),強化  (16),0,0,0,0,0,0,0,0,0,0,0,0,0,Ice Fang (282),Fire Fang (213),Rock Tomb (317),Dragon Tail (46),Never (0x0),FALSE,Female (1),Hardy (0),FALSE,FALSE,FALSE,FALSE
Sceptile - 122,Sceptile (279),45,0,None (0),強化  (16),0,0,0,0,0,0,0,0,0,0,0,0,0,Leaf Blade (348),Cross Poison (342),Cross Chop (238),Night Slash (168),Never (0x0),FALSE,Male (0),Hardy (0),FALSE,FALSE,FALSE,FALSE
Ledian - 123,Ledian (166),45,0,None (0),強化  (16),0,0,0,0,0,0,0,0,0,0,0,0,0,Air Slash (154),Quiver Dance (43),Steel Wing (211),Signal Beam (324),Never (0x0),FALSE,Male (0),Hardy (0),FALSE,FALSE,FALSE,FALSE
Banette - 124,Banette (378),60,0,None (0),テッカ通常バトン  (68),0,0,0,0,0,0,0,0,0,0,0,0,0,Hypnosis (95),Shadow Punch (325),Knock Off (48),Thunder Wave (86),Always (0x1),FALSE,Female (1),Hardy (0),FALSE,FALSE,FALSE,FALSE
Kingdra - 125,Kingdra (230),45,0,None (0),フリー  (1),0,0,0,0,0,0,0,0,0,0,0,0,0,Lunge (145),Rain Dance (240),Headbutt (29),Rock Slide (157),Never (0x0),FALSE,Male (0),Hardy (0),FALSE,FALSE,FALSE,FALSE
Manectric - 126,Manectric (338),45,0,None (0),フリー  (1),0,0,0,0,0,0,0,0,0,0,0,0,0,Shadow Ball (247),Heat Wave (257),Nasty Plot (140),Extrasensory (326),Never (0x0),FALSE,Male (0),Hardy (0),FALSE,FALSE,FALSE,FALSE
Magmar - 127,Magmar (126),45,0,None (0),フリー  (1),0,0,0,0,0,0,0,0,0,0,0,0,0,Sunny Day (241),Power Gem (285),Nasty Plot (140),Aura Sphere (4),Never (0x0),FALSE,Male (0),Hardy (0),FALSE,FALSE,FALSE,FALSE
Exploud - 128,Exploud (372),45,0,None (0),フリー  (1),0,0,0,0,0,0,0,0,0,0,0,0,0,Dragon Hammer (90),Wood Hammer (150),Flare Blitz (25),Zen Headbutt (5),Never (0x0),FALSE,Female (1),Hardy (0),FALSE,FALSE,FALSE,FALSE
Nidoking - 129,Nidoking (34),45,0,None (0),フリー  (1),0,0,0,0,0,0,0,0,0,0,0,0,0,Flamethrower (53),Earth Power (11),Ice Beam (58),Sludge Wave (308),Never (0x0),FALSE,Male (0),Hardy (0),FALSE,FALSE,FALSE,FALSE
Steelix - 130,Steelix (208),45,0,None (0),フリー  (1),0,0,0,0,0,0,0,0,0,0,0,0,0,Glare (137),Crunch (242),Rock Tomb (317),Iron Head (19),Never (0x0),FALSE,Male (0),Hardy (0),FALSE,FALSE,FALSE,FALSE
Crawdaunt - 131,Crawdaunt (327),45,0,None (0),フリー  (1),0,0,0,0,0,0,0,0,0,0,0,0,0,Cross Chop (238),Aqua Jet (37),Night Slash (168),Crabhammer (152),Never (0x0),FALSE,Male (0),Hardy (0),FALSE,FALSE,FALSE,FALSE
Sharpedo - 132,Sharpedo (331),45,0,None (0),フリー  (1),0,0,0,0,0,0,0,0,0,0,0,0,0,Waterfall (127),Aqua Jet (37),Shadow Claw (139),Slash (163),Never (0x0),FALSE,Male (0),Hardy (0),FALSE,FALSE,FALSE,FALSE
Shedinja - 133,Shedinja (303),60,0,None (0),フリー  (1),0,0,0,0,0,0,0,0,0,0,0,0,0,Foul Play (151),Bug Buzz (30),Swords Dance (14),First Impression (24),Never (0x0),FALSE,Genderless (2),Hardy (0),FALSE,FALSE,FALSE,FALSE
Miltank - 134,Miltank (241),45,0,None (0),フリー  (1),0,0,0,0,0,0,0,0,0,0,0,0,0,Belly Drum (187),Swagger (207),Return (216),Body Slam (34),Never (0x0),FALSE,Female (1),Hardy (0),FALSE,FALSE,FALSE,FALSE
Delibird - 135,Delibird (225),45,0,None (0),フリー  (1),0,0,0,0,0,0,0,0,0,0,0,0,0,Air Slash (154),Freeze Dry (198),Hail (258),Shadow Ball (247),Never (0x0),FALSE,Female (1),Hardy (0),FALSE,FALSE,FALSE,FALSE
Shiftry - 136,Shiftry (300),45,0,None (0),フリー  (1),0,0,0,0,0,0,0,0,0,0,0,0,0,Leech Life (81),Swagger (207),Leaf Blade (348),Night Slash (168),Never (0x0),FALSE,Female (1),Hardy (0),FALSE,FALSE,FALSE,FALSE
Clefable - 137,Clefable (36),45,0,None (0),フリー  (1),0,0,0,0,0,0,0,0,0,0,0,0,0,Wish (273),Shadow Ball (247),Cosmic Power (322),Power Gem (285),Never (0x0),FALSE,Male (0),Hardy (0),FALSE,FALSE,FALSE,FALSE
Piloswine - 138,Piloswine (221),45,0,None (0),ふういん  (69),0,0,0,0,0,0,0,0,0,0,0,0,0,Icicle Crash (99),Double-Edge (38),Body Slam (34),High Horsepower (278),Never (0x0),FALSE,Female (1),Hardy (0),FALSE,FALSE,FALSE,FALSE
Houndoom - 139,Houndoom (229),45,0,None (0),強化  (16),0,0,0,0,0,0,0,0,0,0,0,0,0,Dark Pulse (66),Dragon Claw (337),Flash Cannon (295),Psychic Fangs (135),Never (0x0),FALSE,Female (1),Hardy (0),FALSE,FALSE,FALSE,FALSE
Poliwrath - 140,Poliwrath (62),45,0,None (0),８人シングルS１　ブラッキー  (71),0,0,0,0,0,0,0,0,0,0,0,0,0,Bulk Up (339),Liquidation (230),Hammer Arm (118),Zen Headbutt (5),Never (0x0),FALSE,Male (0),Hardy (0),FALSE,FALSE,FALSE,FALSE
Misdreavus - 141,Misdreavus (200),45,0,None (0),スペシャリスト  (4),0,0,0,0,0,0,0,0,0,0,0,0,0,Destiny Bond (194),Hex (251),Power Gem (285),Dark Pulse (66),Never (0x0),FALSE,Female (1),Hardy (0),FALSE,FALSE,FALSE,FALSE
Lanturn - 142,Lanturn (171),45,0,None (0),フリー  (1),0,0,0,0,0,0,0,0,0,0,0,0,0,Pain Split (220),Aurora Beam (62),Bubblebeam (61),Rain Dance (240),Never (0x0),FALSE,Male (0),Hardy (0),FALSE,FALSE,FALSE,FALSE
Vileplume - 143,Vileplume (45),45,0,None (0),フリー  (1),0,0,0,0,0,0,0,0,0,0,0,0,0,Razor Leaf (75),Synthesis (235),Psybeam (60),Sunny Day (241),Never (0x0),FALSE,Female (1),Hardy (0),FALSE,FALSE,FALSE,FALSE
Pidgeotto - 144,Pidgeotto (17),45,0,None (0),フリー  (1),0,0,0,0,0,0,0,0,0,0,0,0,0,Roost (117),Hyper Voice (304),Psystrike (218),Tailwind (219),Never (0x0),TRUE,Female (1),Hardy (0),FALSE,FALSE,FALSE,FALSE
Arcanine - 145,Arcanine (59),45,0,None (0),フリー  (1),0,0,0,0,0,0,0,0,0,0,0,0,0,Fire Fang (213),Swords Dance (14),Crunch (242),Psychic Fangs (135),Never (0x0),FALSE,Male (0),Hardy (0),FALSE,FALSE,FALSE,FALSE
Rhydon - 146,Rhydon (112),45,0,None (0),フリー  (1),0,0,0,0,0,0,0,0,0,0,0,0,0,Stone Edge (39),Megahorn (224),Fire Punch (7),Drill Run (312),Never (0x0),FALSE,Female (1),Hardy (0),FALSE,FALSE,FALSE,FALSE
Gyarados - 147,Gyarados (130),45,0,None (0),フリー  (1),0,0,0,0,0,0,0,0,0,0,0,0,0,Crunch (242),Substitute (164),Waterfall (127),Dragon Dance (125),Never (0x0),FALSE,Male (0),Hardy (0),FALSE,FALSE,FALSE,FALSE
Gengar - 148,Gengar (94),45,0,None (0),フリー  (1),0,0,0,0,0,0,0,0,0,0,0,0,0,Thunderbolt (85),Sludge Bomb (188),Shadow Ball (247),Psychic (94),Never (0x0),FALSE,Male (0),Hardy (0),FALSE,FALSE,FALSE,FALSE
Jynx - 149,Jynx (124),45,0,None (0),フリー  (1),0,0,0,0,0,0,0,0,0,0,0,0,0,Fake Out (252),Psyshock (133),Freeze Dry (198),Disable (50),Never (0x0),FALSE,Female (1),Hardy (0),FALSE,FALSE,FALSE,FALSE
Sneasel - 150,Sneasel (215),60,0,None (0),状態変化優先  (73),0,0,0,0,0,0,0,0,0,0,0,0,0,Hone Claws (12),Ice Punch (8),Shadow Claw (139),Night Slash (168),Never (0x0),FALSE,Female (1),Hardy (0),FALSE,FALSE,FALSE,FALSE
Kangaskhan - 151,Kangaskhan (115),45,0,None (0),状態変化優先  (73),0,0,0,0,0,0,0,0,0,0,0,0,0,Hammer Arm (118),Meteor Mash (309),High Horsepower (278),Wild Charge (248),Never (0x0),FALSE,Female (1),Hardy (0),FALSE,FALSE,FALSE,FALSE
Shiftry - 152,Shiftry (300),60,0,None (0),状態変化優先  (73),0,0,0,0,0,0,0,0,0,0,0,0,0,Leech Life (81),Swagger (207),Leaf Blade (348),Night Slash (168),Never (0x0),FALSE,Male (0),Hardy (0),FALSE,FALSE,FALSE,FALSE
Breloom - 153,Breloom (307),60,0,None (0),状態変化優先  (73),0,0,0,0,0,0,0,0,0,0,0,0,0,Drain Punch (22),Seed Bomb (106),Leech Seed (73),Leech Life (81),Never (0x0),FALSE,Male (0),Hardy (0),FALSE,FALSE,FALSE,FALSE
Roselia - 154,Roselia (363),60,0,None (0),状態変化優先  (73),0,0,0,0,0,0,0,0,0,0,0,0,0,Leaf Storm (121),Solarbeam (76),Sludge Wave (308),Spiky Shield (275),Never (0x0),FALSE,Female (1),Hardy (0),FALSE,FALSE,FALSE,FALSE
Sunflora - 155,Sunflora (192),60,0,None (0),状態変化優先  (73),0,0,0,0,0,0,0,0,0,0,0,0,0,Solarbeam (76),Overheat (315),Power Whip (313),Calm Mind (129),Never (0x0),FALSE,Male (0),Hardy (0),FALSE,FALSE,FALSE,FALSE
Bellossom - 156,Bellossom (182),60,0,None (0),状態変化優先  (73),0,0,0,0,0,0,0,0,0,0,0,0,0,Flash Cannon (295),Energy Ball (91),Sludge Bomb (188),Solarbeam (76),Never (0x0),FALSE,Female (1),Hardy (0),FALSE,FALSE,FALSE,FALSE
Exeggutor - 157,Exeggutor (103),45,0,None (0),状態変化優先  (73),0,0,0,0,0,0,0,0,0,0,0,0,0,Leaf Storm (121),Psystrike (218),Solarbeam (76),Sludge Bomb (188),Never (0x0),FALSE,Female (1),Hardy (0),FALSE,FALSE,FALSE,FALSE
Shiftry - 158,Shiftry (300),60,0,None (0),状態変化優先  (73),0,0,0,0,0,0,0,0,0,0,0,0,0,Leech Life (81),Swagger (207),Leaf Blade (348),Night Slash (168),Never (0x0),FALSE,Female (1),Hardy (0),FALSE,FALSE,FALSE,FALSE
Granbull - 159,Granbull (210),60,0,None (0),状態変化優先  (73),0,0,0,0,0,0,0,0,0,0,0,0,0,Iron Tail (231),Close Combat (119),Hammer Arm (118),Earthquake (89),Never (0x0),FALSE,Female (1),Hardy (0),FALSE,FALSE,FALSE,FALSE
Gardevoir - 160,Gardevoir (394),60,0,None (0),はらだいこ  (70),0,0,0,0,0,0,0,0,0,0,0,0,0,Overheat (315),Psycho Boost (354),Psystrike (218),Thunder (87),Never (0x0),FALSE,Female (1),Hardy (0),FALSE,FALSE,FALSE,FALSE
Houndoom - 161,Houndoom (229),60,0,None (0),状態変化優先  (73),0,0,0,0,0,0,0,0,0,0,0,0,0,Solarbeam (76),Overheat (315),Foul Play (151),Nasty Plot (140),Never (0x0),FALSE,Female (1),Hardy (0),FALSE,FALSE,FALSE,FALSE
Machamp - 162,Machamp (68),60,0,None (0),８人シングルA２　一撃  (74),0,0,0,0,0,0,0,0,0,0,0,0,0,Meteor Mash (309),Superpower (276),Close Combat (119),Stone Edge (39),Never (0x0),FALSE,Male (0),Hardy (0),FALSE,FALSE,FALSE,FALSE
Kecleon - 163,Kecleon (317),45,0,None (0),サポーター  (3),0,0,0,0,0,0,0,0,0,0,0,0,0,Double-Edge (38),Giga Impact (320),Aqua Tail (49),Iron Tail (231),Never (0x0),FALSE,Female (1),Hardy (0),FALSE,FALSE,FALSE,FALSE
Murkrow - 164,Murkrow (198),60,0,None (0),サポーター  (3),0,0,0,0,0,0,0,0,0,0,0,0,0,Hurricane (239),Brave Bird (123),Foul Play (151),Iron Tail (231),Never (0x0),FALSE,Female (1),Hardy (0),FALSE,FALSE,FALSE,FALSE
Metagross - 165,Metagross (400),60,0,None (0),サポーター  (3),0,0,0,0,0,0,0,0,0,0,0,0,0,Rock Slide (157),Lunge (145),Thunder Punch (9),Fire Punch (7),Never (0x0),FALSE,Genderless (2),Hardy (0),FALSE,FALSE,FALSE,FALSE
Slaking - 166,Slaking (366),60,0,None (0),サポーター  (3),0,0,0,0,0,0,0,0,0,0,0,0,0,Sucker Punch (21),Facade (263),Brick Break (280),Fake Out (252),Never (0x0),FALSE,Female (1),Hardy (0),FALSE,FALSE,FALSE,FALSE
Rhydon - 167,Rhydon (112),60,0,None (0),サポーター  (3),0,0,0,0,0,0,0,0,0,0,0,0,0,Megahorn (224),Earthquake (89),Stone Edge (39),Superpower (276),Never (0x0),FALSE,Female (1),Hardy (0),FALSE,FALSE,FALSE,FALSE
Ursaring - 168,Ursaring (217),60,0,None (0),サポーター  (3),0,0,0,0,0,0,0,0,0,0,0,0,0,Earthquake (89),Superpower (276),Meteor Mash (309),Hammer Arm (118),Never (0x0),FALSE,Female (1),Hardy (0),FALSE,FALSE,FALSE,FALSE
Mr. Mime - 169,Mr. Mime (122),60,0,None (0),８人シングルS１　ミロカロス  (76),0,0,0,0,0,0,0,0,0,0,0,0,0,Heart Stamp (170),Force Palm (158),Shadow Punch (325),Nasty Plot (140),Never (0x0),FALSE,Female (1),Hardy (0),FALSE,FALSE,FALSE,FALSE
Clefable - 170,Clefable (36),60,0,None (0),８人シングルS１　ミロカロス  (76),0,0,0,0,0,0,0,0,0,0,0,0,0,Energy Ball (91),Thunderbolt (85),Extrasensory (326),Earth Power (11),Never (0x0),FALSE,Male (0),Hardy (0),FALSE,FALSE,FALSE,FALSE
Arcanine - 171,Arcanine (59),60,0,None (0),やどりぎどくどくみきり  (77),0,0,0,0,0,0,0,0,0,0,0,0,0,Double-Edge (38),Flare Blitz (25),Sacred Fire (221),Earthquake (89),Always (0x1),FALSE,Female (1),Hardy (0),FALSE,FALSE,FALSE,FALSE
Beautifly - 172,Beautifly (292),60,0,None (0),サポーター２  (19),0,0,0,0,0,0,0,0,0,0,0,0,0,Hurricane (239),Leaf Storm (121),Energy Ball (91),Moonblast (296),Never (0x0),FALSE,Female (1),Hardy (0),FALSE,FALSE,FALSE,FALSE
Absol - 173,Absol (376),60,0,None (0),強化  (16),0,0,0,0,0,0,0,0,0,0,0,0,0,Knock Off (48),Pursuit (228),Swords Dance (14),Stomping Tantrum (175),Never (0x0),FALSE,Female (1),Hardy (0),FALSE,FALSE,FALSE,FALSE
Dustox - 174,Dustox (294),60,0,None (0),やどりぎどくどくみきり  (77),0,0,0,0,0,0,0,0,0,0,0,0,0,Hurricane (239),Leaf Storm (121),Energy Ball (91),Sludge Wave (308),Never (0x0),FALSE,Female (1),Hardy (0),FALSE,FALSE,FALSE,FALSE
Minun - 175,Minun (354),60,0,None (0),ふういん  (69),0,0,0,0,0,0,0,0,0,0,0,0,0,Thunder (87),Baton Pass (226),Agility (97),Nasty Plot (140),Never (0x0),FALSE,Male (0),Hardy (0),FALSE,FALSE,FALSE,FALSE
Jolteon - 176,Jolteon (135),60,0,None (0),フリー  (1),0,0,0,0,0,0,0,0,0,0,0,0,0,Zap Cannon (192),Hyper Beam (63),Foul Play (151),Thunder (87),Never (0x0),FALSE,Female (1),Hardy (0),FALSE,FALSE,FALSE,FALSE
Plusle - 177,Plusle (353),60,0,None (0),フリー  (1),0,0,0,0,0,0,0,0,0,0,0,0,0,Thunder (87),Baton Pass (226),Agility (97),Nasty Plot (140),Never (0x0),FALSE,Genderless (2),Hardy (0),FALSE,FALSE,FALSE,FALSE
Magneton - 178,Magneton (82),60,0,None (0),フリー  (1),0,0,0,0,0,0,0,0,0,0,0,0,0,Lock-On (199),Power Gem (285),Thunderbolt (85),Nasty Plot (140),Never (0x0),FALSE,Genderless (2),Hardy (0),FALSE,FALSE,FALSE,FALSE
Electabuzz - 179,Electabuzz (125),25,0,None (0),スペシャリスト  (4),0,0,0,0,0,0,0,0,0,0,0,0,0,Iron Head (19),Wild Charge (248),Cross Chop (238),Thunder (87),Never (0x0),FALSE,Male (0),Hardy (0),FALSE,FALSE,FALSE,FALSE
Electrode - 180,Electrode (101),60,0,None (0),スペシャリスト  (4),0,0,0,0,0,0,0,0,0,0,0,0,0,Zap Cannon (192),Explosion (153),Earth Power (11),Dark Pulse (66),Never (0x0),FALSE,Genderless (2),Hardy (0),FALSE,FALSE,FALSE,FALSE
Nosepass - 181,Nosepass (320),60,0,None (0),８人シングルA２　一撃  (74),0,0,0,0,0,0,0,0,0,0,0,0,0,Earth Power (11),Zap Cannon (192),Flash Cannon (295),Thunderbolt (85),Never (0x0),FALSE,Female (1),Hardy (0),FALSE,FALSE,FALSE,FALSE
Nidoqueen - 182,Nidoqueen (31),25,0,None (0),サポーター  (3),0,0,0,0,0,0,0,0,0,0,0,0,0,Earth Power (11),Ice Beam (58),Thunder (87),Fire Blast (126),Never (0x0),FALSE,Female (1),Hardy (0),FALSE,FALSE,FALSE,FALSE
Azumarill - 183,Azumarill (184),60,0,None (0),８人シングルA２　一撃  (74),0,0,0,0,0,0,0,0,0,0,0,0,0,Ice Hammer (249),Iron Tail (231),Foul Play (151),Hammer Arm (118),Never (0x0),TRUE,Female (1),Hardy (0),FALSE,FALSE,FALSE,FALSE
Cacturne - 184,Cacturne (345),60,0,None (0),８人シングルA２　一撃  (74),0,0,0,0,0,0,0,0,0,0,0,0,0,Sky Uppercut (327),Swords Dance (14),Foul Play (151),Earthquake (89),Never (0x0),FALSE,Male (0),Hardy (0),FALSE,FALSE,FALSE,FALSE
Sandslash - 185,Sandslash (28),60,0,None (0),強化  (16),0,0,0,0,0,0,0,0,0,0,0,0,0,Iron Tail (231),Head Smash (131),Razor Shell (179),Earthquake (89),Never (0x0),FALSE,Male (0),Hardy (0),FALSE,FALSE,FALSE,FALSE
Gligar - 186,Gligar (207),60,0,None (0),８人シングルA２　一撃  (74),0,0,0,0,0,0,0,0,0,0,0,0,0,Hammer Arm (118),Earthquake (89),Iron Tail (231),Stone Edge (39),Never (0x0),FALSE,Female (1),Hardy (0),FALSE,FALSE,FALSE,FALSE
Exploud - 187,Exploud (372),60,0,None (0),フリー  (1),0,0,0,0,0,0,0,0,0,0,0,0,0,Gunk Shot (148),Head Smash (131),Boomburst (253),Ice Hammer (249),Never (0x0),FALSE,Female (1),Hardy (0),FALSE,FALSE,FALSE,FALSE
Girafarig - 188,Girafarig (203),60,0,None (0),フリー  (1),0,0,0,0,0,0,0,0,0,0,0,0,0,Recover (105),Iron Tail (231),High Horsepower (278),Psystrike (218),Never (0x0),FALSE,Female (1),Hardy (0),FALSE,FALSE,FALSE,FALSE
Mawile - 189,Mawile (355),60,0,None (0),フリー  (1),0,0,0,0,0,0,0,0,0,0,0,0,0,Play Rough (70),Meteor Mash (309),Iron Head (19),Swords Dance (14),Never (0x0),FALSE,Male (0),Hardy (0),FALSE,FALSE,FALSE,FALSE
Raichu - 190,Raichu (26),60,0,None (0),フリー  (1),0,0,0,0,0,0,0,0,0,0,0,0,0,Flare Blitz (25),Volt Tackle (344),Iron Tail (231),Aqua Tail (49),Never (0x0),FALSE,Female (1),Hardy (0),FALSE,FALSE,FALSE,FALSE
Beedrill - 191,Beedrill (15),60,0,None (0),天候  (13),0,0,0,0,0,0,0,0,0,0,0,0,0,Gunk Shot (148),Dragon Ascent (316),Night Slash (168),Megahorn (224),Never (0x0),FALSE,Male (0),Hardy (0),FALSE,FALSE,FALSE,FALSE
Hitmonchan - 192,Hitmonchan (107),25,0,None (0),天候  (13),0,0,0,0,0,0,0,0,0,0,0,0,0,Mach Punch (183),Poison Jab (15),Fake Out (252),Drain Punch (22),Never (0x0),FALSE,Male (0),Hardy (0),FALSE,FALSE,FALSE,FALSE
Quagsire - 193,Quagsire (195),60,0,None (0),フリー  (1),0,0,0,0,0,0,0,0,0,0,0,0,0,Calm Mind (129),Water Spout (323),Earthquake (89),Hydro Pump (56),Never (0x0),FALSE,Genderless (2),Hardy (0),FALSE,FALSE,FALSE,FALSE
Electrode - 194,Electrode (101),60,0,None (0),フリー  (1),0,0,0,0,0,0,0,0,0,0,0,0,0,Zap Cannon (192),Explosion (153),Earth Power (11),Dark Pulse (66),Never (0x0),FALSE,Genderless (2),Hardy (0),FALSE,FALSE,FALSE,FALSE
Gengar - 195,Gengar (94),60,0,None (0),ふういん  (69),0,0,0,0,0,0,0,0,0,0,0,0,0,Fire Blast (126),Zap Cannon (192),Dragon Pulse (110),Sludge Wave (308),Never (0x0),TRUE,Male (0),Hardy (0),FALSE,FALSE,FALSE,FALSE
Castform - 196,Castform (385),60,0,None (0),ふういん  (69),0,0,0,0,0,0,0,0,0,0,0,0,0,Hydro Pump (56),Blizzard (59),Fire Blast (126),Flamethrower (53),Never (0x0),FALSE,Genderless (2),Hardy (0),FALSE,FALSE,FALSE,FALSE
Glalie - 197,Glalie (347),60,0,None (0),フリー  (1),0,0,0,0,0,0,0,0,0,0,0,0,0,Icicle Crash (99),Rock Slide (157),Hail (258),Aura Sphere (4),Never (0x0),FALSE,Female (1),Hardy (0),FALSE,FALSE,FALSE,FALSE
Muk - 198,Muk (89),60,0,None (0),フリー  (1),0,0,0,0,0,0,0,0,0,0,0,0,0,Earthquake (89),Gunk Shot (148),Seed Bomb (106),Meteor Mash (309),Never (0x0),FALSE,Female (1),Hardy (0),FALSE,FALSE,FALSE,FALSE
Sandslash - 199,Sandslash (28),60,0,None (0),フリー  (1),0,0,0,0,0,0,0,0,0,0,0,0,0,Iron Tail (231),Head Smash (131),Razor Shell (179),Earthquake (89),Never (0x0),FALSE,Male (0),Hardy (0),FALSE,FALSE,FALSE,FALSE
Claydol - 200,Claydol (319),60,0,None (0),状態変化優先  (73),0,0,0,0,0,0,0,0,0,0,0,0,0,Explosion (153),Trick Room (286),None (0),None (0),Never (0x0),FALSE,Genderless (2),Hardy (0),FALSE,FALSE,FALSE,FALSE
Whiscash - 201,Whiscash (324),60,0,None (0),強化  (16),0,0,0,0,0,0,0,0,0,0,0,0,0,Aura Sphere (4),Extrasensory (326),Thunderbolt (85),Earth Power (11),Never (0x0),FALSE,Male (0),Hardy (0),FALSE,FALSE,FALSE,FALSE
Steelix - 202,Steelix (208),25,0,None (0),フリー  (1),0,0,0,0,0,0,0,0,0,0,0,0,0,Iron Tail (231),Crunch (242),Dragon Tail (46),Earthquake (89),Never (0x0),FALSE,Male (0),Hardy (0),FALSE,FALSE,FALSE,FALSE
Camerupt - 203,Camerupt (340),60,0,None (0),強化  (16),0,0,0,0,0,0,0,0,0,0,0,0,0,Lava Plume (233),Rock Slide (157),Sunny Day (241),Bulldoze (222),Never (0x0),TRUE,Female (1),Hardy (0),FALSE,FALSE,FALSE,FALSE
Nidoqueen - 204,Nidoqueen (31),60,0,None (0),フリー  (1),0,0,0,0,0,0,0,0,0,0,0,0,0,Thunderbolt (85),Ice Beam (58),Sludge Wave (308),Earth Power (11),Never (0x0),FALSE,Female (1),Hardy (0),FALSE,FALSE,FALSE,FALSE
Huntail - 205,Huntail (374),60,0,None (0),フリー  (1),0,0,0,0,0,0,0,0,0,0,0,0,0,Power Whip (313),Gunk Shot (148),Ice Hammer (249),Earthquake (89),Never (0x0),FALSE,Female (1),Hardy (0),FALSE,FALSE,FALSE,FALSE
Cacturne - 206,Cacturne (345),60,0,None (0),フリー  (1),0,0,0,0,0,0,0,0,0,0,0,0,0,Sky Uppercut (327),Swords Dance (14),Foul Play (151),Earthquake (89),Never (0x0),FALSE,Female (1),Hardy (0),FALSE,FALSE,FALSE,FALSE
Ursaring - 207,Ursaring (217),60,0,None (0),フリー  (1),0,0,0,0,0,0,0,0,0,0,0,0,0,Earthquake (89),Superpower (276),Meteor Mash (309),Hammer Arm (118),Never (0x0),FALSE,Male (0),Hardy (0),FALSE,FALSE,FALSE,FALSE
Weezing - 208,Weezing (110),60,0,None (0),状態変化優先  (73),0,0,0,0,0,0,0,0,0,0,0,0,0,Boomburst (253),Overheat (315),Psystrike (218),Gunk Shot (148),Never (0x0),TRUE,Female (1),Hardy (0),FALSE,FALSE,FALSE,FALSE
Donphan - 209,Donphan (232),60,0,None (0),フリー  (1),0,0,0,0,0,0,0,0,0,0,0,0,0,Double-Edge (38),Stone Edge (39),Earthquake (89),Curse (174),Never (0x0),FALSE,Female (1),Hardy (0),FALSE,FALSE,FALSE,FALSE
Clefable - 210,Clefable (36),45,0,None (0),フリー  (1),0,0,0,0,0,0,0,0,0,0,0,0,0,Flamethrower (53),Moonblast (296),Thunder Wave (86),Wish (273),Never (0x0),FALSE,Male (0),Hardy (0),FALSE,FALSE,FALSE,FALSE
Relicanth - 211,Relicanth (381),60,0,None (0),フリー  (1),0,0,0,0,0,0,0,0,0,0,0,0,0,Iron Tail (231),Head Smash (131),Stone Edge (39),Earthquake (89),Never (0x0),FALSE,Male (0),Hardy (0),FALSE,FALSE,FALSE,FALSE
Dodrio - 212,Dodrio (85),60,0,None (0),フリー  (1),0,0,0,0,0,0,0,0,0,0,0,0,0,High Horsepower (278),Stone Edge (39),Iron Tail (231),Lunge (145),Never (0x0),FALSE,Male (0),Hardy (0),FALSE,FALSE,FALSE,FALSE
Sharpedo - 213,Sharpedo (331),60,0,None (0),フリー  (1),0,0,0,0,0,0,0,0,0,0,0,0,0,Hydro Pump (56),Outrage (200),Surf (57),Ice Hammer (249),Never (0x0),FALSE,Female (1),Hardy (0),FALSE,FALSE,FALSE,FALSE
Seviper - 214,Seviper (379),60,0,None (0),８人シングルA２　一撃  (74),0,0,0,0,0,0,0,0,0,0,0,0,0,Fire Fang (213),Coil (111),Crunch (242),Cross Poison (342),Never (0x0),FALSE,Female (1),Hardy (0),FALSE,FALSE,FALSE,FALSE
Zangoose - 215,Zangoose (380),60,0,None (0),フリー  (1),0,0,0,0,0,0,0,0,0,0,0,0,0,Facade (263),Close Combat (119),Double-Edge (38),Crush Claw (306),Never (0x0),FALSE,Male (0),Hardy (0),FALSE,FALSE,FALSE,FALSE
Rhydon - 216,Rhydon (112),45,0,None (0),フリー  (1),0,0,0,0,0,0,0,0,0,0,0,0,0,Ice Punch (8),Fire Punch (7),Head Smash (131),Earthquake (89),Never (0x0),FALSE,Male (0),Hardy (0),FALSE,FALSE,FALSE,FALSE
Cradily - 217,Cradily (389),60,0,None (0),フリー  (1),0,0,0,0,0,0,0,0,0,0,0,0,0,Infestation (35),Leech Seed (73),Synthesis (235),Toxic (92),Never (0x0),FALSE,Female (1),Hardy (0),FALSE,FALSE,FALSE,FALSE
Claydol - 218,Claydol (319),60,0,None (0),フリー  (1),0,0,0,0,0,0,0,0,0,0,0,0,0,Explosion (153),Psyshock (133),Earth Power (11),Sandstorm (201),Never (0x0),FALSE,Genderless (2),Hardy (0),FALSE,FALSE,FALSE,FALSE
Tyranitar - 219,Tyranitar (248),60,0,None (0),フリー  (1),0,0,0,0,0,0,0,0,0,0,0,0,0,Flamethrower (53),Dark Pulse (66),Ice Beam (58),Stone Edge (39),Never (0x0),FALSE,Male (0),Hardy (0),FALSE,FALSE,FALSE,FALSE
Cacturne - 220,Cacturne (345),60,0,None (0),フリー  (1),0,0,0,0,0,0,0,0,0,0,0,0,0,Iron Head (19),Wood Hammer (150),Sandstorm (201),Night Slash (168),Never (0x0),FALSE,Male (0),Hardy (0),FALSE,FALSE,FALSE,FALSE
Flygon - 221,Flygon (334),60,0,None (0),フリー  (1),0,0,0,0,0,0,0,0,0,0,0,0,0,Dragon Pulse (110),Flamethrower (53),Earth Power (11),Air Slash (154),Never (0x0),TRUE,Male (0),Hardy (0),FALSE,FALSE,FALSE,FALSE
Donphan - 222,Donphan (232),60,0,None (0),フリー  (1),0,0,0,0,0,0,0,0,0,0,0,0,0,Play Rough (70),Stone Edge (39),Ice Shard (96),Earthquake (89),Never (0x0),FALSE,Female (1),Hardy (0),FALSE,FALSE,FALSE,FALSE
Dragonite - 223,Dragonite (149),60,0,None (0),フリー  (1),0,0,0,0,0,0,0,0,0,0,0,0,0,Outrage (200),Flare Blitz (25),Iron Tail (231),Dragon Ascent (316),Never (0x0),FALSE,Male (0),Hardy (0),FALSE,FALSE,FALSE,FALSE
Arbok - 224,Arbok (24),60,0,None (0),サポーター  (3),0,0,0,0,0,0,0,0,0,0,0,0,0,Headbutt (29),Iron Head (19),Coil (111),Cross Poison (342),Never (0x0),FALSE,Female (1),Hardy (0),FALSE,FALSE,FALSE,FALSE
Dusclops - 225,Dusclops (362),60,0,None (0),フリー  (1),0,0,0,0,0,0,0,0,0,0,0,0,0,Taunt (269),Shadow Punch (325),Knock Off (48),Will-O-Wisp (261),Never (0x0),FALSE,Male (0),Hardy (0),FALSE,FALSE,FALSE,FALSE
Crobat - 226,Crobat (169),60,0,None (0),フリー  (1),0,0,0,0,0,0,0,0,0,0,0,0,0,Cross Chop (238),Aeroblast (177),Drill Run (312),Leaf Blade (348),Never (0x0),FALSE,Female (1),Hardy (0),FALSE,FALSE,FALSE,FALSE
Salamence - 227,Salamence (397),60,0,None (0),フリー  (1),0,0,0,0,0,0,0,0,0,0,0,0,0,Draco Meteor (31),Dragon Claw (337),Flamethrower (53),Double-Edge (38),Never (0x0),TRUE,Male (0),Hardy (0),FALSE,FALSE,FALSE,FALSE
Flygon - 228,Flygon (334),45,0,None (0),サポーター  (3),0,0,0,0,0,0,0,0,0,0,0,0,0,Tailwind (219),Fire Blast (126),Earthquake (89),Dragon Claw (337),Never (0x0),TRUE,Female (1),Hardy (0),FALSE,FALSE,FALSE,FALSE
Umbreon - 229,Umbreon (197),45,0,None (0),フリー  (1),0,0,0,0,0,0,0,0,0,0,0,0,0,Toxic (92),Heal Bell (215),Foul Play (151),Moonlight (236),Never (0x0),FALSE,Male (0),Hardy (0),FALSE,FALSE,FALSE,FALSE
Gengar - 230,Gengar (94),60,0,None (0),フリー  (1),0,0,0,0,0,0,0,0,0,0,0,0,0,Ice Beam (58),Shadow Ball (247),Sludge Bomb (188),Dazzling Gleam (169),Never (0x0),FALSE,Female (1),Hardy (0),FALSE,FALSE,FALSE,FALSE
Cacturne - 231,Cacturne (345),60,0,None (0),フリー  (1),0,0,0,0,0,0,0,0,0,0,0,0,0,Dark Pulse (66),Spiky Shield (275),Giga Drain (202),Sucker Punch (21),Never (0x0),FALSE,Male (0),Hardy (0),FALSE,FALSE,FALSE,FALSE
Granbull - 232,Granbull (210),60,0,None (0),フリー  (1),0,0,0,0,0,0,0,0,0,0,0,0,0,Close Combat (119),Play Rough (70),Knock Off (48),Wild Charge (248),Never (0x0),FALSE,Female (1),Hardy (0),FALSE,FALSE,FALSE,FALSE
Sharpedo - 233,Sharpedo (331),60,0,None (0),フリー  (1),0,0,0,0,0,0,0,0,0,0,0,0,0,Psychic Fangs (135),Protect (155),Waterfall (127),Crunch (242),Never (0x0),TRUE,Female (1),Hardy (0),FALSE,FALSE,FALSE,FALSE
Muk - 234,Muk (89),60,0,None (0),フリー  (1),0,0,0,0,0,0,0,0,0,0,0,0,0,Poison Jab (15),Ice Punch (8),Fire Punch (7),Knock Off (48),Never (0x0),TRUE,Female (1),Hardy (0),FALSE,FALSE,FALSE,FALSE
Absol - 235,Absol (376),60,0,None (0),フリー  (1),0,0,0,0,0,0,0,0,0,0,0,0,0,Flamethrower (53),Knock Off (48),Psycho Cut (307),Ice Beam (58),Never (0x0),FALSE,Female (1),Hardy (0),FALSE,FALSE,FALSE,FALSE
Rapidash - 236,Rapidash (78),60,0,None (0),フリー  (1),0,0,0,0,0,0,0,0,0,0,0,0,0,Jump Kick (26),Overheat (315),Megahorn (224),Flare Blitz (25),Never (0x0),TRUE,Male (0),Hardy (0),FALSE,FALSE,FALSE,FALSE
Banette - 237,Banette (378),60,0,None (0),フリー  (1),0,0,0,0,0,0,0,0,0,0,0,0,0,Swagger (207),Shadow Claw (139),Will-O-Wisp (261),Sunny Day (241),Never (0x0),FALSE,Female (1),Hardy (0),FALSE,FALSE,FALSE,FALSE
Ludicolo - 238,Ludicolo (297),25,0,None (0),フリー  (1),0,0,0,0,0,0,0,0,0,0,0,0,0,Solarbeam (76),Hydro Pump (56),First Impression (24),Surf (57),Never (0x0),TRUE,Male (0),Hardy (0),FALSE,FALSE,FALSE,FALSE
Sableye - 239,Sableye (322),60,0,None (0),フリー  (1),0,0,0,0,0,0,0,0,0,0,0,0,0,Sunny Day (241),Will-O-Wisp (261),Snarl (6),Fake Out (252),Never (0x0),FALSE,Male (0),Hardy (0),FALSE,FALSE,FALSE,FALSE
Mightyena - 240,Mightyena (287),60,0,None (0),フリー  (1),0,0,0,0,0,0,0,0,0,0,0,0,0,Poison Fang (305),Knock Off (48),Psychic Fangs (135),Wild Charge (248),Never (0x0),FALSE,Male (0),Hardy (0),FALSE,FALSE,FALSE,FALSE
RoboGroudn - 241,RoboGroudn (253),60,0,None (0),フリー  (1),0,0,0,0,0,0,0,0,0,0,0,0,0,Earthquake (89),Fire Blast (126),Iron Tail (231),Charge Beam (143),Never (0x0),FALSE,Genderless (2),Hardy (0),FALSE,FALSE,FALSE,FALSE
RoboKyogre - 242,RoboKyogre (254),60,0,None (0),サポーター  (3),0,0,0,0,0,0,0,0,0,0,0,0,0,Scald (17),Ice Beam (58),Flamethrower (53),Charge Beam (143),Never (0x0),FALSE,Genderless (2),Hardy (0),FALSE,FALSE,FALSE,FALSE
Skarmory - 243,Skarmory (227),60,0,None (0),フリー  (1),0,0,0,0,0,0,0,0,0,0,0,0,0,Shadow Claw (139),Drill Peck (65),Iron Head (19),Zen Headbutt (5),Never (0x0),FALSE,Genderless (2),Hardy (0),FALSE,FALSE,FALSE,FALSE
Scizor - 244,Scizor (212),60,0,None (0),フリー  (1),0,0,0,0,0,0,0,0,0,0,0,0,0,Pursuit (228),Bullet Punch (1),U-Turn (287),Dual Chop (2),Never (0x0),FALSE,Male (0),Hardy (0),FALSE,FALSE,FALSE,FALSE
Metagross - 245,Metagross (400),60,0,None (0),フリー  (1),0,0,0,0,0,0,0,0,0,0,0,0,0,Bullet Punch (1),None (0),None (0),None (0),Always (0x1),FALSE,Genderless (2),Hardy (0),FALSE,FALSE,FALSE,FALSE
Magneton - 246,Magneton (82),60,0,None (0),テッカ通常バトン  (68),0,0,0,0,0,0,0,0,0,0,0,0,0,Lock-On (199),Power Gem (285),Thunderbolt (85),Nasty Plot (140),Never (0x0),FALSE,Genderless (2),Hardy (0),FALSE,FALSE,FALSE,FALSE
Seaking - 247,Seaking (119),60,0,None (0),フリー  (1),0,0,0,0,0,0,0,0,0,0,0,0,0,Knock Off (48),Waterfall (127),Surf (57),Agility (97),Never (0x0),FALSE,Female (1),Hardy (0),FALSE,FALSE,FALSE,FALSE
Cloyster - 248,Cloyster (91),60,0,None (0),バトン  (17),0,0,0,0,0,0,0,0,0,0,0,0,0,Blizzard (59),Psychic (94),Thunderbolt (85),Moonblast (296),Never (0x0),TRUE,Genderless (2),Hardy (0),FALSE,FALSE,FALSE,FALSE
Kingdra - 249,Kingdra (230),60,0,None (0),フリー  (1),0,0,0,0,0,0,0,0,0,0,0,0,0,Draco Meteor (31),Ice Hammer (249),Hydro Pump (56),Dragon Ascent (316),Never (0x0),FALSE,Male (0),Hardy (0),FALSE,FALSE,FALSE,FALSE
Politoed - 250,Politoed (186),60,0,None (0),フリー  (1),0,0,0,0,0,0,0,0,0,0,0,0,0,Psystrike (218),Water Spout (323),Nasty Plot (140),Hydro Pump (56),Never (0x0),FALSE,Male (0),Hardy (0),FALSE,FALSE,FALSE,FALSE
Tentacruel - 251,Tentacruel (73),60,0,None (0),強化  (16),0,0,0,0,0,0,0,0,0,0,0,0,0,Psystrike (218),Sludge Wave (308),Ice Beam (58),Hydro Pump (56),Never (0x0),TRUE,Female (1),Hardy (0),FALSE,FALSE,FALSE,FALSE
Ludicolo - 252,Ludicolo (297),25,0,None (0),強化  (16),0,0,0,0,0,0,0,0,0,0,0,0,0,Solarbeam (76),Hydro Pump (56),First Impression (24),Surf (57),Never (0x0),FALSE,Male (0),Hardy (0),FALSE,FALSE,FALSE,FALSE
Absol - 253,Absol (376),60,0,None (0),フリー  (1),0,0,0,0,0,0,0,0,0,0,0,0,0,Knock Off (48),Pursuit (228),Swords Dance (14),Stomping Tantrum (175),Never (0x0),FALSE,Female (1),Hardy (0),FALSE,FALSE,FALSE,FALSE
Vaporeon - 254,Vaporeon (134),60,0,None (0),サポーター  (3),0,0,0,0,0,0,0,0,0,0,0,0,0,Shadow Ball (247),Scald (17),Icy Wind (196),Heal Bell (215),Never (0x0),FALSE,Female (1),Hardy (0),FALSE,FALSE,FALSE,FALSE
Jolteon - 255,Jolteon (135),60,0,None (0),強化  (16),0,0,0,0,0,0,0,0,0,0,0,0,0,Volt Switch (289),None (0),None (0),None (0),Never (0x0),FALSE,Male (0),Hardy (0),FALSE,FALSE,FALSE,FALSE
Flareon - 256,Flareon (136),60,0,None (0),フリー  (1),0,0,0,0,0,0,0,0,0,0,0,0,0,Flare Blitz (25),None (0),None (0),None (0),Never (0x0),FALSE,Male (0),Hardy (0),FALSE,FALSE,FALSE,FALSE
Espeon - 257,Espeon (196),60,0,None (0),強化  (16),0,0,0,0,0,0,0,0,0,0,0,0,0,Psyshock (133),Psychic (94),Dazzling Gleam (169),Energy Ball (91),Never (0x0),FALSE,Female (1),Hardy (0),FALSE,FALSE,FALSE,FALSE
Vulpix - 258,Vulpix (37),25,0,None (0),フリー  (1),0,0,0,0,0,0,0,0,0,0,0,0,0,Solarbeam (76),Overheat (315),Energy Ball (91),Earth Power (11),Never (0x0),FALSE,Male (0),Hardy (0),FALSE,FALSE,FALSE,FALSE
Nosepass - 259,Nosepass (320),60,0,None (0),スペシャリスト  (4),0,0,0,0,0,0,0,0,0,0,0,0,0,Earth Power (11),Zap Cannon (192),Flash Cannon (295),Thunderbolt (85),Never (0x0),FALSE,Female (1),Hardy (0),FALSE,FALSE,FALSE,FALSE
Jumpluff - 260,Jumpluff (189),60,0,None (0),フリー  (1),0,0,0,0,0,0,0,0,0,0,0,0,0,Hurricane (239),Giga Drain (202),Rain Dance (240),Tailwind (219),Never (0x0),FALSE,Female (1),Hardy (0),FALSE,FALSE,FALSE,FALSE
Sudowoodo - 261,Sudowoodo (185),60,0,None (0),フリー  (1),0,0,0,0,0,0,0,0,0,0,0,0,0,Earthquake (89),Curse (174),Poison Jab (15),Zen Headbutt (5),Never (0x0),FALSE,Male (0),Hardy (0),FALSE,FALSE,FALSE,FALSE
Shiftry - 262,Shiftry (300),60,0,None (0),フリー  (1),0,0,0,0,0,0,0,0,0,0,0,0,0,Leech Life (81),Swagger (207),Leaf Blade (348),Night Slash (168),Never (0x0),FALSE,Genderless (2),Hardy (0),FALSE,FALSE,FALSE,FALSE
Ludicolo - 263,Ludicolo (297),60,0,None (0),強化  (16),0,0,0,0,0,0,0,0,0,0,0,0,0,Solarbeam (76),Hydro Pump (56),First Impression (24),Surf (57),Never (0x0),FALSE,Female (1),Hardy (0),FALSE,FALSE,FALSE,FALSE
Teddiursa - 264,Teddiursa (216),25,0,None (0),シナリオ１３  (32),0,0,0,0,0,0,0,0,0,0,0,0,0,Earthquake (89),Superpower (276),Meteor Mash (309),Hammer Arm (118),Never (0x0),FALSE,Male (0),Hardy (0),FALSE,FALSE,FALSE,FALSE
Charizard - 265,Charizard (6),60,0,None (0),フリー  (1),0,0,0,0,0,0,0,0,0,0,0,0,0,Aeroblast (177),Draco Meteor (31),Tailwind (219),Eruption (284),Never (0x0),FALSE,Female (1),Hardy (0),FALSE,FALSE,FALSE,FALSE
Houndoom - 266,Houndoom (229),60,0,None (0),フリー  (1),0,0,0,0,0,0,0,0,0,0,0,0,0,Sucker Punch (21),Flare Blitz (25),Overheat (315),Poison Jab (15),Never (0x0),FALSE,Male (0),Hardy (0),FALSE,FALSE,FALSE,FALSE
Slaking - 267,Slaking (366),60,0,None (0),状態変化優先  (73),0,0,0,0,0,0,0,0,0,0,0,0,0,Sucker Punch (21),Facade (263),Brick Break (280),Fake Out (252),Never (0x0),FALSE,Male (0),Hardy (0),FALSE,FALSE,FALSE,FALSE
Skarmory - 268,Skarmory (227),60,0,None (0),フリー  (1),0,0,0,0,0,0,0,0,0,0,0,0,0,Toxic (92),Brave Bird (123),Featherdance (297),Iron Head (19),Never (0x0),FALSE,Female (1),Hardy (0),FALSE,FALSE,FALSE,FALSE
Venusaur - 269,Venusaur (3),60,0,None (0),フリー  (1),0,0,0,0,0,0,0,0,0,0,0,0,0,Sludge Bomb (188),Sludge Wave (308),Toxic (92),Sludge (124),Never (0x0),FALSE,Female (1),Hardy (0),FALSE,FALSE,FALSE,FALSE
Gyarados - 270,Gyarados (130),60,0,None (0),サポーター  (3),0,0,0,0,0,0,0,0,0,0,0,0,0,Aqua Tail (49),Dragon Hammer (90),Play Rough (70),Dragon Dance (349),Never (0x0),FALSE,Female (1),Hardy (0),FALSE,FALSE,FALSE,FALSE
Arcanine - 271,Arcanine (59),60,0,None (0),フリー  (1),0,0,0,0,0,0,0,0,0,0,0,0,0,Double-Edge (38),Flare Blitz (25),Sacred Fire (221),Earthquake (89),Never (0x0),TRUE,Male (0),Hardy (0),FALSE,FALSE,FALSE,FALSE
Houndoom - 272,Houndoom (229),60,0,None (0),フリー  (1),0,0,0,0,0,0,0,0,0,0,0,0,0,Solarbeam (76),Overheat (315),Foul Play (151),Nasty Plot (140),Never (0x0),FALSE,Male (0),Hardy (0),FALSE,FALSE,FALSE,FALSE
Magcargo - 273,Magcargo (219),60,0,None (0),フリー  (1),0,0,0,0,0,0,0,0,0,0,0,0,0,Nasty Plot (140),Eruption (284),Earth Power (11),Overheat (315),Never (0x0),FALSE,Female (1),Hardy (0),FALSE,FALSE,FALSE,FALSE
Ninetales - 274,Ninetales (38),60,0,None (0),フリー  (1),0,0,0,0,0,0,0,0,0,0,0,0,0,Solarbeam (76),Overheat (315),Energy Ball (91),Earth Power (11),Never (0x0),FALSE,Female (1),Hardy (0),FALSE,FALSE,FALSE,FALSE
Camerupt - 275,Camerupt (340),60,0,None (0),フリー  (1),0,0,0,0,0,0,0,0,0,0,0,0,0,Fire Blast (126),Earth Power (11),Energy Ball (91),Sludge Bomb (188),Never (0x0),FALSE,Male (0),Hardy (0),FALSE,FALSE,FALSE,FALSE
Lombre - 276,Lombre (296),25,0,None (0),フリー  (1),0,0,0,0,0,0,0,0,0,0,0,0,0,Solarbeam (76),Hydro Pump (56),First Impression (24),Surf (57),Never (0x0),FALSE,Female (1),Hardy (0),FALSE,FALSE,FALSE,FALSE
Breloom - 277,Breloom (307),60,0,None (0),フリー  (1),0,0,0,0,0,0,0,0,0,0,0,0,0,Drain Punch (22),Seed Bomb (106),Leech Seed (73),Leech Life (81),Never (0x0),FALSE,Female (1),Hardy (0),FALSE,FALSE,FALSE,FALSE
Donphan - 278,Donphan (232),60,0,None (0),フリー  (1),0,0,0,0,0,0,0,0,0,0,0,0,0,Double-Edge (38),Stone Edge (39),Earthquake (89),Curse (174),Never (0x0),FALSE,Female (1),Hardy (0),FALSE,FALSE,FALSE,FALSE
Lombre - 279,Lombre (296),25,0,None (0),サポーター  (3),0,0,0,0,0,0,0,0,0,0,0,0,0,Solarbeam (76),Hydro Pump (56),First Impression (24),Surf (57),Never (0x0),FALSE,Female (1),Hardy (0),FALSE,FALSE,FALSE,FALSE
Ampharos - 280,Ampharos (181),60,0,None (0),フリー  (1),0,0,0,0,0,0,0,0,0,0,0,0,0,Moonblast (296),Zap Cannon (192),Dragon Pulse (110),Thunder (87),Never (0x0),FALSE,Female (1),Hardy (0),FALSE,FALSE,FALSE,FALSE
Dugtrio - 281,Dugtrio (51),60,0,None (0),フリー  (1),0,0,0,0,0,0,0,0,0,0,0,0,0,Earthquake (89),Head Smash (131),Foul Play (151),Stone Edge (39),Never (0x0),FALSE,Female (1),Hardy (0),FALSE,FALSE,FALSE,FALSE
Glalie - 282,Glalie (347),60,0,None (0),強化  (16),0,0,0,0,0,0,0,0,0,0,0,0,0,Icicle Crash (99),Rock Slide (157),Hail (258),Aura Sphere (4),Never (0x0),FALSE,Male (0),Hardy (0),FALSE,FALSE,FALSE,FALSE
Swampert - 283,Swampert (285),60,0,None (0),フリー  (1),0,0,0,0,0,0,0,0,0,0,0,0,0,Ice Hammer (249),Head Smash (131),Earthquake (89),Hammer Arm (118),Never (0x0),FALSE,Male (0),Hardy (0),FALSE,FALSE,FALSE,FALSE
Blaziken - 284,Blaziken (282),60,0,None (0),フリー  (1),0,0,0,0,0,0,0,0,0,0,0,0,0,Brave Bird (123),V-Create (171),Flare Blitz (25),Hi Jump Kick (136),Never (0x0),TRUE,Male (0),Hardy (0),FALSE,FALSE,FALSE,FALSE
Sceptile - 285,Sceptile (279),60,0,None (0),フリー  (1),0,0,0,0,0,0,0,0,0,0,0,0,0,Wood Hammer (150),Outrage (200),Cross Chop (238),Dragon Hammer (90),Never (0x0),FALSE,Female (1),Hardy (0),FALSE,FALSE,FALSE,FALSE
Blastoise - 286,Blastoise (9),60,0,None (0),フリー  (1),0,0,0,0,0,0,0,0,0,0,0,0,0,Aura Sphere (4),Water Pulse (352),Ice Beam (58),Fake Out (252),Never (0x0),FALSE,Male (0),Hardy (0),FALSE,FALSE,FALSE,FALSE
Charizard - 287,Charizard (6),60,0,None (0),フリー  (1),0,0,0,0,0,0,0,0,0,0,0,0,0,Dragon Dance (125),Aerial Ace (332),Flare Blitz (25),Overheat (315),Never (0x0),FALSE,Female (1),Hardy (0),FALSE,FALSE,FALSE,FALSE
Ludicolo - 288,Ludicolo (297),45,0,None (0),フリー  (1),0,0,0,0,0,0,0,0,0,0,0,0,0,Solarbeam (76),Hydro Pump (56),First Impression (24),Surf (57),Never (0x0),FALSE,Male (0),Hardy (0),FALSE,FALSE,FALSE,FALSE
Starmie - 289,Starmie (121),60,0,None (0),フリー  (1),0,0,0,0,0,0,0,0,0,0,0,0,0,Hydro Pump (56),Psycho Boost (354),Calm Mind (129),Psystrike (218),Never (0x0),FALSE,Genderless (2),Hardy (0),FALSE,FALSE,FALSE,FALSE
Charizard - 290,Charizard (6),60,0,None (0),フリー  (1),0,0,0,0,0,0,0,0,0,0,0,0,0,Aeroblast (177),Draco Meteor (31),Tailwind (219),Eruption (284),Never (0x0),FALSE,Female (1),Hardy (0),FALSE,FALSE,FALSE,FALSE
Gengar - 291,Gengar (94),60,0,None (0),フリー  (1),0,0,0,0,0,0,0,0,0,0,0,0,0,Fire Blast (126),Zap Cannon (192),Dragon Pulse (110),Sludge Wave (308),Never (0x0),FALSE,Male (0),Hardy (0),FALSE,FALSE,FALSE,FALSE
Sceptile - 292,Sceptile (279),60,0,None (0),フリー  (1),0,0,0,0,0,0,0,0,0,0,0,0,0,Wood Hammer (150),Outrage (200),Cross Chop (238),Dragon Hammer (90),Never (0x0),FALSE,Female (1),Hardy (0),FALSE,FALSE,FALSE,FALSE
Tauros - 293,Tauros (128),60,0,None (0),フリー  (1),0,0,0,0,0,0,0,0,0,0,0,0,0,Flare Blitz (25),Double-Edge (38),Earthquake (89),Megahorn (224),Never (0x0),FALSE,Male (0),Hardy (0),FALSE,FALSE,FALSE,FALSE
Aerodactyl - 294,Aerodactyl (142),60,0,None (0),フリー  (1),0,0,0,0,0,0,0,0,0,0,0,0,0,Bone Club (10),Iron Head (19),Hone Claws (12),Crunch (242),Never (0x0),FALSE,Female (1),Hardy (0),FALSE,FALSE,FALSE,FALSE
Salamence - 295,Salamence (397),60,0,None (0),フリー  (1),0,0,0,0,0,0,0,0,0,0,0,0,0,Outrage (200),Dragon Ascent (316),Draco Meteor (31),Double-Edge (38),Always (0x1),FALSE,Male (0),Hardy (0),FALSE,FALSE,FALSE,FALSE
Ho-Oh - 296,Ho-Oh (250),60,0,None (0),注目  (15),0,0,0,0,0,0,0,0,0,0,0,0,0,U-Turn (287),Brave Bird (123),Sacred Fire (221),Overheat (315),Always (0x1),FALSE,Genderless (2),Hardy (0),FALSE,FALSE,FALSE,FALSE
Rayquaza - 297,Rayquaza (406),60,0,None (0),フリー  (1),0,0,0,0,0,0,0,0,0,0,0,0,0,Outrage (200),Dragon Ascent (316),V-Create (171),Draco Meteor (31),Always (0x1),FALSE,Genderless (2),Hardy (0),FALSE,FALSE,FALSE,FALSE
Starmie - 298,Starmie (121),60,0,None (0),注目  (15),0,0,0,0,0,0,0,0,0,0,0,0,0,Hydro Pump (56),Psystrike (218),None (0),None (0),Always (0x1),FALSE,Genderless (2),Hardy (0),FALSE,FALSE,FALSE,FALSE
XG001 - 299,XG001 (252),60,0,None (0),強化  (16),0,0,0,0,0,0,0,0,0,0,0,0,0,Shadow Blast (366),Psystrike (218),Aeroblast (177),Earthquake (89),Always (0x1),FALSE,Genderless (2),Hardy (0),FALSE,FALSE,FALSE,FALSE
Latias - 300,Latias (407),60,0,None (0),フリー  (1),0,0,0,0,0,0,0,0,0,0,0,0,0,Ice Beam (58),Fire Blast (126),Psystrike (218),Dragon Pulse (110),Always (0x1),FALSE,Female (1),Hardy (0),FALSE,FALSE,FALSE,FALSE
Blastoise - 301,Blastoise (9),60,0,None (0),フリー  (1),0,0,0,0,0,0,0,0,0,0,0,0,0,Dark Pulse (66),Water Spout (323),Surf (57),Hydro Pump (56),Never (0x0),FALSE,Female (1),Hardy (0),FALSE,FALSE,FALSE,FALSE
Lugia - 302,Lugia (249),60,0,None (0),フリー  (1),0,0,0,0,0,0,0,0,0,0,0,0,0,Aeroblast (177),Air Slash (154),Calm Mind (347),Psystrike (218),Never (0x0),FALSE,Genderless (2),Hardy (0),FALSE,FALSE,FALSE,FALSE
Arcanine - 303,Arcanine (59),60,0,None (0),フリー  (1),0,0,0,0,0,0,0,0,0,0,0,0,0,Double-Edge (38),Flare Blitz (25),Sacred Fire (221),Earthquake (89),Never (0x0),FALSE,Male (0),Hardy (0),FALSE,FALSE,FALSE,FALSE
Rapidash - 304,Rapidash (78),60,0,None (0),フリー  (1),0,0,0,0,0,0,0,0,0,0,0,0,0,Overheat (315),Megahorn (224),Double-Edge (38),Hi Jump Kick (136),Never (0x0),FALSE,Female (1),Hardy (0),FALSE,FALSE,FALSE,FALSE
Skarmory - 305,Skarmory (227),60,0,None (0),フリー  (1),0,0,0,0,0,0,0,0,0,0,0,0,0,Shadow Claw (139),Drill Peck (65),Iron Head (19),Zen Headbutt (5),Never (0x0),FALSE,Female (1),Hardy (0),FALSE,FALSE,FALSE,FALSE
Rayquaza - 306,Rayquaza (406),60,0,None (0),フリー  (1),0,0,0,0,0,0,0,0,0,0,0,0,0,Air Slash (154),Dragon Claw (337),Dragon Dance (125),Extremespeed (245),Never (0x0),FALSE,Genderless (2),Hardy (0),FALSE,FALSE,FALSE,FALSE
Starmie - 307,Starmie (121),60,0,None (0),ふういん  (69),0,0,0,0,0,0,0,0,0,0,0,0,0,Hydro Pump (56),Psycho Boost (354),Calm Mind (129),Psystrike (218),Never (0x0),FALSE,Genderless (2),Hardy (0),FALSE,FALSE,FALSE,FALSE
Swellow - 308,Swellow (305),60,0,None (0),フリー  (1),0,0,0,0,0,0,0,0,0,0,0,0,0,Brave Bird (123),Boomburst (253),Aqua Tail (49),Iron Tail (231),Never (0x0),FALSE,Genderless (2),Hardy (0),FALSE,FALSE,FALSE,FALSE
Manectric - 309,Manectric (338),60,0,None (0),テッカ通常バトン  (68),0,0,0,0,0,0,0,0,0,0,0,0,0,Overheat (315),Zap Cannon (192),Thunder (87),Psystrike (218),Never (0x0),FALSE,Genderless (2),Hardy (0),FALSE,FALSE,FALSE,FALSE
Altaria - 310,Altaria (359),60,0,None (0),フリー  (1),0,0,0,0,0,0,0,0,0,0,0,0,0,Perish Song (195),Extremespeed (245),Zen Headbutt (5),Dragon Dance (349),Always (0x1),FALSE,Male (0),Hardy (0),FALSE,FALSE,FALSE,FALSE
Aerodactyl - 311,Aerodactyl (142),60,0,None (0),フリー  (1),0,0,0,0,0,0,0,0,0,0,0,0,0,Bone Club (10),Iron Head (19),Hone Claws (12),Crunch (242),Never (0x0),FALSE,Genderless (2),Hardy (0),FALSE,FALSE,FALSE,FALSE
Granbull - 312,Granbull (210),60,0,None (0),フリー  (1),0,0,0,0,0,0,0,0,0,0,0,0,0,Iron Tail (231),Close Combat (119),Hammer Arm (118),Earthquake (89),Never (0x0),FALSE,Genderless (2),Hardy (0),FALSE,FALSE,FALSE,FALSE
Gengar - 313,Gengar (94),60,0,None (0),フリー  (1),0,0,0,0,0,0,0,0,0,0,0,0,0,Fire Blast (126),Zap Cannon (192),Dragon Pulse (110),Sludge Wave (308),Never (0x0),FALSE,Male (0),Hardy (0),FALSE,FALSE,FALSE,FALSE
Metagross - 314,Metagross (400),60,0,None (0),フリー  (1),0,0,0,0,0,0,0,0,0,0,0,0,0,Rock Slide (157),Lunge (145),Thunder Punch (9),Fire Punch (7),Never (0x0),FALSE,Genderless (2),Hardy (0),FALSE,FALSE,FALSE,FALSE
Snorlax - 315,Snorlax (143),60,0,None (0),フリー  (1),0,0,0,0,0,0,0,0,0,0,0,0,0,Zen Headbutt (5),Iron Head (19),Rest (156),Belly Drum (187),Never (0x0),FALSE,Male (0),Hardy (0),FALSE,FALSE,FALSE,FALSE
Tauros - 316,Tauros (128),60,0,None (0),フリー  (1),0,0,0,0,0,0,0,0,0,0,0,0,0,Flare Blitz (25),Double-Edge (38),Earthquake (89),Megahorn (224),Never (0x0),FALSE,Male (0),Hardy (0),FALSE,FALSE,FALSE,FALSE
Ninjask - 317,Ninjask (302),60,0,None (0),フリー  (1),0,0,0,0,0,0,0,0,0,0,0,0,0,Brave Bird (123),Wood Hammer (150),Leaf Blade (348),Meteor Mash (309),Never (0x0),FALSE,Female (1),Hardy (0),FALSE,FALSE,FALSE,FALSE
Salamence - 318,Salamence (397),60,0,None (0),フリー  (1),0,0,0,0,0,0,0,0,0,0,0,0,0,Dragon Ascent (316),Flare Blitz (25),Zen Headbutt (5),Outrage (200),Never (0x0),FALSE,Female (1),Hardy (0),FALSE,FALSE,FALSE,FALSE
Raichu - 319,Raichu (26),60,0,None (0),なし  (0),0,0,0,0,0,0,0,0,0,0,0,0,0,Flare Blitz (25),Volt Tackle (344),Iron Tail (231),Aqua Tail (49),Never (0x0),FALSE,Female (1),Hardy (0),FALSE,FALSE,FALSE,FALSE
Manectric - 320,Manectric (338),60,0,None (0),なし  (0),0,0,0,0,0,0,0,0,0,0,0,0,0,Overheat (315),Zap Cannon (192),Thunder (87),Psystrike (218),Never (0x0),FALSE,Male (0),Hardy (0),FALSE,FALSE,FALSE,FALSE
Ampharos - 321,Ampharos (181),60,0,None (0),なし  (0),0,0,0,0,0,0,0,0,0,0,0,0,0,Moonblast (296),Zap Cannon (192),Dragon Pulse (110),Thunder (87),Never (0x0),FALSE,Genderless (2),Hardy (0),FALSE,FALSE,FALSE,FALSE
Zangoose - 322,Zangoose (380),60,0,None (0),なし  (0),0,0,0,0,0,0,0,0,0,0,0,0,0,Facade (263),Close Combat (119),Double-Edge (38),Crush Claw (306),Never (0x0),FALSE,Female (1),Hardy (0),FALSE,FALSE,FALSE,FALSE
Lanturn - 323,Lanturn (171),60,0,None (0),なし  (0),0,0,0,0,0,0,0,0,0,0,0,0,0,Pain Split (220),Aurora Beam (62),Bubblebeam (61),Rain Dance (240),Never (0x0),FALSE,Female (1),Hardy (0),FALSE,FALSE,FALSE,FALSE
Electabuzz - 324,Electabuzz (125),60,0,None (0),なし  (0),0,0,0,0,0,0,0,0,0,0,0,0,0,Iron Head (19),Wild Charge (248),Cross Chop (238),Thunder (87),Never (0x0),TRUE,Male (0),Hardy (0),FALSE,FALSE,FALSE,FALSE
Manectric - 325,Manectric (338),60,0,None (0),なし  (0),0,0,0,0,0,0,0,0,0,0,0,0,0,Overheat (315),Zap Cannon (192),Thunder (87),Psystrike (218),Never (0x0),FALSE,Male (0),Hardy (0),FALSE,FALSE,FALSE,FALSE
Raichu - 326,Raichu (26),60,0,None (0),なし  (0),0,0,0,0,0,0,0,0,0,0,0,0,0,Flare Blitz (25),Volt Tackle (344),Iron Tail (231),Aqua Tail (49),Never (0x0),FALSE,Male (0),Hardy (0),FALSE,FALSE,FALSE,FALSE
Salamence - 327,Salamence (397),60,0,None (0),なし  (0),0,0,0,0,0,0,0,0,0,0,0,0,0,Dragon Ascent (316),Flare Blitz (25),Zen Headbutt (5),Outrage (200),Never (0x0),TRUE,Female (1),Hardy (0),FALSE,FALSE,FALSE,FALSE
Flygon - 328,Flygon (334),60,0,None (0),なし  (0),0,0,0,0,0,0,0,0,0,0,0,0,0,Brave Bird (123),Outrage (200),Crunch (242),Earthquake (89),Never (0x0),FALSE,Female (1),Hardy (0),FALSE,FALSE,FALSE,FALSE
Dragonite - 329,Dragonite (149),60,0,None (0),なし  (0),0,0,0,0,0,0,0,0,0,0,0,0,0,Outrage (200),Flare Blitz (25),Iron Tail (231),Dragon Ascent (316),Never (0x0),TRUE,Genderless (2),Hardy (0),FALSE,FALSE,FALSE,FALSE
Tyranitar - 330,Tyranitar (248),60,0,None (0),なし  (0),0,0,0,0,0,0,0,0,0,0,0,0,0,Outrage (200),Head Smash (131),Iron Tail (231),Hammer Arm (118),Never (0x0),TRUE,Female (1),Hardy (0),FALSE,FALSE,FALSE,FALSE
Typhlosion - 331,Typhlosion (157),60,0,None (0),なし  (0),0,0,0,0,0,0,0,0,0,0,0,0,0,Sludge Wave (308),Eruption (284),Earth Power (11),Dragon Pulse (110),Never (0x0),FALSE,Female (1),Hardy (0),FALSE,FALSE,FALSE,FALSE
Magcargo - 332,Magcargo (219),60,0,None (0),なし  (0),0,0,0,0,0,0,0,0,0,0,0,0,0,Nasty Plot (140),Eruption (284),Earth Power (11),Overheat (315),Never (0x0),TRUE,Female (1),Hardy (0),FALSE,FALSE,FALSE,FALSE
Torkoal - 333,Torkoal (321),60,0,None (0),なし  (0),0,0,0,0,0,0,0,0,0,0,0,0,0,Flash Cannon (295),Sunny Day (241),Flamethrower (53),Razor Shell (179),Never (0x0),FALSE,Male (0),Hardy (0),FALSE,FALSE,FALSE,FALSE
Lanturn - 334,Lanturn (171),60,0,None (0),なし  (0),0,0,0,0,0,0,0,0,0,0,0,0,0,Pain Split (220),Aurora Beam (62),Bubblebeam (61),Rain Dance (240),Never (0x0),FALSE,Female (1),Hardy (0),FALSE,FALSE,FALSE,FALSE
Electrode - 335,Electrode (101),60,0,None (0),なし  (0),0,0,0,0,0,0,0,0,0,0,0,0,0,Zap Cannon (192),Explosion (153),Earth Power (11),Dark Pulse (66),Never (0x0),FALSE,Genderless (2),Hardy (0),FALSE,FALSE,FALSE,FALSE
Zangoose - 336,Zangoose (380),60,0,None (0),なし  (0),0,0,0,0,0,0,0,0,0,0,0,0,0,Facade (263),Close Combat (119),Double-Edge (38),Crush Claw (306),Never (0x0),FALSE,Male (0),Hardy (0),FALSE,FALSE,FALSE,FALSE
Walrein - 337,Walrein (343),60,0,None (0),なし  (0),0,0,0,0,0,0,0,0,0,0,0,0,0,Freeze Dry (198),Aurora Veil (32),Hydro Pump (56),Blizzard (59),Never (0x0),FALSE,Female (1),Hardy (0),FALSE,FALSE,FALSE,FALSE
Lapras - 338,Lapras (131),60,0,None (0),なし  (0),0,0,0,0,0,0,0,0,0,0,0,0,0,Freeze Dry (198),Ice Shard (96),Hydro Pump (56),Blizzard (59),Never (0x0),FALSE,Male (0),Hardy (0),FALSE,FALSE,FALSE,FALSE
Slowking - 339,Slowking (199),60,0,None (0),なし  (0),0,0,0,0,0,0,0,0,0,0,0,0,0,Blizzard (59),Psyshock (133),Trick Room (286),Scald (17),Never (0x0),FALSE,Female (1),Hardy (0),FALSE,FALSE,FALSE,FALSE
Mr. Mime - 340,Mr. Mime (122),60,0,None (0),なし  (0),0,0,0,0,0,0,0,0,0,0,0,0,0,Heart Stamp (170),Force Palm (158),Shadow Punch (325),Nasty Plot (140),Never (0x0),FALSE,Female (1),Hardy (0),FALSE,FALSE,FALSE,FALSE
Porygon2 - 341,Porygon2 (233),60,0,None (0),なし  (0),0,0,0,0,0,0,0,0,0,0,0,0,0,Tri Attack (161),Shadow Ball (247),Ice Beam (58),Thunderbolt (85),Never (0x0),FALSE,Genderless (2),Hardy (0),FALSE,FALSE,FALSE,FALSE
Clefable - 342,Clefable (36),60,0,None (0),なし  (0),0,0,0,0,0,0,0,0,0,0,0,0,0,Energy Ball (91),Thunderbolt (85),Extrasensory (326),Earth Power (11),Never (0x0),FALSE,Female (1),Hardy (0),FALSE,FALSE,FALSE,FALSE
Tyranitar - 343,Tyranitar (248),60,0,None (0),なし  (0),0,0,0,0,0,0,0,0,0,0,0,0,0,Outrage (200),Head Smash (131),Iron Tail (231),Hammer Arm (118),Never (0x0),FALSE,Female (1),Hardy (0),FALSE,FALSE,FALSE,FALSE
Golem - 344,Golem (76),60,0,None (0),なし  (0),0,0,0,0,0,0,0,0,0,0,0,0,0,Head Smash (131),Explosion (153),Wild Charge (248),Flare Blitz (25),Never (0x0),FALSE,Male (0),Hardy (0),FALSE,FALSE,FALSE,FALSE
Flygon - 345,Flygon (334),60,0,None (0),なし  (0),0,0,0,0,0,0,0,0,0,0,0,0,0,Brave Bird (123),Outrage (200),Crunch (242),Earthquake (89),Never (0x0),FALSE,Male (0),Hardy (0),FALSE,FALSE,FALSE,FALSE
Nidoking - 346,Nidoking (34),60,0,None (0),なし  (0),0,0,0,0,0,0,0,0,0,0,0,0,0,Meteor Mash (309),Gunk Shot (148),Blaze Kick (299),Play Rough (70),Never (0x0),FALSE,Male (0),Hardy (0),FALSE,FALSE,FALSE,FALSE
Steelix - 347,Steelix (208),60,0,None (0),なし  (0),0,0,0,0,0,0,0,0,0,0,0,0,0,Drill Run (312),Rock Slide (157),Wild Charge (248),Crunch (242),Never (0x0),FALSE,Female (1),Hardy (0),FALSE,FALSE,FALSE,FALSE
Marowak - 348,Marowak (105),60,0,None (0),なし  (0),0,0,0,0,0,0,0,0,0,0,0,0,0,Earthquake (89),Head Smash (131),Stone Edge (39),Ice Hammer (249),Never (0x0),FALSE,Male (0),Hardy (0),FALSE,FALSE,FALSE,FALSE
Venomoth - 349,Venomoth (49),60,0,None (0),なし  (0),0,0,0,0,0,0,0,0,0,0,0,0,0,Hurricane (239),Bug Buzz (30),Energy Ball (91),Sludge Wave (308),Never (0x0),FALSE,Female (1),Hardy (0),FALSE,FALSE,FALSE,FALSE
Houndoom - 350,Houndoom (229),60,0,None (0),なし  (0),0,0,0,0,0,0,0,0,0,0,0,0,0,Solarbeam (76),Overheat (315),Foul Play (151),Nasty Plot (140),Never (0x0),FALSE,Female (1),Hardy (0),FALSE,FALSE,FALSE,FALSE
Magmar - 351,Magmar (126),60,0,None (0),なし  (0),0,0,0,0,0,0,0,0,0,0,0,0,0,Flamethrower (53),Earth Power (11),Solarbeam (76),Overheat (315),Never (0x0),FALSE,Male (0),Hardy (0),FALSE,FALSE,FALSE,FALSE
Gengar - 352,Gengar (94),60,0,None (0),なし  (0),0,0,0,0,0,0,0,0,0,0,0,0,0,Fire Blast (126),Zap Cannon (192),Dragon Pulse (110),Sludge Wave (308),Never (0x0),TRUE,Female (1),Hardy (0),FALSE,FALSE,FALSE,FALSE
Weezing - 353,Weezing (110),60,0,None (0),なし  (0),0,0,0,0,0,0,0,0,0,0,0,0,0,Smokescreen (108),Pain Split (220),Will-O-Wisp (261),Sludge Bomb (188),Never (0x0),FALSE,Female (1),Hardy (0),FALSE,FALSE,FALSE,FALSE
Typhlosion - 354,Typhlosion (157),60,0,None (0),なし  (0),0,0,0,0,0,0,0,0,0,0,0,0,0,Sludge Wave (308),Eruption (284),Earth Power (11),Dragon Pulse (110),Never (0x0),FALSE,Male (0),Hardy (0),FALSE,FALSE,FALSE,FALSE
Granbull - 355,Granbull (210),60,0,None (0),なし  (0),0,0,0,0,0,0,0,0,0,0,0,0,0,Wild Charge (248),Crunch (242),Close Combat (119),Play Rough (70),Never (0x0),FALSE,Male (0),Hardy (0),FALSE,FALSE,FALSE,FALSE
Primeape - 356,Primeape (57),60,0,None (0),なし  (0),0,0,0,0,0,0,0,0,0,0,0,0,0,Sky Uppercut (327),Poison Jab (15),Meteor Mash (309),Belly Drum (187),Never (0x0),FALSE,Male (0),Hardy (0),FALSE,FALSE,FALSE,FALSE
Machamp - 357,Machamp (68),60,0,None (0),なし  (0),0,0,0,0,0,0,0,0,0,0,0,0,0,Dynamicpunch (223),None (0),None (0),None (0),Never (0x0),FALSE,Female (1),Hardy (0),FALSE,FALSE,FALSE,FALSE
Electabuzz - 358,Electabuzz (125),60,0,None (0),なし  (0),0,0,0,0,0,0,0,0,0,0,0,0,0,Wild Charge (248),Meteor Mash (309),Hammer Arm (118),Ice Hammer (249),Never (0x0),FALSE,Female (1),Hardy (0),FALSE,FALSE,FALSE,FALSE
Zangoose - 359,Zangoose (380),60,0,None (0),なし  (0),0,0,0,0,0,0,0,0,0,0,0,0,0,Facade (263),Close Combat (119),Double-Edge (38),Crush Claw (306),Never (0x0),FALSE,Genderless (2),Hardy (0),FALSE,FALSE,FALSE,FALSE
Hariyama - 360,Hariyama (336),60,0,None (0),なし  (0),0,0,0,0,0,0,0,0,0,0,0,0,0,Stone Edge (39),Close Combat (119),Earthquake (89),Belly Drum (187),Never (0x0),FALSE,Male (0),Hardy (0),FALSE,FALSE,FALSE,FALSE
Kecleon - 361,Kecleon (317),60,0,None (0),なし  (0),0,0,0,0,0,0,0,0,0,0,0,0,0,Double-Edge (38),Giga Impact (320),Aqua Tail (49),Iron Tail (231),Never (0x0),FALSE,Genderless (2),Hardy (0),FALSE,FALSE,FALSE,FALSE
Flygon - 362,Flygon (334),60,0,None (0),なし  (0),0,0,0,0,0,0,0,0,0,0,0,0,0,Dragon Pulse (110),Flamethrower (53),Earth Power (11),Air Slash (154),Never (0x0),TRUE,Male (0),Hardy (0),FALSE,FALSE,FALSE,FALSE
Salamence - 363,Salamence (397),60,0,None (0),なし  (0),0,0,0,0,0,0,0,0,0,0,0,0,0,Dragon Ascent (316),Flare Blitz (25),Zen Headbutt (5),Outrage (200),Never (0x0),FALSE,Male (0),Hardy (0),FALSE,FALSE,FALSE,FALSE
Altaria - 364,Altaria (359),60,0,None (0),なし  (0),0,0,0,0,0,0,0,0,0,0,0,0,0,Perish Song (195),Extremespeed (245),Zen Headbutt (5),Dragon Dance (349),Never (0x0),FALSE,Male (0),Hardy (0),FALSE,FALSE,FALSE,FALSE
Milotic - 365,Milotic (329),60,0,None (0),なし  (0),0,0,0,0,0,0,0,0,0,0,0,0,0,Extrasensory (326),Dragon Pulse (110),Earth Power (11),Ice Beam (58),Never (0x0),FALSE,Female (1),Hardy (0),FALSE,FALSE,FALSE,FALSE
Seviper - 366,Seviper (379),60,0,None (0),なし  (0),0,0,0,0,0,0,0,0,0,0,0,0,0,Fire Fang (213),Coil (111),Crunch (242),Cross Poison (342),Never (0x0),FALSE,Female (1),Hardy (0),FALSE,FALSE,FALSE,FALSE
Kingdra - 367,Kingdra (230),60,0,None (0),なし  (0),0,0,0,0,0,0,0,0,0,0,0,0,0,Hydro Pump (56),Draco Meteor (31),None (0),None (0),Never (0x0),FALSE,Male (0),Hardy (0),FALSE,FALSE,FALSE,FALSE
Altaria - 368,Altaria (359),60,0,None (0),なし  (0),0,0,0,0,0,0,0,0,0,0,0,0,0,Air Slash (154),Dragon Pulse (110),Moonblast (296),Fire Blast (126),Never (0x0),FALSE,Female (1),Hardy (0),FALSE,FALSE,FALSE,FALSE
Muk - 369,Muk (89),60,0,None (0),なし  (0),0,0,0,0,0,0,0,0,0,0,0,0,0,Earthquake (89),Gunk Shot (148),Seed Bomb (106),Meteor Mash (309),Never (0x0),FALSE,Male (0),Hardy (0),FALSE,FALSE,FALSE,FALSE
Dragonite - 370,Dragonite (149),60,0,None (0),なし  (0),0,0,0,0,0,0,0,0,0,0,0,0,0,Earthquake (89),Fire Punch (7),Extremespeed (245),Dragon Claw (337),Never (0x0),FALSE,Female (1),Hardy (0),FALSE,FALSE,FALSE,FALSE
Salamence - 371,Salamence (397),60,0,None (0),なし  (0),0,0,0,0,0,0,0,0,0,0,0,0,0,Draco Meteor (31),Dragon Claw (337),Flamethrower (53),Crunch (242),Never (0x0),FALSE,Male (0),Hardy (0),FALSE,FALSE,FALSE,FALSE
Gengar - 372,Gengar (94),60,0,None (0),なし  (0),0,0,0,0,0,0,0,0,0,0,0,0,0,Fire Blast (126),Zap Cannon (192),Dragon Pulse (110),Sludge Wave (308),Never (0x0),TRUE,Female (1),Hardy (0),FALSE,FALSE,FALSE,FALSE
Muk - 373,Muk (89),60,0,None (0),なし  (0),0,0,0,0,0,0,0,0,0,0,0,0,0,Poison Jab (15),Fire Punch (7),Ice Punch (8),Knock Off (48),Never (0x0),TRUE,Female (1),Hardy (0),FALSE,FALSE,FALSE,FALSE
Crawdaunt - 374,Crawdaunt (327),60,0,None (0),なし  (0),0,0,0,0,0,0,0,0,0,0,0,0,0,Hammer Arm (118),Aqua Jet (37),Knock Off (48),Liquidation (230),Never (0x0),FALSE,Male (0),Hardy (0),FALSE,FALSE,FALSE,FALSE
Cacturne - 375,Cacturne (345),60,0,None (0),なし  (0),0,0,0,0,0,0,0,0,0,0,0,0,0,Dark Pulse (66),Trick Room (286),Giga Drain (202),Knock Off (48),Never (0x0),FALSE,Male (0),Hardy (0),FALSE,FALSE,FALSE,FALSE
Marowak - 376,Marowak (265),60,0,None (0),なし  (0),0,0,0,0,0,0,0,0,0,0,0,0,0,Flare Blitz (25),Bone Club (10),Wild Charge (248),Shadow Bone (18),Never (0x0),FALSE,Female (1),Hardy (0),FALSE,FALSE,FALSE,FALSE
Hariyama - 377,Hariyama (336),60,0,None (0),なし  (0),0,0,0,0,0,0,0,0,0,0,0,0,0,Fake Out (252),Hammer Arm (118),Knock Off (48),Ice Punch (8),Never (0x0),TRUE,Female (1),Hardy (0),FALSE,FALSE,FALSE,FALSE
Umbreon - 378,Umbreon (197),60,0,None (0),なし  (0),0,0,0,0,0,0,0,0,0,0,0,0,0,Toxic (92),Trick Room (286),Foul Play (151),Moonlight (236),Never (0x0),FALSE,Male (0),Hardy (0),FALSE,FALSE,FALSE,FALSE
Houndoom - 379,Houndoom (229),60,0,None (0),なし  (0),0,0,0,0,0,0,0,0,0,0,0,0,0,Dark Pulse (66),Fire Blast (126),Snarl (6),Heat Wave (257),Never (0x0),FALSE,Female (1),Hardy (0),FALSE,FALSE,FALSE,FALSE
Shiftry - 380,Shiftry (300),60,0,None (0),なし  (0),0,0,0,0,0,0,0,0,0,0,0,0,0,Leaf Storm (121),Leaf Blade (348),Knock Off (48),Fake Out (252),Never (0x0),FALSE,Male (0),Hardy (0),FALSE,FALSE,FALSE,FALSE
Banette - 381,Banette (378),60,0,None (0),なし  (0),0,0,0,0,0,0,0,0,0,0,0,0,0,Swagger (207),Shadow Claw (139),Will-O-Wisp (261),Knock Off (48),Never (0x0),FALSE,Female (1),Hardy (0),FALSE,FALSE,FALSE,FALSE
Mightyena - 382,Mightyena (287),60,0,None (0),なし  (0),0,0,0,0,0,0,0,0,0,0,0,0,0,Poison Fang (305),Knock Off (48),Psychic Fangs (135),Wild Charge (248),Never (0x0),FALSE,Male (0),Hardy (0),FALSE,FALSE,FALSE,FALSE
Sableye - 383,Sableye (322),60,0,None (0),なし  (0),0,0,0,0,0,0,0,0,0,0,0,0,0,Sunny Day (241),Will-O-Wisp (261),Snarl (6),Fake Out (252),Never (0x0),FALSE,Male (0),Hardy (0),FALSE,FALSE,FALSE,FALSE
Vileplume - 384,Vileplume (45),60,0,None (0),なし  (0),0,0,0,0,0,0,0,0,0,0,0,0,0,Hidden Power (314),Giga Drain (202),Leech Seed (73),Sludge Bomb (188),Never (0x0),TRUE,Male (0),Hardy (0),FALSE,FALSE,FALSE,FALSE
Breloom - 385,Breloom (307),60,0,None (0),なし  (0),0,0,0,0,0,0,0,0,0,0,0,0,0,Drain Punch (22),Seed Bomb (106),Leech Seed (73),Leech Life (81),Never (0x0),FALSE,Female (1),Hardy (0),FALSE,FALSE,FALSE,FALSE
Armaldo - 386,Armaldo (391),60,0,None (0),なし  (0),0,0,0,0,0,0,0,0,0,0,0,0,0,Swords Dance (14),Night Slash (168),X-Scissor (36),Rock Slide (157),Never (0x0),FALSE,Male (0),Hardy (0),FALSE,FALSE,FALSE,FALSE
Granbull - 387,Granbull (210),60,0,None (0),なし  (0),0,0,0,0,0,0,0,0,0,0,0,0,0,Iron Tail (231),Close Combat (119),Hammer Arm (118),Earthquake (89),Never (0x0),FALSE,Male (0),Hardy (0),FALSE,FALSE,FALSE,FALSE
Jolteon - 388,Jolteon (135),60,0,None (0),なし  (0),0,0,0,0,0,0,0,0,0,0,0,0,0,Zap Cannon (192),Hyper Beam (63),Foul Play (151),Thunder (87),Never (0x0),FALSE,Female (1),Hardy (0),FALSE,FALSE,FALSE,FALSE
Flareon - 389,Flareon (136),60,0,None (0),なし  (0),0,0,0,0,0,0,0,0,0,0,0,0,0,Overheat (315),Explosion (153),Iron Tail (231),Flare Blitz (25),Never (0x0),FALSE,Female (1),Hardy (0),FALSE,FALSE,FALSE,FALSE
Vaporeon - 390,Vaporeon (134),60,0,None (0),なし  (0),0,0,0,0,0,0,0,0,0,0,0,0,0,Hydro Pump (56),Hyper Beam (63),Moonblast (296),Psystrike (218),Never (0x0),FALSE,Female (1),Hardy (0),FALSE,FALSE,FALSE,FALSE
Feraligatr - 391,Feraligatr (160),60,0,None (0),なし  (0),0,0,0,0,0,0,0,0,0,0,0,0,0,Superpower (276),Outrage (200),Dragon Hammer (90),Crabhammer (152),Never (0x0),TRUE,Genderless (2),Hardy (0),FALSE,FALSE,FALSE,FALSE
Blastoise - 392,Blastoise (9),60,0,None (0),なし  (0),0,0,0,0,0,0,0,0,0,0,0,0,0,Dark Pulse (66),Water Spout (323),Surf (57),Hydro Pump (56),Never (0x0),FALSE,Female (1),Hardy (0),FALSE,FALSE,FALSE,FALSE
Swampert - 393,Swampert (285),60,0,None (0),なし  (0),0,0,0,0,0,0,0,0,0,0,0,0,0,Ice Hammer (249),Head Smash (131),Earthquake (89),Hammer Arm (118),Never (0x0),FALSE,Male (0),Hardy (0),FALSE,FALSE,FALSE,FALSE
Pelipper - 394,Pelipper (310),60,0,None (0),なし  (0),0,0,0,0,0,0,0,0,0,0,0,0,0,Hurricane (239),Hydro Pump (56),Surf (57),Tailwind (219),Never (0x0),FALSE,Female (1),Hardy (0),FALSE,FALSE,FALSE,FALSE
Wailord - 395,Wailord (314),60,0,None (0),なし  (0),0,0,0,0,0,0,0,0,0,0,0,0,0,Surf (57),Dragon Hammer (90),Hyper Voice (304),Body Slam (34),Never (0x0),FALSE,Male (0),Hardy (0),FALSE,FALSE,FALSE,FALSE
Kabutops - 396,Kabutops (141),60,0,None (0),なし  (0),0,0,0,0,0,0,0,0,0,0,0,0,0,Iron Head (19),Liquidation (230),Ice Hammer (249),Stone Edge (39),Never (0x0),FALSE,Male (0),Hardy (0),FALSE,FALSE,FALSE,FALSE
Espeon - 397,Espeon (196),60,0,None (0),なし  (0),0,0,0,0,0,0,0,0,0,0,0,0,0,Psyshock (133),Psychic (94),Dazzling Gleam (169),Energy Ball (91),Never (0x0),FALSE,Female (1),Hardy (0),FALSE,FALSE,FALSE,FALSE
Eevee - 398,Eevee (133),60,0,None (0),なし  (0),0,0,0,0,0,0,0,0,0,0,0,0,0,U-Turn (287),Return (216),Wish (273),Thunder Wave (86),Never (0x0),FALSE,Female (1),Hardy (0),FALSE,FALSE,FALSE,FALSE
Flareon - 399,Flareon (136),60,0,None (0),なし  (0),0,0,0,0,0,0,0,0,0,0,0,0,0,Flare Blitz (25),None (0),None (0),None (0),Never (0x0),FALSE,Male (0),Hardy (0),FALSE,FALSE,FALSE,FALSE
Jolteon - 400,Jolteon (135),60,0,None (0),なし  (0),0,0,0,0,0,0,0,0,0,0,0,0,0,Volt Switch (289),None (0),None (0),None (0),Never (0x0),FALSE,Male (0),Hardy (0),FALSE,FALSE,FALSE,FALSE
Vaporeon - 401,Vaporeon (134),60,0,None (0),なし  (0),0,0,0,0,0,0,0,0,0,0,0,0,0,Shadow Ball (247),Scald (17),Icy Wind (196),Heal Bell (215),Never (0x0),FALSE,Female (1),Hardy (0),FALSE,FALSE,FALSE,FALSE
Umbreon - 402,Umbreon (197),60,0,None (0),なし  (0),0,0,0,0,0,0,0,0,0,0,0,0,0,Toxic (92),Snarl (6),Thunder Wave (86),Moonlight (236),Never (0x0),FALSE,Male (0),Hardy (0),FALSE,FALSE,FALSE,FALSE
Farfetch'd - 403,Farfetch'd (83),60,0,None (0),なし  (0),0,0,0,0,0,0,0,0,0,0,0,0,0,Close Combat (119),Leaf Blade (348),Stone Edge (39),Brave Bird (123),Never (0x0),FALSE,Female (1),Hardy (0),FALSE,FALSE,FALSE,FALSE
Octillery - 404,Octillery (224),60,0,None (0),なし  (0),0,0,0,0,0,0,0,0,0,0,0,0,0,Power Whip (313),Gunk Shot (148),Hammer Arm (118),Earthquake (89),Never (0x0),FALSE,Female (1),Hardy (0),FALSE,FALSE,FALSE,FALSE
Exeggutor - 405,Exeggutor (103),60,0,None (0),なし  (0),0,0,0,0,0,0,0,0,0,0,0,0,0,Leaf Storm (121),Psystrike (218),Solarbeam (76),Sludge Bomb (188),Never (0x0),FALSE,Female (1),Hardy (0),FALSE,FALSE,FALSE,FALSE
Ludicolo - 406,Ludicolo (297),60,0,None (0),なし  (0),0,0,0,0,0,0,0,0,0,0,0,0,0,Surf (57),None (0),None (0),None (0),Never (0x0),TRUE,Female (1),Hardy (0),FALSE,FALSE,FALSE,FALSE
Politoed - 407,Politoed (186),60,0,None (0),なし  (0),0,0,0,0,0,0,0,0,0,0,0,0,0,Surf (57),Fake Out (252),None (0),None (0),Never (0x0),FALSE,Male (0),Hardy (0),FALSE,FALSE,FALSE,FALSE
Ludicolo - 408,Ludicolo (297),60,0,None (0),なし  (0),0,0,0,0,0,0,0,0,0,0,0,0,0,Surf (57),Ice Beam (58),Fake Out (252),Energy Ball (91),Never (0x0),FALSE,Male (0),Hardy (0),FALSE,FALSE,FALSE,FALSE
Flygon - 409,Flygon (334),60,0,None (0),なし  (0),0,0,0,0,0,0,0,0,0,0,0,0,0,Brave Bird (123),Outrage (200),Crunch (242),Earthquake (89),Never (0x0),FALSE,Female (1),Hardy (0),FALSE,FALSE,FALSE,FALSE
Dewgong - 410,Dewgong (87),60,0,None (0),なし  (0),0,0,0,0,0,0,0,0,0,0,0,0,0,Waterfall (127),Freeze Dry (198),Drill Run (312),Zen Headbutt (5),Never (0x0),FALSE,Female (1),Hardy (0),FALSE,FALSE,FALSE,FALSE
Altaria - 411,Altaria (359),60,0,None (0),なし  (0),0,0,0,0,0,0,0,0,0,0,0,0,0,Perish Song (195),Extremespeed (245),Zen Headbutt (5),Dragon Dance (349),Never (0x0),FALSE,Male (0),Hardy (0),FALSE,FALSE,FALSE,FALSE
Wailord - 412,Wailord (314),60,0,None (0),なし  (0),0,0,0,0,0,0,0,0,0,0,0,0,0,Body Slam (34),Thunder Wave (86),Scald (17),Rain Dance (240),Never (0x0),FALSE,Female (1),Hardy (0),FALSE,FALSE,FALSE,FALSE
Charizard - 413,Charizard (6),60,0,None (0),なし  (0),0,0,0,0,0,0,0,0,0,0,0,0,0,Aeroblast (177),Draco Meteor (31),Tailwind (219),Eruption (284),Never (0x0),FALSE,Male (0),Hardy (0),FALSE,FALSE,FALSE,FALSE
Metagross - 414,Metagross (400),60,0,None (0),なし  (0),0,0,0,0,0,0,0,0,0,0,0,0,0,Hammer Arm (118),Bullet Punch (1),Zen Headbutt (5),Meteor Mash (309),Never (0x0),FALSE,Genderless (2),Hardy (0),FALSE,FALSE,FALSE,FALSE
Typhlosion - 415,Typhlosion (157),60,0,None (0),なし  (0),0,0,0,0,0,0,0,0,0,0,0,0,0,Sludge Wave (308),Eruption (284),Earth Power (11),Dragon Pulse (110),Never (0x0),TRUE,Male (0),Hardy (0),FALSE,FALSE,FALSE,FALSE
Charizard - 416,Charizard (6),60,0,None (0),なし  (0),0,0,0,0,0,0,0,0,0,0,0,0,0,Aeroblast (177),Draco Meteor (31),Tailwind (219),Eruption (284),Never (0x0),FALSE,Female (1),Hardy (0),FALSE,FALSE,FALSE,FALSE
Blaziken - 417,Blaziken (282),60,0,None (0),なし  (0),0,0,0,0,0,0,0,0,0,0,0,0,0,Brave Bird (123),V-Create (171),Flare Blitz (25),Hi Jump Kick (136),Never (0x0),FALSE,Female (1),Hardy (0),FALSE,FALSE,FALSE,FALSE
Torkoal - 418,Torkoal (321),60,0,None (0),なし  (0),0,0,0,0,0,0,0,0,0,0,0,0,0,Flash Cannon (295),Sunny Day (241),Flamethrower (53),Razor Shell (179),Never (0x0),FALSE,Male (0),Hardy (0),FALSE,FALSE,FALSE,FALSE
Rapidash - 419,Rapidash (78),60,0,None (0),なし  (0),0,0,0,0,0,0,0,0,0,0,0,0,0,Overheat (315),Megahorn (224),Double-Edge (38),Hi Jump Kick (136),Never (0x0),FALSE,Male (0),Hardy (0),FALSE,FALSE,FALSE,FALSE
Arcanine - 420,Arcanine (59),60,0,None (0),なし  (0),0,0,0,0,0,0,0,0,0,0,0,0,0,Extremespeed (245),Play Rough (70),Flare Blitz (25),Wild Charge (248),Never (0x0),FALSE,Female (1),Hardy (0),FALSE,FALSE,FALSE,FALSE
Marowak - 421,Marowak (105),60,0,None (0),なし  (0),0,0,0,0,0,0,0,0,0,0,0,0,0,Earthquake (89),Head Smash (131),Stone Edge (39),Ice Hammer (249),Never (0x0),FALSE,Male (0),Hardy (0),FALSE,FALSE,FALSE,FALSE
Jynx - 422,Jynx (124),60,0,None (0),なし  (0),0,0,0,0,0,0,0,0,0,0,0,0,0,Psycho Boost (354),Boomburst (253),Blizzard (59),Hyper Beam (63),Never (0x0),FALSE,Female (1),Hardy (0),FALSE,FALSE,FALSE,FALSE
Piloswine - 423,Piloswine (221),60,0,None (0),なし  (0),0,0,0,0,0,0,0,0,0,0,0,0,0,Giga Impact (320),Explosion (153),Earthquake (89),Ice Hammer (249),Never (0x0),FALSE,Female (1),Hardy (0),FALSE,FALSE,FALSE,FALSE
Cloyster - 424,Cloyster (91),60,0,None (0),なし  (0),0,0,0,0,0,0,0,0,0,0,0,0,0,Blizzard (59),Psychic (94),Thunderbolt (85),Moonblast (296),Never (0x0),FALSE,Female (1),Hardy (0),FALSE,FALSE,FALSE,FALSE
Quagsire - 425,Quagsire (195),60,0,None (0),なし  (0),0,0,0,0,0,0,0,0,0,0,0,0,0,Calm Mind (129),Water Spout (323),Earthquake (89),Hydro Pump (56),Never (0x0),FALSE,Female (1),Hardy (0),FALSE,FALSE,FALSE,FALSE
Nidoqueen - 426,Nidoqueen (31),60,0,None (0),なし  (0),0,0,0,0,0,0,0,0,0,0,0,0,0,Meteor Mash (309),Gunk Shot (148),Blaze Kick (299),Play Rough (70),Never (0x0),FALSE,Female (1),Hardy (0),FALSE,FALSE,FALSE,FALSE
Feraligatr - 427,Feraligatr (160),60,0,None (0),なし  (0),0,0,0,0,0,0,0,0,0,0,0,0,0,Superpower (276),Outrage (200),Dragon Hammer (90),Crabhammer (152),Never (0x0),FALSE,Male (0),Hardy (0),FALSE,FALSE,FALSE,FALSE
Typhlosion - 428,Typhlosion (157),60,0,None (0),なし  (0),0,0,0,0,0,0,0,0,0,0,0,0,0,Sludge Wave (308),Eruption (284),Earth Power (11),Dragon Pulse (110),Never (0x0),TRUE,Female (1),Hardy (0),FALSE,FALSE,FALSE,FALSE
Meganium - 429,Meganium (154),60,0,None (0),なし  (0),0,0,0,0,0,0,0,0,0,0,0,0,0,Heat Wave (257),Leaf Storm (121),Dazzling Gleam (169),Solarbeam (76),Never (0x0),TRUE,Male (0),Hardy (0),FALSE,FALSE,FALSE,FALSE
Blastoise - 430,Blastoise (9),60,0,None (0),なし  (0),0,0,0,0,0,0,0,0,0,0,0,0,0,Aura Sphere (4),Water Pulse (352),Ice Beam (58),Fake Out (252),Never (0x0),FALSE,Male (0),Hardy (0),FALSE,FALSE,FALSE,FALSE
Charizard - 431,Charizard (6),60,0,None (0),なし  (0),0,0,0,0,0,0,0,0,0,0,0,0,0,Dragon Claw (337),Aerial Ace (332),Flare Blitz (25),Overheat (315),Never (0x0),FALSE,Female (1),Hardy (0),FALSE,FALSE,FALSE,FALSE
Venusaur - 432,Venusaur (3),60,0,None (0),なし  (0),0,0,0,0,0,0,0,0,0,0,0,0,0,Hidden Power (314),Giga Drain (202),Synthesis (235),Sludge Bomb (188),Never (0x0),FALSE,Male (0),Hardy (0),FALSE,FALSE,FALSE,FALSE
Ninetales - 433,Ninetales (38),60,0,None (0),なし  (0),0,0,0,0,0,0,0,0,0,0,0,0,0,Extrasensory (326),Heat Wave (257),Solarbeam (76),Shadow Ball (247),Never (0x0),FALSE,Male (0),Hardy (0),FALSE,FALSE,FALSE,FALSE
Dragonite - 434,Dragonite (149),60,0,None (0),なし  (0),0,0,0,0,0,0,0,0,0,0,0,0,0,Outrage (200),Flare Blitz (25),Iron Tail (231),Dragon Ascent (316),Never (0x0),FALSE,Genderless (2),Hardy (0),FALSE,FALSE,FALSE,FALSE
Zangoose - 435,Zangoose (380),60,0,None (0),なし  (0),0,0,0,0,0,0,0,0,0,0,0,0,0,Facade (263),Close Combat (119),Double-Edge (38),Crush Claw (306),Never (0x0),FALSE,Male (0),Hardy (0),FALSE,FALSE,FALSE,FALSE
Charizard - 436,Charizard (6),60,0,None (0),なし  (0),0,0,0,0,0,0,0,0,0,0,0,0,0,Heat Wave (257),None (0),None (0),None (0),Never (0x0),FALSE,Male (0),Hardy (0),FALSE,FALSE,FALSE,FALSE
Scizor - 437,Scizor (212),60,0,None (0),なし  (0),0,0,0,0,0,0,0,0,0,0,0,0,0,Brave Bird (123),Power Whip (313),Bullet Punch (1),Superpower (276),Never (0x0),FALSE,Female (1),Hardy (0),FALSE,FALSE,FALSE,FALSE
Vileplume - 438,Vileplume (45),60,0,None (0),なし  (0),0,0,0,0,0,0,0,0,0,0,0,0,0,Sludge Wave (308),Shadow Ball (247),Sludge Bomb (188),Earth Power (11),Never (0x0),FALSE,Female (1),Hardy (0),FALSE,FALSE,FALSE,FALSE
Magneton - 439,Magneton (82),60,0,None (0),なし  (0),0,0,0,0,0,0,0,0,0,0,0,0,0,Volt Switch (289),Hidden Power (180),None (0),None (0),Never (0x0),FALSE,Genderless (2),Hardy (0),FALSE,FALSE,FALSE,FALSE
RoboKyogre - 440,RoboKyogre (254),60,0,None (0),なし  (0),0,0,0,0,0,0,0,0,0,0,0,0,0,Scald (17),Ice Beam (58),Flamethrower (53),Charge Beam (143),Never (0x0),FALSE,Genderless (2),Hardy (0),FALSE,FALSE,FALSE,FALSE
Skarmory - 441,Skarmory (227),60,0,None (0),なし  (0),0,0,0,0,0,0,0,0,0,0,0,0,0,Shadow Claw (139),Drill Peck (65),Iron Head (19),Zen Headbutt (5),Never (0x0),FALSE,Genderless (2),Hardy (0),FALSE,FALSE,FALSE,FALSE
Scizor - 442,Scizor (212),60,0,None (0),なし  (0),0,0,0,0,0,0,0,0,0,0,0,0,0,Feint Attack (185),Bullet Punch (1),U-Turn (287),Dual Chop (2),Never (0x0),FALSE,Male (0),Hardy (0),FALSE,FALSE,FALSE,FALSE
RoboGroudn - 443,RoboGroudn (253),60,0,None (0),なし  (0),0,0,0,0,0,0,0,0,0,0,0,0,0,High Horsepower (278),Fire Blast (126),Iron Tail (231),Protect (155),Never (0x0),FALSE,Genderless (2),Hardy (0),FALSE,FALSE,FALSE,FALSE
Metagross - 444,Metagross (400),60,0,None (0),なし  (0),0,0,0,0,0,0,0,0,0,0,0,0,0,Bullet Punch (1),None (0),None (0),None (0),Always (0x1),FALSE,Genderless (2),Hardy (0),FALSE,FALSE,FALSE,FALSE
Lugia - 445,Lugia (249),60,0,None (0),なし  (0),0,0,0,0,0,0,0,0,0,0,0,0,0,Aeroblast (177),Air Slash (154),Calm Mind (347),Psystrike (218),Never (0x0),FALSE,Genderless (2),Hardy (0),FALSE,FALSE,FALSE,FALSE
Rayquaza - 446,Rayquaza (406),60,0,None (0),なし  (0),0,0,0,0,0,0,0,0,0,0,0,0,0,Air Slash (154),Dragon Claw (337),Dragon Dance (125),Extremespeed (245),Never (0x0),FALSE,Genderless (2),Hardy (0),FALSE,FALSE,FALSE,FALSE
Charizard - 447,Charizard (6),60,0,None (0),なし  (0),0,0,0,0,0,0,0,0,0,0,0,0,0,Aeroblast (177),Draco Meteor (31),Tailwind (219),Eruption (284),Never (0x0),FALSE,Male (0),Hardy (0),FALSE,FALSE,FALSE,FALSE
Rapidash - 448,Rapidash (78),60,0,None (0),なし  (0),0,0,0,0,0,0,0,0,0,0,0,0,0,Overheat (315),Megahorn (224),Double-Edge (38),Hi Jump Kick (136),Never (0x0),FALSE,Male (0),Hardy (0),FALSE,FALSE,FALSE,FALSE
Skarmory - 449,Skarmory (227),60,0,None (0),なし  (0),0,0,0,0,0,0,0,0,0,0,0,0,0,Shadow Claw (139),Drill Peck (65),Iron Head (19),Zen Headbutt (5),Never (0x0),FALSE,Male (0),Hardy (0),FALSE,FALSE,FALSE,FALSE
Poliwrath - 450,Poliwrath (62),60,0,None (0),なし  (0),0,0,0,0,0,0,0,0,0,0,0,0,0,Crabhammer (152),Close Combat (119),Hammer Arm (118),Ice Hammer (249),Never (0x0),FALSE,Female (1),Hardy (0),FALSE,FALSE,FALSE,FALSE
Milotic - 451,Milotic (329),60,0,None (0),なし  (0),0,0,0,0,0,0,0,0,0,0,0,0,0,Extrasensory (326),Dragon Pulse (110),Earth Power (11),Ice Beam (58),Never (0x0),FALSE,Male (0),Hardy (0),FALSE,FALSE,FALSE,FALSE
Gengar - 452,Gengar (94),60,0,None (0),なし  (0),0,0,0,0,0,0,0,0,0,0,0,0,0,Fire Blast (126),Zap Cannon (192),Dragon Pulse (110),Sludge Wave (308),Never (0x0),FALSE,Female (1),Hardy (0),FALSE,FALSE,FALSE,FALSE
Rhydon - 453,Rhydon (112),60,0,None (0),なし  (0),0,0,0,0,0,0,0,0,0,0,0,0,0,Megahorn (224),Earthquake (89),Stone Edge (39),Superpower (276),Never (0x0),FALSE,Genderless (2),Hardy (0),FALSE,FALSE,FALSE,FALSE
Snorlax - 454,Snorlax (143),60,0,None (0),なし  (0),0,0,0,0,0,0,0,0,0,0,0,0,0,Zen Headbutt (5),Iron Head (19),Rest (156),Belly Drum (187),Never (0x0),FALSE,Genderless (2),Hardy (0),FALSE,FALSE,FALSE,FALSE
Salamence - 455,Salamence (397),60,0,None (0),なし  (0),0,0,0,0,0,0,0,0,0,0,0,0,0,Dragon Ascent (316),Flare Blitz (25),Zen Headbutt (5),Outrage (200),Always (0x1),FALSE,Male (0),Hardy (0),FALSE,FALSE,FALSE,FALSE
Metagross - 456,Metagross (400),60,0,None (0),なし  (0),0,0,0,0,0,0,0,0,0,0,0,0,0,Rock Slide (157),Lunge (145),Thunder Punch (9),Fire Punch (7),Never (0x0),FALSE,Genderless (2),Hardy (0),FALSE,FALSE,FALSE,FALSE
Salamence - 457,Salamence (397),60,0,None (0),なし  (0),0,0,0,0,0,0,0,0,0,0,0,0,0,Outrage (200),Dragon Ascent (316),None (0),None (0),Always (0x1),FALSE,Male (0),Hardy (0),FALSE,FALSE,FALSE,FALSE
Groudon - 458,Groudon (405),60,0,None (0),なし  (0),0,0,0,0,0,0,0,0,0,0,0,0,0,Earthquake (89),None (0),None (0),None (0),Always (0x1),FALSE,Genderless (2),Hardy (0),FALSE,FALSE,FALSE,FALSE
Rayquaza - 459,Rayquaza (406),60,0,None (0),なし  (0),0,0,0,0,0,0,0,0,0,0,0,0,0,Outrage (200),Dragon Ascent (316),V-Create (171),Draco Meteor (31),Always (0x1),FALSE,Genderless (2),Hardy (0),FALSE,FALSE,FALSE,FALSE
Latios - 460,Latios (408),60,0,None (0),なし  (0),0,0,0,0,0,0,0,0,0,0,0,0,0,Dragon Pulse (110),Thunderbolt (85),Psychic (94),Psyshock (133),Always (0x1),FALSE,Male (0),Hardy (0),FALSE,FALSE,FALSE,FALSE
XG001 - 461,XG001 (252),60,0,None (0),なし  (0),0,0,0,0,0,0,0,0,0,0,0,0,0,Shadow Blast (366),Psystrike (218),Aeroblast (177),Earthquake (89),Always (0x1),FALSE,Genderless (2),Hardy (0),FALSE,FALSE,FALSE,FALSE
Latias - 462,Latias (407),60,0,None (0),なし  (0),0,0,0,0,0,0,0,0,0,0,0,0,0,Ice Beam (58),Fire Blast (126),Psystrike (218),Dragon Pulse (110),Always (0x1),FALSE,Female (1),Hardy (0),FALSE,FALSE,FALSE,FALSE
Ninetales - 463,Ninetales (38),45,0,None (0),なし  (0),0,0,0,0,0,0,0,0,0,0,0,0,0,Flash Cannon (295),Heat Wave (257),Extrasensory (326),Power Gem (285),Never (0x0),FALSE,Male (0),Hardy (0),FALSE,FALSE,FALSE,FALSE
Lombre - 464,Lombre (296),45,0,None (0),なし  (0),0,0,0,0,0,0,0,0,0,0,0,0,0,Signal Beam (324),Swagger (207),Calm Mind (129),Giga Drain (202),Never (0x0),FALSE,Male (0),Hardy (0),FALSE,FALSE,FALSE,FALSE
Venusaur - 465,Venusaur (3),60,0,None (0),なし  (0),0,0,0,0,0,0,0,0,0,0,0,0,0,Sludge Bomb (188),Sludge Wave (308),Toxic (92),Sludge (124),Never (0x0),FALSE,Male (0),Hardy (0),FALSE,FALSE,FALSE,FALSE
- - 466,None (0),0,0,None (0),なし  (0),0,0,0,0,0,0,0,0,0,0,0,0,0,None (0),None (0),None (0),None (0),Never (0x0),FALSE,Male (0),Hardy (0),FALSE,FALSE,FALSE,FALSE
- - 467,None (0),0,0,None (0),なし  (0),0,0,0,0,0,0,0,0,0,0,0,0,0,None (0),None (0),None (0),None (0),Never (0x0),FALSE,Male (0),Hardy (0),FALSE,FALSE,FALSE,FALSE
- - 468,None (0),0,0,None (0),なし  (0),0,0,0,0,0,0,0,0,0,0,0,0,0,None (0),None (0),None (0),None (0),Never (0x0),FALSE,Male (0),Hardy (0),FALSE,FALSE,FALSE,FALSE
- - 469,None (0),0,0,None (0),なし  (0),0,0,0,0,0,0,0,0,0,0,0,0,0,None (0),None (0),None (0),None (0),Never (0x0),FALSE,Male (0),Hardy (0),FALSE,FALSE,FALSE,FALSE
- - 470,None (0),0,0,None (0),なし  (0),0,0,0,0,0,0,0,0,0,0,0,0,0,None (0),None (0),None (0),None (0),Never (0x0),FALSE,Male (0),Hardy (0),FALSE,FALSE,FALSE,FALSE
- - 471,None (0),0,0,None (0),なし  (0),0,0,0,0,0,0,0,0,0,0,0,0,0,None (0),None (0),None (0),None (0),Never (0x0),FALSE,Male (0),Hardy (0),FALSE,FALSE,FALSE,FALSE
- - 472,None (0),0,0,None (0),なし  (0),0,0,0,0,0,0,0,0,0,0,0,0,0,None (0),None (0),None (0),None (0),Never (0x0),FALSE,Male (0),Hardy (0),FALSE,FALSE,FALSE,FALSE
- - 473,None (0),0,0,None (0),なし  (0),0,0,0,0,0,0,0,0,0,0,0,0,0,None (0),None (0),None (0),None (0),Never (0x0),FALSE,Male (0),Hardy (0),FALSE,FALSE,FALSE,FALSE
- - 474,None (0),0,0,None (0),なし  (0),0,0,0,0,0,0,0,0,0,0,0,0,0,None (0),None (0),None (0),None (0),Never (0x0),FALSE,Male (0),Hardy (0),FALSE,FALSE,FALSE,FALSE
- - 475,None (0),0,0,None (0),なし  (0),0,0,0,0,0,0,0,0,0,0,0,0,0,None (0),None (0),None (0),None (0),Never (0x0),FALSE,Male (0),Hardy (0),FALSE,FALSE,FALSE,FALSE
- - 476,None (0),0,0,None (0),なし  (0),0,0,0,0,0,0,0,0,0,0,0,0,0,None (0),None (0),None (0),None (0),Never (0x0),FALSE,Male (0),Hardy (0),FALSE,FALSE,FALSE,FALSE
- - 477,None (0),0,0,None (0),なし  (0),0,0,0,0,0,0,0,0,0,0,0,0,0,None (0),None (0),None (0),None (0),Never (0x0),FALSE,Male (0),Hardy (0),FALSE,FALSE,FALSE,FALSE
- - 478,None (0),0,0,None (0),なし  (0),0,0,0,0,0,0,0,0,0,0,0,0,0,None (0),None (0),None (0),None (0),Never (0x0),FALSE,Male (0),Hardy (0),FALSE,FALSE,FALSE,FALSE
- - 479,None (0),0,0,None (0),なし  (0),0,0,0,0,0,0,0,0,0,0,0,0,0,None (0),None (0),None (0),None (0),Never (0x0),FALSE,Male (0),Hardy (0),FALSE,FALSE,FALSE,FALSE
- - 480,None (0),0,0,None (0),なし  (0),0,0,0,0,0,0,0,0,0,0,0,0,0,None (0),None (0),None (0),None (0),Never (0x0),FALSE,Male (0),Hardy (0),FALSE,FALSE,FALSE,FALSE
- - 481,None (0),0,0,None (0),なし  (0),0,0,0,0,0,0,0,0,0,0,0,0,0,None (0),None (0),None (0),None (0),Never (0x0),FALSE,Male (0),Hardy (0),FALSE,FALSE,FALSE,FALSE
- - 482,None (0),0,0,None (0),なし  (0),0,0,0,0,0,0,0,0,0,0,0,0,0,None (0),None (0),None (0),None (0),Never (0x0),FALSE,Male (0),Hardy (0),FALSE,FALSE,FALSE,FALSE
- - 483,None (0),0,0,None (0),なし  (0),0,0,0,0,0,0,0,0,0,0,0,0,0,None (0),None (0),None (0),None (0),Never (0x0),FALSE,Male (0),Hardy (0),FALSE,FALSE,FALSE,FALSE
- - 484,None (0),0,0,None (0),なし  (0),0,0,0,0,0,0,0,0,0,0,0,0,0,None (0),None (0),None (0),None (0),Never (0x0),FALSE,Male (0),Hardy (0),FALSE,FALSE,FALSE,FALSE
- - 485,None (0),0,0,None (0),なし  (0),0,0,0,0,0,0,0,0,0,0,0,0,0,None (0),None (0),None (0),None (0),Never (0x0),FALSE,Male (0),Hardy (0),FALSE,FALSE,FALSE,FALSE
- - 486,None (0),0,0,None (0),なし  (0),0,0,0,0,0,0,0,0,0,0,0,0,0,None (0),None (0),None (0),None (0),Never (0x0),FALSE,Male (0),Hardy (0),FALSE,FALSE,FALSE,FALSE