Entry Name,ID String Pointer,Pokemon 6 is shadow id,Pokemon 5 is shadow id,Pokemon 4 is shadow id,Pokemon 3 is shadow id,Pokemon 2 is shadow id,Pokemon 1 is shadow id,Trainer Class ID,Name ID,Model ID,Camera Effect ID,Pre Battle Text Id,Victory Text Id,Loss Text Id,Pokemon 1,Pokemon 2,Pokemon 3,Pokemon 4,Pokemon 5,Pokemon 6,AI Index,Combo IDs 1,Combo IDs 2,Combo IDs 3,Combo IDs 4,Active Combos 1,Active Combos 2,Active Combos 3,Active Combos 4
None  - 0,0xC828C828,false,false,false,false,false,false,None (0),None (0x0),PKX Trainer Model (0),0 (0x0),None (0x0),None (0x0),None (0x0),0 (0x0),0 (0x0),0 (0x0),0 (0x0),0 (0x0),0 (0x0),Trainer AI (0),0 (0x0),0 (0x0),0 (0x0),0 (0x0),0 (0x0),0 (0x0),0 (0x0),0 (0x0)
"Asher"  - 1,0xC828C828,false,false,false,false,false,true,Researcher (30),"Asher" (0x1828),pkx_research2_0101.fsys (48),0 (0x0),None (0x0),None (0x0),None (0x0),81 (0x51),0 (0x0),0 (0x0),0 (0x0),0 (0x0),0 (0x0),Trainer AI (3),0 (0x0),0 (0x0),0 (0x0),0 (0x0),0 (0x0),0 (0x0),0 (0x0),0 (0x0)
"Mirror B."  - 2,0xC828C828,false,false,false,false,false,false,Villain (11),"Mirror B." (0x17D7),pkx_mirrabo_0101.fsys (43),98 (0x62),None (0x0),None (0x0),": The tempo's off![New Line]This won't do, won't do at all!" (0x6591),2 (0x2),3 (0x3),752 (0x2F0),0 (0x0),0 (0x0),0 (0x0),Trainer AI (1),0 (0x0),0 (0x0),0 (0x0),0 (0x0),0 (0x0),0 (0x0),0 (0x0),0 (0x0)
"Mirror B."  - 3,0xC828C828,false,false,false,false,false,false,Villain (11),"Mirror B." (0x17D7),pkx_mirrabo_0101.fsys (43),98 (0x62),None (0x0),None (0x0),": Dancing and battling,[New Line]they're not the same, no, no!" (0x6592),4 (0x4),5 (0x5),753 (0x2F1),0 (0x0),0 (0x0),0 (0x0),Trainer AI (3),0 (0x0),0 (0x0),0 (0x0),0 (0x0),0 (0x0),0 (0x0),0 (0x0),0 (0x0)
"Mirror B."  - 4,0xC828C828,false,false,false,false,false,false,Villain (11),"Mirror B." (0x17D7),pkx_mirrabo_0101.fsys (43),98 (0x62),None (0x0),None (0x0),": Okay, now I'm furious![New Line]It's hopeless!" (0x6593),6 (0x6),7 (0x7),754 (0x2F2),0 (0x0),0 (0x0),0 (0x0),Trainer AI (3),0 (0x0),0 (0x0),0 (0x0),0 (0x0),0 (0x0),0 (0x0),0 (0x0),0 (0x0)
"Mirror B."  - 5,0xC828C828,false,false,false,false,false,false,Villain (11),"Mirror B." (0x17D7),pkx_mirrabo_0101.fsys (43),98 (0x62),None (0x0),None (0x0),": If it's about cutting dance[New Line]steps, I won't lose!" (0x6594),8 (0x8),9 (0x9),755 (0x2F3),0 (0x0),0 (0x0),0 (0x0),Trainer AI (3),0 (0x0),0 (0x0),0 (0x0),0 (0x0),0 (0x0),0 (0x0),0 (0x0),0 (0x0)
"Mirror B."  - 6,0xC828C828,false,false,false,false,false,false,Villain (11),"Mirror B." (0x17D7),pkx_mirrabo_0101.fsys (43),98 (0x62),None (0x0),None (0x0),": Woohoo![New Line]So I lost!" (0x6595),10 (0xA),11 (0xB),756 (0x2F4),0 (0x0),0 (0x0),0 (0x0),Trainer AI (3),0 (0x0),0 (0x0),0 (0x0),0 (0x0),0 (0x0),0 (0x0),0 (0x0),0 (0x0)
"Mirror B."  - 7,0xC828C828,false,false,false,false,false,false,Villain (11),"Mirror B." (0x17D7),pkx_mirrabo_0101.fsys (43),98 (0x62),None (0x0),None (0x0),": I can't get into rhythm[New Line]with you, not at all!" (0x6596),12 (0xC),13 (0xD),757 (0x2F5),0 (0x0),0 (0x0),0 (0x0),Trainer AI (3),0 (0x0),0 (0x0),0 (0x0),0 (0x0),0 (0x0),0 (0x0),0 (0x0),0 (0x0)
"Russ"  - 8,0xC828C828,false,false,false,false,false,false,Super Trainer (18),"Russ" (0x1784),pkx_gyma_m_2101.fsys (34),0 (0x0),None (0x0),None (0x0),": Whoa![New Line]He really is tough!" (0x5A3D),14 (0xE),15 (0xF),0 (0x0),0 (0x0),0 (0x0),0 (0x0),Trainer AI (3),0 (0x0),0 (0x0),0 (0x0),0 (0x0),0 (0x0),0 (0x0),0 (0x0),0 (0x0)
"Zook"  - 9,0xC828C828,false,false,false,false,false,true,Thug (7),"Zook" (0x1774),pkx_sailor2_1101.fsys (23),0 (0x0),None (0x0),None (0x0),": Y-your power...[New Line]Where does it come from?!" (0x5AA1),30 (0x1E),461 (0x1CD),0 (0x0),0 (0x0),0 (0x0),0 (0x0),Trainer AI (3),0 (0x0),0 (0x0),0 (0x0),0 (0x0),0 (0x0),0 (0x0),0 (0x0),0 (0x0)
"Ardos"  - 10,0xC828C828,false,false,false,false,false,true,Mystery Man (5),"Ardos" (0x1775),pkx_ardos_0101.fsys (24),0 (0x0),None (0x0),None (0x0),None (0x0),11 (0xB),0 (0x0),0 (0x0),0 (0x0),0 (0x0),0 (0x0),Trainer AI (3),0 (0x0),0 (0x0),0 (0x0),0 (0x0),0 (0x0),0 (0x0),0 (0x0),0 (0x0)
"Winthrop"  - 11,0xC828C828,false,false,false,true,false,false,Navigator (31),"Winthrop" (0x1778),pkx_sailor1_0101.fsys (50),0 (0x0),None (0x0),None (0x0),": Mmm-hmm, I lose.[New Line]You really are quite wonderful." (0x5AA2),17 (0x11),18 (0x12),10 (0xA),0 (0x0),0 (0x0),0 (0x0),Trainer AI (1),0 (0x0),0 (0x0),0 (0x0),0 (0x0),0 (0x0),0 (0x0),0 (0x0),0 (0x0)
"Logan"  - 12,0xC828C828,false,false,false,false,true,false,Casual Guy (24),"Logan" (0x1779),pkx_ojisan1_0101.fsys (47),0 (0x0),None (0x0),None (0x0),": Would you lose?[New Line]No, sir!" (0x5AA3),19 (0x13),22 (0x16),823 (0x337),0 (0x0),0 (0x0),0 (0x0),Trainer AI (1),0 (0x0),0 (0x0),0 (0x0),0 (0x0),0 (0x0),0 (0x0),0 (0x0),0 (0x0)
"Aden"  - 13,0xC828C828,false,false,false,true,false,false,Sailor (32),"Aden" (0x177A),pkx_sailor2_0101.fsys (22),0 (0x0),None (0x0),None (0x0),": You showed me who's best!" (0x5AA4),21 (0x15),22 (0x16),13 (0xD),0 (0x0),0 (0x0),0 (0x0),Trainer AI (1),0 (0x0),0 (0x0),0 (0x0),0 (0x0),0 (0x0),0 (0x0),0 (0x0),0 (0x0)
"Elliana"  - 14,0xC828C828,false,false,false,false,true,false,Bodybuilder (35),"Elliana" (0x182A),pkx_niku_f_0101.fsys (44),0 (0x0),None (0x0),None (0x0),": This Pokémon was too weak!" (0x5AA8),23 (0x17),82 (0x52),827 (0x33B),0 (0x0),0 (0x0),0 (0x0),Trainer AI (1),0 (0x0),0 (0x0),0 (0x0),0 (0x0),0 (0x0),0 (0x0),0 (0x0),0 (0x0)
"Chobin"  - 15,0xC828C828,false,false,false,false,false,false,Assistant (14),"Chobin" (0x1789),pkx_tessla_0101.fsys (54),255 (0xFF),None (0x0),None (0x0),": Chobin lost!" (0x5BCD),25 (0x19),824 (0x338),0 (0x0),0 (0x0),0 (0x0),0 (0x0),Trainer AI (3),0 (0x0),0 (0x0),0 (0x0),0 (0x0),0 (0x0),0 (0x0),0 (0x0),0 (0x0)
"Shawna"  - 16,0xC828C828,false,false,false,false,false,false,Chaser (26),"Shawna" (0x1781),pkx_thief_f_0101.fsys (55),0 (0x0),None (0x0),None (0x0),": The sting of the salt spray...[New Line]It brings tears to my eyes." (0x5AA5),26 (0x1A),27 (0x1B),828 (0x33C),829 (0x33D),0 (0x0),0 (0x0),Trainer AI (1),0 (0x0),0 (0x0),0 (0x0),0 (0x0),0 (0x0),0 (0x0),0 (0x0),0 (0x0)
"Naps"  - 17,0xC828C828,false,false,false,false,false,true,Spy (16),"Naps" (0x1785),pkx_agent3_m_0101.fsys (14),0 (0x0),None (0x0),None (0x0),": What was that?[New Line]My Shadow Pokémon![New Line]Was that...[New Line]Was it a snag?" (0x5A3E),1 (0x1),0 (0x0),0 (0x0),0 (0x0),0 (0x0),0 (0x0),Trainer AI (3),0 (0x0),0 (0x0),0 (0x0),0 (0x0),0 (0x0),0 (0x0),0 (0x0),0 (0x0)
"Chobin"  - 18,0xC828C828,false,false,false,false,false,false,Assistant (14),"Chobin" (0x1789),pkx_tessla_0101.fsys (54),255 (0xFF),None (0x0),None (0x0),": Chobin lost![New Line]Chobin lost!" (0x5BCE),29 (0x1D),30 (0x1E),825 (0x339),826 (0x33A),0 (0x0),0 (0x0),Trainer AI (1),0 (0x0),0 (0x0),0 (0x0),0 (0x0),0 (0x0),0 (0x0),0 (0x0),0 (0x0)
"Deacon"  - 19,0xC828C828,false,false,false,false,false,false,Fun Old Man (21),"Deacon" (0x178C),pkx_jiji1_0101.fsys (39),0 (0x0),None (0x0),None (0x0),": I bow to your skill!" (0x59D9),31 (0x1F),32 (0x20),0 (0x0),0 (0x0),0 (0x0),0 (0x0),Trainer AI (1),0 (0x0),0 (0x0),0 (0x0),0 (0x0),0 (0x0),0 (0x0),0 (0x0),0 (0x0)
"Moreen"  - 20,0xC828C828,false,false,false,false,false,false,Matron (23),"Moreen" (0x178D),pkx_baba1_0101.fsys (25),0 (0x0),None (0x0),None (0x0),": Ah, most impressive[New Line]indeed!" (0x59DA),33 (0x21),34 (0x22),0 (0x0),0 (0x0),0 (0x0),0 (0x0),Trainer AI (1),0 (0x0),0 (0x0),0 (0x0),0 (0x0),0 (0x0),0 (0x0),0 (0x0),0 (0x0)
"Astra"  - 21,0xC828C828,false,false,false,false,false,false,Cool Trainer (20),"Astra" (0x178E),pkx_trainer_f_0101.fsys (59),0 (0x0),None (0x0),None (0x0),": Argh, no!" (0x59DC),35 (0x23),36 (0x24),0 (0x0),0 (0x0),0 (0x0),0 (0x0),Trainer AI (1),0 (0x0),0 (0x0),0 (0x0),0 (0x0),0 (0x0),0 (0x0),0 (0x0),0 (0x0)
"Doyle"  - 22,0xC828C828,false,false,false,false,false,false,Bodybuilder (35),"Doyle" (0x178F),pkx_niku_m_0101.fsys (45),0 (0x0),None (0x0),None (0x0),": So I have a bad sense of[New Line]direction![New Line]It's nothing to make fun of!" (0x59DD),38 (0x26),39 (0x27),0 (0x0),0 (0x0),0 (0x0),0 (0x0),Trainer AI (1),0 (0x0),0 (0x0),0 (0x0),0 (0x0),0 (0x0),0 (0x0),0 (0x0),0 (0x0)
"Colton"  - 23,0xC828C828,false,false,false,false,false,false,Rider (28),"Colton" (0x1790),pkx_rider_m_0101.fsys (49),0 (0x0),None (0x0),None (0x0),": Doomed!" (0x59DE),41 (0x29),42 (0x2A),0 (0x0),0 (0x0),0 (0x0),0 (0x0),Trainer AI (1),0 (0x0),0 (0x0),0 (0x0),0 (0x0),0 (0x0),0 (0x0),0 (0x0),0 (0x0)
"Dom"  - 24,0xC828C828,false,false,false,true,false,false,Cool Trainer (20),"Dom" (0x1794),pkx_trainer_m_0101.fsys (60),0 (0x0),None (0x0),None (0x0),": Wow, that was[New Line]something." (0x59DF),44 (0x2C),45 (0x2D),16 (0x10),0 (0x0),0 (0x0),0 (0x0),Trainer AI (1),0 (0x0),0 (0x0),0 (0x0),0 (0x0),0 (0x0),0 (0x0),0 (0x0),0 (0x0)
"Kinslee"  - 25,0xC828C828,false,false,false,true,false,false,Super Trainer (18),"Kinslee" (0x1795),pkx_gym_f_0101.fsys (31),0 (0x0),None (0x0),None (0x0),": Handed the loss!" (0x59E0),46 (0x2E),47 (0x2F),18 (0x12),0 (0x0),0 (0x0),0 (0x0),Trainer AI (1),0 (0x0),0 (0x0),0 (0x0),0 (0x0),0 (0x0),0 (0x0),0 (0x0),0 (0x0)
"Pamela"  - 26,0xC828C828,false,false,false,true,false,false,Matron (23),"Pamela" (0x1796),pkx_baba1_0101.fsys (25),0 (0x0),None (0x0),None (0x0),": Oh dear, oh me, oh my!" (0x59E1),49 (0x31),50 (0x32),19 (0x13),0 (0x0),0 (0x0),0 (0x0),Trainer AI (1),0 (0x0),0 (0x0),0 (0x0),0 (0x0),0 (0x0),0 (0x0),0 (0x0),0 (0x0)
"Benedict"  - 27,0xC828C828,false,false,false,true,false,false,Fun Old Man (21),"Benedict" (0x1797),pkx_jiji1_0101.fsys (39),0 (0x0),None (0x0),None (0x0),": Hot![New Line]A hot battle that was!" (0x59E2),51 (0x33),52 (0x34),20 (0x14),0 (0x0),0 (0x0),0 (0x0),Trainer AI (1),0 (0x0),0 (0x0),0 (0x0),0 (0x0),0 (0x0),0 (0x0),0 (0x0),0 (0x0)
"Eagun"  - 28,0xC828C828,false,false,false,false,false,false,Myth Trainer (12),"Eagun" (0x1793),pkx_logan_0101.fsys (41),0 (0x0),None (0x0),None (0x0),": Oh![New Line]Bravo! I say, bravo!" (0x59E3),54 (0x36),830 (0x33E),831 (0x33F),758 (0x2F6),766 (0x2FE),0 (0x0),Trainer AI (1),0 (0x0),0 (0x0),0 (0x0),0 (0x0),0 (0x0),0 (0x0),0 (0x0),0 (0x0)
"Astra"  - 29,0xC828C828,false,false,false,false,false,false,Cool Trainer (20),"Astra" (0x178E),pkx_trainer_f_0101.fsys (59),0 (0x0),None (0x0),None (0x0),": Argh, no!" (0x59DC),55 (0x37),56 (0x38),844 (0x34C),0 (0x0),0 (0x0),0 (0x0),Trainer AI (1),0 (0x0),0 (0x0),0 (0x0),0 (0x0),0 (0x0),0 (0x0),0 (0x0),0 (0x0)
"Quinn"  - 30,0xC828C828,false,false,false,false,false,false,Beauty (34),"Quinn" (0x17A0),pkx_ippan_f_0101.fsys (37),0 (0x0),None (0x0),None (0x0),": Waaah! I knew it![New Line]We weren't ready!" (0x571D),58 (0x3A),59 (0x3B),0 (0x0),0 (0x0),0 (0x0),0 (0x0),Trainer AI (1),0 (0x0),0 (0x0),0 (0x0),0 (0x0),0 (0x0),0 (0x0),0 (0x0),0 (0x0)
"Gale"  - 31,0xC828C828,false,false,false,false,false,false,Casual Dude (33),"Gale" (0x17A1),pkx_ippan_m_0101.fsys (38),0 (0x0),None (0x0),None (0x0),": Waaaah![New Line]You're making me lose confidence!" (0x571E),60 (0x3C),61 (0x3D),0 (0x0),0 (0x0),0 (0x0),0 (0x0),Trainer AI (1),0 (0x0),0 (0x0),0 (0x0),0 (0x0),0 (0x0),0 (0x0),0 (0x0),0 (0x0)
"Davis"  - 32,0xC828C828,false,false,false,false,false,false,Cool Trainer (20),"Davis" (0x17A2),pkx_trainer_m_0101.fsys (60),0 (0x0),None (0x0),None (0x0),": I feel like I failed my[New Line]school graduation exam!" (0x571F),62 (0x3E),63 (0x3F),0 (0x0),0 (0x0),0 (0x0),0 (0x0),Trainer AI (1),0 (0x0),0 (0x0),0 (0x0),0 (0x0),0 (0x0),0 (0x0),0 (0x0),0 (0x0)
"Scarlet"  - 33,0xC828C828,true,true,false,false,false,true,Cipher Peon (17),"Scarlet" (0x1798),pkx_hexa_0101.fsys (15),0 (0x0),None (0x0),None (0x0),": What the--?[New Line]You're not supposed to be tough!" (0x55F1),14 (0xE),65 (0x41),833 (0x341),832 (0x340),95 (0x5F),96 (0x60),Trainer AI (1),0 (0x0),0 (0x0),0 (0x0),0 (0x0),0 (0x0),0 (0x0),0 (0x0),0 (0x0)
"Cobalt"  - 34,0xC828C828,true,true,false,false,false,true,Cipher Peon (17),"Cobalt" (0x1799),pkx_hexa_1101.fsys (16),0 (0x0),None (0x0),None (0x0),": Uppity brat!" (0x55F3),3 (0x3),67 (0x43),835 (0x343),834 (0x342),97 (0x61),99 (0x63),Trainer AI (1),0 (0x0),0 (0x0),0 (0x0),0 (0x0),0 (0x0),0 (0x0),0 (0x0),0 (0x0)
"Mocha"  - 35,0xC828C828,true,true,false,false,false,true,Cipher Peon (17),"Mocha" (0x179A),pkx_hexa_2101.fsys (17),0 (0x0),None (0x0),None (0x0),": Now you've done it!" (0x55F5),4 (0x4),70 (0x46),839 (0x347),838 (0x346),101 (0x65),100 (0x64),Trainer AI (1),0 (0x0),0 (0x0),0 (0x0),0 (0x0),0 (0x0),0 (0x0),0 (0x0),0 (0x0)
"Xanthic"  - 36,0xC828C828,true,true,false,false,false,true,Cipher Peon (17),"Xanthic" (0x179B),pkx_hexa_3101.fsys (18),0 (0x0),None (0x0),None (0x0),": I hate brats!" (0x55F7),5 (0x5),72 (0x48),841 (0x349),840 (0x348),103 (0x67),102 (0x66),Trainer AI (1),0 (0x0),0 (0x0),0 (0x0),0 (0x0),0 (0x0),0 (0x0),0 (0x0),0 (0x0)
"Indigo"  - 37,0xC828C828,true,true,false,false,false,true,Cipher Peon (17),"Indigo" (0x179C),pkx_hexa_4101.fsys (19),0 (0x0),None (0x0),None (0x0),": Oh, Mama, I've lost!" (0x55F9),6 (0x6),74 (0x4A),843 (0x34B),842 (0x34A),106 (0x6A),105 (0x69),Trainer AI (1),0 (0x0),0 (0x0),0 (0x0),0 (0x0),0 (0x0),0 (0x0),0 (0x0),0 (0x0)
"Verdun"  - 38,0xC828C828,true,true,false,false,false,true,Cipher Peon (17),"Verdun" (0x179D),pkx_hexa_5101.fsys (20),0 (0x0),None (0x0),None (0x0),": I feel crushing defeat[New Line]sixfold!" (0x55FB),7 (0x7),836 (0x344),837 (0x345),78 (0x4E),107 (0x6B),108 (0x6C),Trainer AI (1),0 (0x0),0 (0x0),0 (0x0),0 (0x0),0 (0x0),0 (0x0),0 (0x0),0 (0x0)
"Scarlet"  - 39,0xC828C828,false,false,false,false,false,false,Cipher Peon (17),"Scarlet" (0x1798),pkx_hexa_0101.fsys (15),0 (0x0),None (0x0),None (0x0),": What the--?[New Line]You're not supposed to be tough!" (0x55F1),65 (0x41),832 (0x340),833 (0x341),0 (0x0),0 (0x0),0 (0x0),Trainer AI (1),0 (0x0),0 (0x0),0 (0x0),0 (0x0),0 (0x0),0 (0x0),0 (0x0),0 (0x0)
"Cobalt"  - 40,0xC828C828,false,false,false,false,false,false,Cipher Peon (17),"Cobalt" (0x1799),pkx_hexa_1101.fsys (16),0 (0x0),None (0x0),None (0x0),": Uppity brat!" (0x55F3),67 (0x43),834 (0x342),835 (0x343),0 (0x0),0 (0x0),0 (0x0),Trainer AI (1),0 (0x0),0 (0x0),0 (0x0),0 (0x0),0 (0x0),0 (0x0),0 (0x0),0 (0x0)
"Mocha"  - 41,0xC828C828,false,false,false,false,false,false,Cipher Peon (17),"Mocha" (0x179A),pkx_hexa_2101.fsys (17),0 (0x0),None (0x0),None (0x0),": Now you've done it!" (0x55F5),70 (0x46),838 (0x346),839 (0x347),0 (0x0),0 (0x0),0 (0x0),Trainer AI (1),0 (0x0),0 (0x0),0 (0x0),0 (0x0),0 (0x0),0 (0x0),0 (0x0),0 (0x0)
"Xanthic"  - 42,0xC828C828,false,false,false,false,false,false,Cipher Peon (17),"Xanthic" (0x179B),pkx_hexa_3101.fsys (18),0 (0x0),None (0x0),None (0x0),": I hate brats!" (0x55F7),840 (0x348),72 (0x48),841 (0x349),0 (0x0),0 (0x0),0 (0x0),Trainer AI (1),0 (0x0),0 (0x0),0 (0x0),0 (0x0),0 (0x0),0 (0x0),0 (0x0),0 (0x0)
"Indigo"  - 43,0xC828C828,false,false,false,false,false,false,Cipher Peon (17),"Indigo" (0x179C),pkx_hexa_4101.fsys (19),0 (0x0),None (0x0),None (0x0),": Oh, Mama, I've lost!" (0x55F9),842 (0x34A),74 (0x4A),843 (0x34B),0 (0x0),0 (0x0),0 (0x0),Trainer AI (1),0 (0x0),0 (0x0),0 (0x0),0 (0x0),0 (0x0),0 (0x0),0 (0x0),0 (0x0)
"Verdun"  - 44,0xC828C828,false,false,false,false,false,false,Cipher Peon (17),"Verdun" (0x179D),pkx_hexa_5101.fsys (20),0 (0x0),None (0x0),None (0x0),": I feel crushing defeat[New Line]sixfold!" (0x55FB),78 (0x4E),836 (0x344),837 (0x345),0 (0x0),0 (0x0),0 (0x0),Trainer AI (1),0 (0x0),0 (0x0),0 (0x0),0 (0x0),0 (0x0),0 (0x0),0 (0x0),0 (0x0)
"Snow"  - 45,0xC828C828,false,false,false,true,false,false,Cipher Peon (17),"Snow" (0x17A4),pkx_agent1_f_0101.fsys (11),0 (0x0),None (0x0),None (0x0),": Oh, my![New Line]I'm not supposed to lose to you!" (0x55FD),103 (0x67),104 (0x68),83 (0x53),0 (0x0),0 (0x0),0 (0x0),Trainer AI (1),0 (0x0),0 (0x0),0 (0x0),0 (0x0),0 (0x0),0 (0x0),0 (0x0),0 (0x0)
"Mickey"  - 46,0xC828C828,false,false,false,false,false,false,Cipher Peon (17),"Mickey" (0x17AA),pkx_agent1_f_0101.fsys (11),0 (0x0),None (0x0),None (0x0),": Oh, yeah?[New Line]Well, I'll just run away!" (0x55FE),105 (0x69),106 (0x6A),0 (0x0),0 (0x0),0 (0x0),0 (0x0),Trainer AI (1),0 (0x0),0 (0x0),0 (0x0),0 (0x0),0 (0x0),0 (0x0),0 (0x0),0 (0x0)
"Odell"  - 47,0xC828C828,false,false,false,false,false,false,Cipher R&D (41),"Odell" (0x17A8),pkx_research2_0101.fsys (48),0 (0x0),None (0x0),None (0x0),": Why?[New Line]What'd I do to deserve this?" (0x5601),107 (0x6B),108 (0x6C),0 (0x0),0 (0x0),0 (0x0),0 (0x0),Trainer AI (1),0 (0x0),0 (0x0),0 (0x0),0 (0x0),0 (0x0),0 (0x0),0 (0x0),0 (0x0)
"Arthur"  - 48,0xC828C828,false,false,false,true,false,false,Cipher R&D (41),"Arthur" (0x17AC),pkx_research2_0101.fsys (48),0 (0x0),None (0x0),None (0x0),": Oh, my gosh![New Line]That shook me up!" (0x5605),110 (0x6E),111 (0x6F),21 (0x15),0 (0x0),0 (0x0),0 (0x0),Trainer AI (1),0 (0x0),0 (0x0),0 (0x0),0 (0x0),0 (0x0),0 (0x0),0 (0x0),0 (0x0)
"Jessie"  - 49,0xC828C828,false,false,false,true,false,false,Cipher Peon (17),"Jessie" (0x17AD),pkx_agent1_f_0101.fsys (11),0 (0x0),None (0x0),None (0x0),": I shouldn't have come out!" (0x5606),112 (0x70),113 (0x71),8 (0x8),0 (0x0),0 (0x0),0 (0x0),Trainer AI (1),0 (0x0),0 (0x0),0 (0x0),0 (0x0),0 (0x0),0 (0x0),0 (0x0),0 (0x0)
"James"  - 50,0xC828C828,false,false,false,false,true,false,Cipher Peon (17),"James" (0x17AB),pkx_agent1_m_0101.fsys (12),0 (0x0),None (0x0),None (0x0),": Calm down, please![New Line]And then leave quietly!" (0x5604),116 (0x74),9 (0x9),109 (0x6D),0 (0x0),0 (0x0),0 (0x0),Trainer AI (1),0 (0x0),0 (0x0),0 (0x0),0 (0x0),0 (0x0),0 (0x0),0 (0x0),0 (0x0)
"Ben"  - 51,0xC828C828,false,false,false,false,false,false,Cipher Peon (17),"Ben" (0x17A6),pkx_agent1_m_0101.fsys (12),0 (0x0),None (0x0),None (0x0),": Take whatever you want![New Line]But, please, leave me alone!" (0x5603),119 (0x77),120 (0x78),0 (0x0),0 (0x0),0 (0x0),0 (0x0),Trainer AI (1),0 (0x0),0 (0x0),0 (0x0),0 (0x0),0 (0x0),0 (0x0),0 (0x0),0 (0x0)
"Holden"  - 52,0xC828C828,false,false,false,false,false,false,Cipher Peon (17),"Holden" (0x17AF),pkx_agent1_m_0101.fsys (12),0 (0x0),None (0x0),None (0x0),": There's nothing cute[New Line]about you, brat!" (0x5607),123 (0x7B),124 (0x7C),0 (0x0),0 (0x0),0 (0x0),0 (0x0),Trainer AI (1),0 (0x0),0 (0x0),0 (0x0),0 (0x0),0 (0x0),0 (0x0),0 (0x0),0 (0x0)
"Vinnie"  - 53,0xC828C828,false,false,false,false,false,false,Cipher R&D (41),"Vinnie" (0x17AE),pkx_research2_0101.fsys (48),0 (0x0),None (0x0),None (0x0),": This is no place for[New Line]battles, too!" (0x5609),125 (0x7D),126 (0x7E),0 (0x0),0 (0x0),0 (0x0),0 (0x0),Trainer AI (1),0 (0x0),0 (0x0),0 (0x0),0 (0x0),0 (0x0),0 (0x0),0 (0x0),0 (0x0)
"Shirley"  - 54,0xC828C828,false,false,false,true,false,false,Cipher Peon (17),"Shirley" (0x17B0),pkx_agent1_f_0101.fsys (11),0 (0x0),None (0x0),None (0x0),": How dare you![New Line]I mean, really!" (0x5608),128 (0x80),129 (0x81),123 (0x7B),0 (0x0),0 (0x0),0 (0x0),Trainer AI (1),0 (0x0),0 (0x0),0 (0x0),0 (0x0),0 (0x0),0 (0x0),0 (0x0),0 (0x0)
"Rod"  - 55,0xC828C828,false,false,false,false,false,false,Cipher R&D (41),"Rod" (0x17B1),pkx_research2_0101.fsys (48),0 (0x0),None (0x0),None (0x0),": Beaten by a kid?!" (0x560A),131 (0x83),132 (0x84),0 (0x0),0 (0x0),0 (0x0),0 (0x0),Trainer AI (1),0 (0x0),0 (0x0),0 (0x0),0 (0x0),0 (0x0),0 (0x0),0 (0x0),0 (0x0)
"Merritt"  - 56,0xC828C828,false,false,false,false,false,false,Cipher R&D (41),"Merritt" (0x17B2),pkx_research2_0101.fsys (48),0 (0x0),None (0x0),None (0x0),": Nope, I'm just no good[New Line]at battling!" (0x560B),134 (0x86),135 (0x87),0 (0x0),0 (0x0),0 (0x0),0 (0x0),Trainer AI (1),0 (0x0),0 (0x0),0 (0x0),0 (0x0),0 (0x0),0 (0x0),0 (0x0),0 (0x0)
"Banks"  - 57,0xC828C828,false,false,false,false,false,true,Cipher Peon (17),"Banks" (0x17A5),pkx_agent1_m_0101.fsys (12),0 (0x0),None (0x0),None (0x0),": Go right ahead![New Line]Feel free to wander and look around!" (0x55FF),23 (0x17),139 (0x8B),140 (0x8C),0 (0x0),0 (0x0),0 (0x0),Trainer AI (1),0 (0x0),0 (0x0),0 (0x0),0 (0x0),0 (0x0),0 (0x0),0 (0x0),0 (0x0)
"Peyton"  - 58,0xC828C828,false,false,false,false,false,false,Cipher Peon (17),"Peyton" (0x17A9),pkx_agent1_f_0101.fsys (11),0 (0x0),None (0x0),None (0x0),": Didn't someone raise[New Line]you properly?[New Line]How could you come in and make a mess[New Line]of our place?" (0x5602),142 (0x8E),143 (0x8F),0 (0x0),0 (0x0),0 (0x0),0 (0x0),Trainer AI (1),0 (0x0),0 (0x0),0 (0x0),0 (0x0),0 (0x0),0 (0x0),0 (0x0),0 (0x0)
"Hoyt"  - 59,0xC828C828,false,false,false,true,false,false,Cipher R&D (41),"Hoyt" (0x17A7),pkx_research2_0101.fsys (48),0 (0x0),None (0x0),None (0x0),": Are you really a kid?" (0x5600),145 (0x91),146 (0x92),24 (0x18),0 (0x0),0 (0x0),0 (0x0),Trainer AI (1),0 (0x0),0 (0x0),0 (0x0),0 (0x0),0 (0x0),0 (0x0),0 (0x0),0 (0x0)
"Naps"  - 60,0xC828C828,false,false,false,true,false,false,Cipher Peon (17),"Naps" (0x1785),pkx_agent3_m_0101.fsys (14),0 (0x0),None (0x0),None (0x0),": You're good, punk..." (0x560C),148 (0x94),149 (0x95),88 (0x58),43 (0x2B),0 (0x0),0 (0x0),Trainer AI (1),0 (0x0),0 (0x0),0 (0x0),0 (0x0),0 (0x0),0 (0x0),0 (0x0),0 (0x0)
"Lovrina"  - 61,0xC828C828,true,true,true,false,false,false,Cipher Admin (6),"Lovrina" (0x17B3),pkx_mage_0101.fsys (21),251 (0xFB),None (0x0),None (0x0),": What on earth?[New Line]How could you be strong?" (0x560D),152 (0x98),153 (0x99),154 (0x9A),109 (0x6D),110 (0x6E),12 (0xC),Trainer AI (1),0 (0x0),0 (0x0),0 (0x0),0 (0x0),0 (0x0),0 (0x0),0 (0x0),0 (0x0)
"Kale"  - 62,0xC828C828,false,false,false,false,false,false,Healthy Rogue (15),"Kale" (0x17BA),pkx_thief_m_1101.fsys (58),0 (0x0),None (0x0),None (0x0),": Gwooh!" (0x5975),156 (0x9C),157 (0x9D),158 (0x9E),159 (0x9F),845 (0x34D),846 (0x34E),Trainer AI (1),0 (0x0),0 (0x0),0 (0x0),0 (0x0),0 (0x0),0 (0x0),0 (0x0),0 (0x0)
"Harry"  - 63,0xC828C828,false,false,false,false,false,false,Worker (29),"Harry" (0x17BB),pkx_worker_0101.fsys (63),0 (0x0),None (0x0),None (0x0),": I lost, but hey, I worked[New Line]up a good sweat!" (0x5976),160 (0xA0),161 (0xA1),162 (0xA2),0 (0x0),0 (0x0),0 (0x0),Trainer AI (1),0 (0x0),0 (0x0),0 (0x0),0 (0x0),0 (0x0),0 (0x0),0 (0x0),0 (0x0)
"Sp.Atk EVT"  - 64,0xC828C828,false,false,false,false,false,false,None (0),"Sp.Atk EVT" (0x17BC),pkx_thief_f_0101.fsys (55),0 (0x0),None (0x0),None (0x0),": I feel like crying!" (0x5977),163 (0xA3),164 (0xA4),165 (0xA5),847 (0x34F),848 (0x350),849 (0x351),Trainer AI (1),0 (0x0),0 (0x0),0 (0x0),0 (0x0),0 (0x0),0 (0x0),0 (0x0),0 (0x0)
"Sp.Def EVT"  - 65,0xC828C828,false,false,false,false,false,false,None (0),"Sp.Def EVT" (0x17BD),pkx_rider_m_0101.fsys (49),0 (0x0),None (0x0),None (0x0),": Oh, we had to lose!" (0x5978),167 (0xA7),168 (0xA8),169 (0xA9),850 (0x352),851 (0x353),852 (0x354),Trainer AI (1),0 (0x0),0 (0x0),0 (0x0),0 (0x0),0 (0x0),0 (0x0),0 (0x0),0 (0x0)
"Attack EVT"  - 66,0xC828C828,false,false,false,false,false,false,None (0),"Attack EVT" (0x17BE),pkx_hunter_m_0101.fsys (36),0 (0x0),None (0x0),None (0x0),": I didn't count on[New Line]losing...[New Line]What a surprise." (0x5979),170 (0xAA),171 (0xAB),172 (0xAC),853 (0x355),854 (0x356),855 (0x357),Trainer AI (1),0 (0x0),0 (0x0),0 (0x0),0 (0x0),0 (0x0),0 (0x0),0 (0x0),0 (0x0)
"Speed EVT"  - 67,0xC828C828,false,false,false,false,false,false,None (0),"Speed EVT" (0x17BF),pkx_thief_m_0101.fsys (57),0 (0x0),None (0x0),None (0x0),": I underestimated you.[New Line]Thought you were just a kid." (0x597A),174 (0xAE),175 (0xAF),176 (0xB0),856 (0x358),857 (0x359),858 (0x35A),Trainer AI (1),0 (0x0),0 (0x0),0 (0x0),0 (0x0),0 (0x0),0 (0x0),0 (0x0),0 (0x0)
"Def EVT"  - 68,0xC828C828,false,false,false,false,false,false,None (0),"Def EVT" (0x17C0),pkx_niku_m_0101.fsys (45),0 (0x0),None (0x0),None (0x0),": Darn it all![New Line]Played things too aggressively!" (0x597B),178 (0xB2),179 (0xB3),86 (0x56),859 (0x35B),860 (0x35C),861 (0x35D),Trainer AI (1),0 (0x0),0 (0x0),0 (0x0),0 (0x0),0 (0x0),0 (0x0),0 (0x0),0 (0x0)
"Russ"  - 69,0xC828C828,false,false,false,false,false,false,Super Trainer (18),"Russ" (0x1784),pkx_gyma_m_2101.fsys (34),0 (0x0),None (0x0),None (0x0),": Whoa![New Line]It's no fluke. The kid is tough!" (0x5A3F),180 (0xB4),181 (0xB5),900 (0x384),0 (0x0),0 (0x0),0 (0x0),Trainer AI (1),0 (0x0),0 (0x0),0 (0x0),0 (0x0),0 (0x0),0 (0x0),0 (0x0),0 (0x0)
"Russ"  - 70,0xC828C828,false,false,false,false,false,false,Super Trainer (18),"Russ" (0x1784),pkx_gyma_m_2101.fsys (34),0 (0x0),None (0x0),None (0x0),": Whoa![New Line]It's no fluke. The kid is tough!" (0x5A3F),182 (0xB6),183 (0xB7),900 (0x384),0 (0x0),0 (0x0),0 (0x0),Trainer AI (1),0 (0x0),0 (0x0),0 (0x0),0 (0x0),0 (0x0),0 (0x0),0 (0x0),0 (0x0)
"Shawna"  - 71,0xC828C828,false,false,false,false,false,false,Chaser (26),"Shawna" (0x1781),pkx_thief_f_0101.fsys (55),0 (0x0),None (0x0),None (0x0),": The sting of the salt spray...[New Line]It brings tears to my eyes." (0x5AA5),185 (0xB9),186 (0xBA),187 (0xBB),773 (0x305),777 (0x309),0 (0x0),Trainer AI (1),0 (0x0),0 (0x0),0 (0x0),0 (0x0),0 (0x0),0 (0x0),0 (0x0),0 (0x0)
"Mirror B."  - 72,0xC828C828,false,false,true,false,false,false,Villain (11),"Mirror B." (0x17D7),pkx_mirrabo_0101.fsys (43),98 (0x62),None (0x0),None (0x0),": You messed up my[New Line]rhythm![New Line]I just can't, no, I just can't do it!" (0x5C31),188 (0xBC),189 (0xBD),190 (0xBE),29 (0x1D),356 (0x164),0 (0x0),Trainer AI (1),0 (0x0),0 (0x0),0 (0x0),0 (0x0),0 (0x0),0 (0x0),0 (0x0),0 (0x0)
"Marvyn"  - 73,0xC828C828,false,false,false,true,false,false,Cipher Peon (17),"Marvyn" (0x17CB),pkx_agent1_m_0101.fsys (12),0 (0x0),None (0x0),None (0x0),": B-beaten by a punk like[New Line]you... Groan..." (0x597C),192 (0xC0),193 (0xC1),26 (0x1A),0 (0x0),0 (0x0),0 (0x0),Trainer AI (1),0 (0x0),0 (0x0),0 (0x0),0 (0x0),0 (0x0),0 (0x0),0 (0x0),0 (0x0)
"Jeff"  - 74,0xC828C828,false,false,false,false,false,false,Cipher Peon (17),"Jeff" (0x17CC),pkx_agent1_m_0101.fsys (12),0 (0x0),None (0x0),None (0x0),": You're tougher than that[New Line]security guard at the entrance!" (0x597D),194 (0xC2),195 (0xC3),196 (0xC4),0 (0x0),0 (0x0),0 (0x0),Trainer AI (1),0 (0x0),0 (0x0),0 (0x0),0 (0x0),0 (0x0),0 (0x0),0 (0x0),0 (0x0)
"Andrea"  - 75,0xC828C828,false,false,false,true,false,false,Cipher Peon (17),"Andrea" (0x17CD),pkx_agent1_f_0101.fsys (11),0 (0x0),None (0x0),None (0x0),": You're a little kid![New Line]You should lighten up!" (0x597E),197 (0xC5),198 (0xC6),89 (0x59),0 (0x0),0 (0x0),0 (0x0),Trainer AI (1),0 (0x0),0 (0x0),0 (0x0),0 (0x0),0 (0x0),0 (0x0),0 (0x0),0 (0x0)
"Nigel"  - 76,0xC828C828,false,false,false,false,false,false,Cipher Peon (17),"Nigel" (0x17CE),pkx_agent1_m_0101.fsys (12),0 (0x0),None (0x0),None (0x0),": You lot![New Line]Doesn't Cipher frighten you?!" (0x597F),201 (0xC9),202 (0xCA),203 (0xCB),0 (0x0),0 (0x0),0 (0x0),Trainer AI (1),0 (0x0),0 (0x0),0 (0x0),0 (0x0),0 (0x0),0 (0x0),0 (0x0),0 (0x0)
"Jerrod"  - 77,0xC828C828,false,false,false,false,false,false,Cipher Peon (17),"Jerrod" (0x17CF),pkx_agent1_m_0101.fsys (12),0 (0x0),None (0x0),None (0x0),": Miss Anika!" (0x5980),204 (0xCC),205 (0xCD),206 (0xCE),0 (0x0),0 (0x0),0 (0x0),Trainer AI (1),0 (0x0),0 (0x0),0 (0x0),0 (0x0),0 (0x0),0 (0x0),0 (0x0),0 (0x0)
"Jaye"  - 78,0xC828C828,false,false,false,true,false,false,Cipher Peon (17),"Jaye" (0x17D0),pkx_agent1_m_0101.fsys (12),0 (0x0),None (0x0),None (0x0),": Why did the elevator[New Line]have to stop on this floor?!" (0x5981),208 (0xD0),209 (0xD1),28 (0x1C),0 (0x0),0 (0x0),0 (0x0),Trainer AI (1),0 (0x0),0 (0x0),0 (0x0),0 (0x0),0 (0x0),0 (0x0),0 (0x0),0 (0x0)
"Diana"  - 79,0xC828C828,false,false,false,false,false,false,Cipher Peon (17),"Diana" (0x17D1),pkx_agent1_f_0101.fsys (11),0 (0x0),None (0x0),None (0x0),": You startled me![New Line]You threw me off my battle plan!" (0x5982),211 (0xD3),212 (0xD4),213 (0xD5),0 (0x0),0 (0x0),0 (0x0),Trainer AI (1),0 (0x0),0 (0x0),0 (0x0),0 (0x0),0 (0x0),0 (0x0),0 (0x0),0 (0x0)
"Deacon"  - 80,0xC828C828,false,false,false,false,false,false,Fun Old Man (21),"Deacon" (0x178C),pkx_jiji1_0101.fsys (39),0 (0x0),None (0x0),None (0x0),": I bow to your skill!" (0x59D9),215 (0xD7),216 (0xD8),0 (0x0),0 (0x0),0 (0x0),0 (0x0),Trainer AI (1),0 (0x0),0 (0x0),0 (0x0),0 (0x0),0 (0x0),0 (0x0),0 (0x0),0 (0x0)
"Moreen"  - 81,0xC828C828,false,false,false,false,false,false,Matron (23),"Moreen" (0x178D),pkx_baba1_0101.fsys (25),0 (0x0),None (0x0),None (0x0),": Ah, most impressive[New Line]indeed!" (0x59DA),217 (0xD9),218 (0xDA),0 (0x0),0 (0x0),0 (0x0),0 (0x0),Trainer AI (1),0 (0x0),0 (0x0),0 (0x0),0 (0x0),0 (0x0),0 (0x0),0 (0x0),0 (0x0)
"Doyle"  - 82,0xC828C828,false,false,false,false,false,false,Bodybuilder (35),"Doyle" (0x178F),pkx_niku_m_0101.fsys (45),0 (0x0),None (0x0),None (0x0),": So I have a bad sense of[New Line]direction![New Line]It's nothing to make fun of!" (0x59DD),219 (0xDB),220 (0xDC),0 (0x0),0 (0x0),0 (0x0),0 (0x0),Trainer AI (1),0 (0x0),0 (0x0),0 (0x0),0 (0x0),0 (0x0),0 (0x0),0 (0x0),0 (0x0)
"Colton"  - 83,0xC828C828,false,false,false,false,false,false,Rider (28),"Colton" (0x1790),pkx_rider_m_0101.fsys (49),0 (0x0),None (0x0),None (0x0),": Doomed!" (0x59DE),222 (0xDE),223 (0xDF),0 (0x0),0 (0x0),0 (0x0),0 (0x0),Trainer AI (1),0 (0x0),0 (0x0),0 (0x0),0 (0x0),0 (0x0),0 (0x0),0 (0x0),0 (0x0)
"Howie"  - 84,0xC828C828,false,false,false,true,false,false,Cipher Peon (17),"Howie" (0x17D2),pkx_agent1_m_0101.fsys (12),0 (0x0),None (0x0),None (0x0),": What's going on here?![New Line]What's a tough guy like you doing here?!" (0x5983),225 (0xE1),226 (0xE2),32 (0x20),0 (0x0),0 (0x0),0 (0x0),Trainer AI (1),0 (0x0),0 (0x0),0 (0x0),0 (0x0),0 (0x0),0 (0x0),0 (0x0),0 (0x0)
"Ken"  - 85,0xC828C828,false,false,false,false,false,false,Cipher Peon (17),"Ken" (0x17D3),pkx_agent1_m_0101.fsys (12),0 (0x0),None (0x0),None (0x0),": Giiiah!" (0x5984),229 (0xE5),230 (0xE6),231 (0xE7),0 (0x0),0 (0x0),0 (0x0),Trainer AI (1),0 (0x0),0 (0x0),0 (0x0),0 (0x0),0 (0x0),0 (0x0),0 (0x0),0 (0x0)
"Fred"  - 86,0xC828C828,false,false,false,true,false,false,Cipher Peon (17),"Fred" (0x17D4),pkx_agent1_m_0101.fsys (12),0 (0x0),None (0x0),None (0x0),": Uh-uh![New Line]This is not right!" (0x5985),233 (0xE9),234 (0xEA),34 (0x22),0 (0x0),0 (0x0),0 (0x0),Trainer AI (1),0 (0x0),0 (0x0),0 (0x0),0 (0x0),0 (0x0),0 (0x0),0 (0x0),0 (0x0)
"Exol"  - 87,0xC828C828,true,false,false,true,false,false,Commander (40),"Exol" (0x17D5),pkx_agent2_m_0101.fsys (13),0 (0x0),None (0x0),None (0x0),": Gwaah![New Line]Are you some kind of a battling pro?!" (0x5986),237 (0xED),238 (0xEE),35 (0x23),240 (0xF0),77 (0x4D),52 (0x34),Trainer AI (1),0 (0x0),0 (0x0),0 (0x0),0 (0x0),0 (0x0),0 (0x0),0 (0x0),0 (0x0)
"Bonnie"  - 88,0xC828C828,false,false,false,false,true,false,Cipher Peon (17),"Bonnie" (0x17EA),pkx_agent1_f_0101.fsys (11),0 (0x0),None (0x0),None (0x0),": You really are a nasty[New Line]child!" (0x5911),241 (0xF1),46 (0x2E),243 (0xF3),244 (0xF4),0 (0x0),0 (0x0),Trainer AI (1),0 (0x0),0 (0x0),0 (0x0),0 (0x0),0 (0x0),0 (0x0),0 (0x0),0 (0x0)
"Clyde"  - 89,0xC828C828,false,false,false,false,true,false,Cipher Peon (17),"Clyde" (0x17EB),pkx_agent1_m_0101.fsys (12),0 (0x0),None (0x0),None (0x0),": Whee![New Line]And we're down-and-out!" (0x5912),245 (0xF5),31 (0x1F),247 (0xF7),719 (0x2CF),0 (0x0),0 (0x0),Trainer AI (1),0 (0x0),0 (0x0),0 (0x0),0 (0x0),0 (0x0),0 (0x0),0 (0x0),0 (0x0)
"Kale"  - 90,0xC828C828,false,false,false,false,false,false,Healthy Rogue (15),"Kale" (0x17BA),pkx_thief_m_1101.fsys (58),0 (0x0),None (0x0),None (0x0),": Gwoh![New Line]I thought I trained my party to be[New Line]tough!" (0x5987),248 (0xF8),249 (0xF9),250 (0xFA),251 (0xFB),862 (0x35E),863 (0x35F),Trainer AI (1),0 (0x0),0 (0x0),0 (0x0),0 (0x0),0 (0x0),0 (0x0),0 (0x0),0 (0x0)
"Georgia"  - 91,0xC828C828,false,false,false,false,false,false,Cipher Peon (17),"Georgia" (0x17E0),pkx_agent1_f_0101.fsys (11),0 (0x0),None (0x0),None (0x0),": I gave you that Disc[New Line]Case to get you out of here, too!" (0x5913),252 (0xFC),253 (0xFD),615 (0x267),0 (0x0),0 (0x0),0 (0x0),Trainer AI (1),0 (0x0),0 (0x0),0 (0x0),0 (0x0),0 (0x0),0 (0x0),0 (0x0),0 (0x0)
"Bradly"  - 92,0xC828C828,false,false,false,false,false,false,Cipher Peon (17),"Bradly" (0x17E1),pkx_agent1_m_0101.fsys (12),0 (0x0),None (0x0),None (0x0),": I'm not supposed to be[New Line]losing here like this.[New Line]This won't do!" (0x5914),254 (0xFE),255 (0xFF),256 (0x100),0 (0x0),0 (0x0),0 (0x0),Trainer AI (1),0 (0x0),0 (0x0),0 (0x0),0 (0x0),0 (0x0),0 (0x0),0 (0x0),0 (0x0)
"Thornton"  - 93,0xC828C828,false,false,false,false,false,false,Cipher Peon (17),"Thornton" (0x17E2),pkx_agent1_m_0101.fsys (12),0 (0x0),None (0x0),None (0x0),": Help me!" (0x5915),258 (0x102),259 (0x103),260 (0x104),0 (0x0),0 (0x0),0 (0x0),Trainer AI (1),0 (0x0),0 (0x0),0 (0x0),0 (0x0),0 (0x0),0 (0x0),0 (0x0),0 (0x0)
"Jude"  - 94,0xC828C828,false,false,false,false,false,false,Cipher Peon (17),"Jude" (0x17E4),pkx_agent1_m_0101.fsys (12),0 (0x0),None (0x0),None (0x0),": Sell me some Revives,[New Line]too!" (0x5916),261 (0x105),262 (0x106),616 (0x268),0 (0x0),0 (0x0),0 (0x0),Trainer AI (1),0 (0x0),0 (0x0),0 (0x0),0 (0x0),0 (0x0),0 (0x0),0 (0x0),0 (0x0)
"Hailie"  - 95,0xC828C828,false,false,false,false,false,false,Cipher Peon (17),"Hailie" (0x17E3),pkx_agent1_f_0101.fsys (11),0 (0x0),None (0x0),None (0x0),": Why couldn't you have[New Line]just ignored what we were doing?" (0x5917),266 (0x10A),267 (0x10B),268 (0x10C),0 (0x0),0 (0x0),0 (0x0),Trainer AI (1),0 (0x0),0 (0x0),0 (0x0),0 (0x0),0 (0x0),0 (0x0),0 (0x0),0 (0x0)
"Ronan"  - 96,0xC828C828,false,false,false,false,false,false,Cipher Peon (17),"Ronan" (0x17E5),pkx_agent1_m_0101.fsys (12),0 (0x0),None (0x0),None (0x0),": You watch, this town will[New Line]fall to Cipher one day!" (0x5918),269 (0x10D),270 (0x10E),271 (0x10F),0 (0x0),0 (0x0),0 (0x0),Trainer AI (1),0 (0x0),0 (0x0),0 (0x0),0 (0x0),0 (0x0),0 (0x0),0 (0x0),0 (0x0)
"Thatcher"  - 97,0xC828C828,false,false,true,false,false,false,Cipher Peon (17),"Thatcher" (0x17E6),pkx_agent1_m_0101.fsys (12),0 (0x0),None (0x0),None (0x0),": Take it easy![New Line]Don't be so rough!" (0x5919),282 (0x11A),283 (0x11B),284 (0x11C),25 (0x19),0 (0x0),0 (0x0),Trainer AI (1),0 (0x0),0 (0x0),0 (0x0),0 (0x0),0 (0x0),0 (0x0),0 (0x0),0 (0x0)
"Carmen"  - 98,0xC828C828,false,false,false,true,false,false,Cipher Peon (17),"Carmen" (0x17E7),pkx_agent1_f_0101.fsys (11),0 (0x0),None (0x0),None (0x0),": Yeah, steal our[New Line]Pokémon, will you?" (0x591A),276 (0x114),277 (0x115),90 (0x5A),617 (0x269),0 (0x0),0 (0x0),Trainer AI (1),0 (0x0),0 (0x0),0 (0x0),0 (0x0),0 (0x0),0 (0x0),0 (0x0),0 (0x0)
"Alyce"  - 99,0xC828C828,false,false,false,true,false,false,Cipher Peon (17),"Alyce" (0x17E9),pkx_agent1_f_0101.fsys (11),0 (0x0),None (0x0),None (0x0),": You have no[New Line]appreciation for our work!" (0x591B),279 (0x117),280 (0x118),55 (0x37),618 (0x26A),0 (0x0),0 (0x0),Trainer AI (1),0 (0x0),0 (0x0),0 (0x0),0 (0x0),0 (0x0),0 (0x0),0 (0x0),0 (0x0)
"Scott"  - 100,0xC828C828,false,false,false,true,false,false,Cipher Peon (17),"Scott" (0x17E8),pkx_agent1_m_0101.fsys (12),0 (0x0),None (0x0),None (0x0),": Tch![New Line]I blew that one!" (0x591C),273 (0x111),274 (0x112),37 (0x25),438 (0x1B6),0 (0x0),0 (0x0),Trainer AI (1),0 (0x0),0 (0x0),0 (0x0),0 (0x0),0 (0x0),0 (0x0),0 (0x0),0 (0x0)
"Sammi"  - 101,0xC828C828,false,false,false,true,false,false,Cipher Peon (17),"Sammi" (0x17EC),pkx_agent1_f_0101.fsys (11),0 (0x0),None (0x0),None (0x0),": I got beaten by some[New Line]little kid!" (0x591D),286 (0x11E),287 (0x11F),39 (0x27),619 (0x26B),0 (0x0),0 (0x0),Trainer AI (1),0 (0x0),0 (0x0),0 (0x0),0 (0x0),0 (0x0),0 (0x0),0 (0x0),0 (0x0)
"Milo"  - 102,0xC828C828,false,false,false,true,false,false,Cipher Peon (17),"Milo" (0x17ED),pkx_agent1_m_0101.fsys (12),0 (0x0),None (0x0),None (0x0),": Okay, so it's me that[New Line]gets lost!" (0x591E),289 (0x121),290 (0x122),17 (0x11),741 (0x2E5),0 (0x0),0 (0x0),Trainer AI (1),43 (0x2B),0 (0x0),0 (0x0),0 (0x0),100 (0x64),0 (0x0),0 (0x0),0 (0x0)
"Brian"  - 103,0xC828C828,false,false,true,false,false,false,Cipher Peon (17),"Brian" (0x17EE),pkx_agent3_m_0101.fsys (14),0 (0x0),None (0x0),None (0x0),": Aww, no!" (0x591F),292 (0x124),293 (0x125),294 (0x126),41 (0x29),0 (0x0),0 (0x0),Trainer AI (1),0 (0x0),0 (0x0),0 (0x0),0 (0x0),0 (0x0),0 (0x0),0 (0x0),0 (0x0)
"Snattle"  - 104,0xC828C828,true,true,false,true,false,false,Cipher Admin (6),"Snattle" (0x17EF),pkx_wazzle_0101.fsys (61),253 (0xFD),None (0x0),None (0x0),": Duh! No!" (0x5920),296 (0x128),297 (0x129),27 (0x1B),299 (0x12B),15 (0xF),111 (0x6F),Trainer AI (1),49 (0x31),0 (0x0),0 (0x0),0 (0x0),100 (0x64),0 (0x0),0 (0x0),0 (0x0)
"Doug"  - 105,0xC828C828,false,false,false,false,false,false,Fun Old Man (21),"Doug" (0x17D9),pkx_jiji1_0101.fsys (39),0 (0x0),None (0x0),None (0x0),": Battled like a true hero!" (0x5927),301 (0x12D),302 (0x12E),303 (0x12F),0 (0x0),0 (0x0),0 (0x0),Trainer AI (1),0 (0x0),0 (0x0),0 (0x0),0 (0x0),0 (0x0),0 (0x0),0 (0x0),0 (0x0)
"Tameka"  - 106,0xC828C828,false,false,false,false,false,false,Cool Trainer (20),"Tameka" (0x17DF),pkx_trainer_f_0101.fsys (59),0 (0x0),None (0x0),None (0x0),": I simply can't get fired[New Line]up without an audience!" (0x5928),304 (0x130),305 (0x131),306 (0x132),0 (0x0),0 (0x0),0 (0x0),Trainer AI (1),0 (0x0),0 (0x0),0 (0x0),0 (0x0),0 (0x0),0 (0x0),0 (0x0),0 (0x0)
"Sp.Atk EVT"  - 107,0xC828C828,false,false,false,false,false,false,None (0),"Sp.Atk EVT" (0x17BC),pkx_thief_f_0101.fsys (55),0 (0x0),None (0x0),None (0x0),": I feel like crying!" (0x5977),307 (0x133),308 (0x134),309 (0x135),864 (0x360),865 (0x361),866 (0x362),Trainer AI (1),0 (0x0),0 (0x0),0 (0x0),0 (0x0),0 (0x0),0 (0x0),0 (0x0),0 (0x0)
"Sp.Def EVT"  - 108,0xC828C828,false,false,false,false,false,false,None (0),"Sp.Def EVT" (0x17BD),pkx_rider_m_0101.fsys (49),0 (0x0),None (0x0),None (0x0),": Oh, we had to lose!" (0x5978),311 (0x137),312 (0x138),313 (0x139),867 (0x363),868 (0x364),869 (0x365),Trainer AI (1),0 (0x0),0 (0x0),0 (0x0),0 (0x0),0 (0x0),0 (0x0),0 (0x0),0 (0x0)
"Attack EVT"  - 109,0xC828C828,false,false,false,false,false,false,None (0),"Attack EVT" (0x17BE),pkx_hunter_m_0101.fsys (36),0 (0x0),None (0x0),None (0x0),": I didn't count on[New Line]losing...[New Line]What a surprise." (0x5979),314 (0x13A),315 (0x13B),316 (0x13C),870 (0x366),871 (0x367),872 (0x368),Trainer AI (1),0 (0x0),0 (0x0),0 (0x0),0 (0x0),0 (0x0),0 (0x0),0 (0x0),0 (0x0)
"Speed EVT"  - 110,0xC828C828,false,false,false,false,false,false,None (0),"Speed EVT" (0x17BF),pkx_thief_m_0101.fsys (57),0 (0x0),None (0x0),None (0x0),": I underestimated you.[New Line]Thought you were just a kid." (0x597A),318 (0x13E),319 (0x13F),320 (0x140),873 (0x369),874 (0x36A),875 (0x36B),Trainer AI (1),0 (0x0),0 (0x0),0 (0x0),0 (0x0),0 (0x0),0 (0x0),0 (0x0),0 (0x0)
"Def EVT"  - 111,0xC828C828,false,false,false,false,false,false,None (0),"Def EVT" (0x17C0),pkx_niku_m_0101.fsys (45),0 (0x0),None (0x0),None (0x0),": Darn it all![New Line]Played things too aggressively!" (0x597B),322 (0x142),323 (0x143),88 (0x58),876 (0x36C),877 (0x36D),878 (0x36E),Trainer AI (1),0 (0x0),0 (0x0),0 (0x0),0 (0x0),0 (0x0),0 (0x0),0 (0x0),0 (0x0)
"Scarlet"  - 112,0xC828C828,true,true,false,false,false,true,Cipher Peon (17),"Scarlet" (0x1798),pkx_hexa_0101.fsys (15),0 (0x0),None (0x0),None (0x0),": You're our worst[New Line]nightmare!" (0x5921),14 (0xE),325 (0x145),350 (0x15E),882 (0x372),95 (0x5F),96 (0x60),Trainer AI (1),0 (0x0),0 (0x0),0 (0x0),0 (0x0),0 (0x0),0 (0x0),0 (0x0),0 (0x0)
"Cobalt"  - 113,0xC828C828,true,true,false,false,false,true,Cipher Peon (17),"Cobalt" (0x1799),pkx_hexa_1101.fsys (16),0 (0x0),None (0x0),None (0x0),": Uppity brat!" (0x5922),3 (0x3),352 (0x160),327 (0x147),884 (0x374),97 (0x61),99 (0x63),Trainer AI (1),0 (0x0),0 (0x0),0 (0x0),0 (0x0),0 (0x0),0 (0x0),0 (0x0),0 (0x0)
"Mocha"  - 114,0xC828C828,true,true,false,false,false,true,Cipher Peon (17),"Mocha" (0x179A),pkx_hexa_2101.fsys (17),0 (0x0),None (0x0),None (0x0),": I hate brats!" (0x5924),4 (0x4),332 (0x14C),355 (0x163),888 (0x378),101 (0x65),100 (0x64),Trainer AI (1),0 (0x0),0 (0x0),0 (0x0),0 (0x0),0 (0x0),0 (0x0),0 (0x0),0 (0x0)
"Xanthic"  - 115,0xC828C828,true,true,false,false,false,true,Cipher Peon (17),"Xanthic" (0x179B),pkx_hexa_3101.fsys (18),0 (0x0),None (0x0),None (0x0),": Now you've done it!" (0x5923),5 (0x5),335 (0x14F),357 (0x165),892 (0x37C),103 (0x67),102 (0x66),Trainer AI (1),0 (0x0),0 (0x0),0 (0x0),0 (0x0),0 (0x0),0 (0x0),0 (0x0),0 (0x0)
"Indigo"  - 116,0xC828C828,true,true,false,false,false,true,Cipher Peon (17),"Indigo" (0x179C),pkx_hexa_4101.fsys (19),0 (0x0),None (0x0),None (0x0),": Oh, Mama, I've lost!" (0x5925),6 (0x6),360 (0x168),338 (0x152),890 (0x37A),106 (0x6A),105 (0x69),Trainer AI (1),0 (0x0),0 (0x0),0 (0x0),0 (0x0),0 (0x0),0 (0x0),0 (0x0),0 (0x0)
"Verdun"  - 117,0xC828C828,true,true,false,false,false,true,Cipher Peon (17),"Verdun" (0x179D),pkx_hexa_5101.fsys (20),0 (0x0),None (0x0),None (0x0),": I feel crushing[New Line]disappointment sixfold!" (0x5926),7 (0x7),364 (0x16C),343 (0x157),886 (0x376),107 (0x6B),108 (0x6C),Trainer AI (1),0 (0x0),0 (0x0),0 (0x0),0 (0x0),0 (0x0),0 (0x0),0 (0x0),0 (0x0)
"Scarlet"  - 118,0xC828C828,false,false,false,false,false,false,Cipher Peon (17),"Scarlet" (0x1798),pkx_hexa_0101.fsys (15),0 (0x0),None (0x0),None (0x0),": You're our worst[New Line]nightmare!" (0x5921),325 (0x145),350 (0x15E),882 (0x372),0 (0x0),0 (0x0),0 (0x0),Trainer AI (1),0 (0x0),0 (0x0),0 (0x0),0 (0x0),0 (0x0),0 (0x0),0 (0x0),0 (0x0)
"Cobalt"  - 119,0xC828C828,false,false,false,false,false,false,Cipher Peon (17),"Cobalt" (0x1799),pkx_hexa_1101.fsys (16),0 (0x0),None (0x0),None (0x0),": Uppity brat!" (0x5922),327 (0x147),352 (0x160),884 (0x374),0 (0x0),0 (0x0),0 (0x0),Trainer AI (1),0 (0x0),0 (0x0),0 (0x0),0 (0x0),0 (0x0),0 (0x0),0 (0x0),0 (0x0)
"Mocha"  - 120,0xC828C828,false,false,false,false,false,false,Cipher Peon (17),"Mocha" (0x179A),pkx_hexa_2101.fsys (17),0 (0x0),None (0x0),None (0x0),": Now you've done it!" (0x5923),332 (0x14C),355 (0x163),888 (0x378),0 (0x0),0 (0x0),0 (0x0),Trainer AI (1),0 (0x0),0 (0x0),0 (0x0),0 (0x0),0 (0x0),0 (0x0),0 (0x0),0 (0x0)
"Xanthic"  - 121,0xC828C828,false,false,false,false,false,false,Cipher Peon (17),"Xanthic" (0x179B),pkx_hexa_3101.fsys (18),0 (0x0),None (0x0),None (0x0),": I hate brats!" (0x5924),335 (0x14F),357 (0x165),892 (0x37C),0 (0x0),0 (0x0),0 (0x0),Trainer AI (1),0 (0x0),0 (0x0),0 (0x0),0 (0x0),0 (0x0),0 (0x0),0 (0x0),0 (0x0)
"Indigo"  - 122,0xC828C828,false,false,false,false,false,false,Cipher Peon (17),"Indigo" (0x179C),pkx_hexa_4101.fsys (19),0 (0x0),None (0x0),None (0x0),": Oh, Mama, I've lost!" (0x5925),338 (0x152),360 (0x168),890 (0x37A),0 (0x0),0 (0x0),0 (0x0),Trainer AI (1),0 (0x0),0 (0x0),0 (0x0),0 (0x0),0 (0x0),0 (0x0),0 (0x0),0 (0x0)
"Verdun"  - 123,0xC828C828,false,false,false,false,false,false,Cipher Peon (17),"Verdun" (0x179D),pkx_hexa_5101.fsys (20),0 (0x0),None (0x0),None (0x0),": I feel crushing[New Line]disappointment sixfold!" (0x5926),343 (0x157),364 (0x16C),886 (0x376),0 (0x0),0 (0x0),0 (0x0),Trainer AI (1),0 (0x0),0 (0x0),0 (0x0),0 (0x0),0 (0x0),0 (0x0),0 (0x0),0 (0x0)
"Chobin"  - 124,0xC828C828,false,false,false,false,false,false,Assistant (14),"Chobin" (0x1789),pkx_tessla_0101.fsys (54),255 (0xFF),None (0x0),None (0x0),": Chobin lost![New Line]Chobin lost![New Line]Chobin lost!" (0x5BD1),368 (0x170),369 (0x171),894 (0x37E),895 (0x37F),0 (0x0),0 (0x0),Trainer AI (1),0 (0x0),0 (0x0),0 (0x0),0 (0x0),0 (0x0),0 (0x0),0 (0x0),0 (0x0)
"Chobin"  - 125,0xC828C828,false,false,false,false,false,false,Robo Groudon (10),"Chobin" (0x1789),pkx_mcgroudon_1101.fsys (42),252 (0xFC),None (0x0),None (0x0),": Chobin lost![New Line]Lost with Robo Groudon![New Line]Chobin lost!" (0x5BD2),370 (0x172),0 (0x0),0 (0x0),0 (0x0),0 (0x0),0 (0x0),Trainer AI (1),0 (0x0),0 (0x0),0 (0x0),0 (0x0),0 (0x0),0 (0x0),0 (0x0),0 (0x0)
"Kale"  - 126,0xC828C828,false,false,false,false,false,false,Healthy Rogue (15),"Kale" (0x17BA),pkx_thief_m_1101.fsys (58),0 (0x0),None (0x0),None (0x0),": Gwoh![New Line]I thought I trained my party to be[New Line]tough!" (0x5987),374 (0x176),375 (0x177),376 (0x178),377 (0x179),879 (0x36F),880 (0x370),Trainer AI (1),0 (0x0),0 (0x0),0 (0x0),0 (0x0),0 (0x0),0 (0x0),0 (0x0),0 (0x0)
"Chobin"  - 127,0xC828C828,false,false,false,false,false,false,Assistant (14),"Chobin" (0x1789),pkx_tessla_0101.fsys (54),255 (0xFF),None (0x0),None (0x0),": Chobin lost!" (0x5BCD),378 (0x17A),379 (0x17B),896 (0x380),897 (0x381),898 (0x382),0 (0x0),Trainer AI (1),0 (0x0),0 (0x0),0 (0x0),0 (0x0),0 (0x0),0 (0x0),0 (0x0),0 (0x0)
"Smarton"  - 128,0xC828C828,false,true,false,false,false,false,Cipher Peon (17),"Smarton" (0x17F1),pkx_agent3_m_0101.fsys (14),0 (0x0),None (0x0),None (0x0),": What? I lost?[New Line]I can't go back to the Lair like this!" (0x5781),382 (0x17E),383 (0x17F),384 (0x180),385 (0x181),2 (0x2),53 (0x35),Trainer AI (1),0 (0x0),0 (0x0),0 (0x0),0 (0x0),0 (0x0),0 (0x0),0 (0x0),0 (0x0)
"Laurelle"  - 129,0xC828C828,false,false,false,false,false,false,Cool Trainer (20),"Laurelle" (0x182D),pkx_trainer_f_0101.fsys (59),0 (0x0),None (0x0),None (0x0),None (0x0),386 (0x182),387 (0x183),388 (0x184),0 (0x0),0 (0x0),0 (0x0),Trainer AI (1),0 (0x0),0 (0x0),0 (0x0),0 (0x0),0 (0x0),0 (0x0),0 (0x0),0 (0x0)
"Tod"  - 130,0xC828C828,false,false,false,false,false,false,Cool Trainer (20),"Tod" (0x182E),pkx_trainer_m_0101.fsys (60),0 (0x0),None (0x0),None (0x0),None (0x0),389 (0x185),390 (0x186),391 (0x187),0 (0x0),0 (0x0),0 (0x0),Trainer AI (1),0 (0x0),0 (0x0),0 (0x0),0 (0x0),0 (0x0),0 (0x0),0 (0x0),0 (0x0)
"Cameron"  - 131,0xC828C828,false,false,false,false,false,false,Super Trainer (18),"Cameron" (0x182F),pkx_gyma_m_2101.fsys (34),0 (0x0),None (0x0),None (0x0),None (0x0),392 (0x188),393 (0x189),394 (0x18A),0 (0x0),0 (0x0),0 (0x0),Trainer AI (1),0 (0x0),0 (0x0),0 (0x0),0 (0x0),0 (0x0),0 (0x0),0 (0x0),0 (0x0)
"Sallie"  - 132,0xC828C828,false,false,false,false,false,false,Matron (23),"Sallie" (0x1830),pkx_baba1_0101.fsys (25),0 (0x0),None (0x0),None (0x0),None (0x0),395 (0x18B),396 (0x18C),397 (0x18D),0 (0x0),0 (0x0),0 (0x0),Trainer AI (1),0 (0x0),0 (0x0),0 (0x0),0 (0x0),0 (0x0),0 (0x0),0 (0x0),0 (0x0)
"Justy"  - 133,0xC828C828,false,false,false,false,false,false,Pregymleader (13),"Justy" (0x17DE),pkx_seigi_0101.fsys (51),0 (0x0),None (0x0),None (0x0),None (0x0),398 (0x18E),399 (0x18F),400 (0x190),401 (0x191),410 (0x19A),415 (0x19F),Trainer AI (1),0 (0x0),0 (0x0),0 (0x0),0 (0x0),0 (0x0),0 (0x0),0 (0x0),0 (0x0)
"Mirror B."  - 134,0xC828C828,false,false,false,false,false,true,Villain (11),"Mirror B." (0x17D7),pkx_mirrabo_0101.fsys (43),98 (0x62),None (0x0),None (0x0),": I shouldn't have done[New Line]something this strenuous right after[New Line]eating..." (0x5B05),53 (0x35),403 (0x193),404 (0x194),402 (0x192),406 (0x196),0 (0x0),Trainer AI (1),0 (0x0),0 (0x0),0 (0x0),0 (0x0),0 (0x0),0 (0x0),0 (0x0),0 (0x0)
"Willie"  - 135,0xC828C828,false,false,false,false,false,false,Rider (28),"Willie" (0x17F3),pkx_willy_0101.fsys (62),0 (0x0),None (0x0),None (0x0),": Tch...[New Line]I get handed the loss.[New Line]I still need seasoning." (0x5B06),407 (0x197),408 (0x198),91 (0x5B),92 (0x5C),93 (0x5D),0 (0x0),Trainer AI (1),0 (0x0),0 (0x0),0 (0x0),0 (0x0),0 (0x0),0 (0x0),0 (0x0),0 (0x0)
"Ely"  - 136,0xC828C828,false,false,true,false,false,false,Gangster (25),"Ely" (0x17F6),pkx_snatchdan_0101.fsys (52),0 (0x0),None (0x0),None (0x0),": Losing a battle hurts.[New Line]It cuts me to the bone!" (0x5B6B),486 (0x1E6),728 (0x2D8),742 (0x2E6),34 (0x22),0 (0x0),0 (0x0),Trainer AI (1),0 (0x0),0 (0x0),0 (0x0),0 (0x0),0 (0x0),0 (0x0),0 (0x0),0 (0x0)
"Cheeseboy"  - 137,0xC828C828,false,false,true,false,false,false,Gangster (25),"Cheeseboy" (0x17F8),pkx_snatchdan_0101.fsys (52),0 (0x0),None (0x0),None (0x0),": Waaaaugh!" (0x5B6D),545 (0x221),417 (0x1A1),744 (0x2E8),32 (0x20),0 (0x0),0 (0x0),Trainer AI (1),0 (0x0),0 (0x0),0 (0x0),0 (0x0),0 (0x0),0 (0x0),0 (0x0),0 (0x0)
"Blayz"  - 138,0xC828C828,false,false,true,false,false,false,Gangster (25),"Blayz" (0x17FB),pkx_snatchdan_0101.fsys (52),0 (0x0),None (0x0),None (0x0),": Hawaaaaah!" (0x5B70),421 (0x1A5),422 (0x1A6),412 (0x19C),28 (0x1C),0 (0x0),0 (0x0),Trainer AI (1),0 (0x0),0 (0x0),0 (0x0),0 (0x0),0 (0x0),0 (0x0),0 (0x0),0 (0x0)
"Solner"  - 139,0xC828C828,false,false,true,false,false,false,Gangster (25),"Solner" (0x17F4),pkx_snatchdan_0101.fsys (52),0 (0x0),None (0x0),None (0x0),": Whatever the outcome,[New Line]that sure was harsh!" (0x5B69),551 (0x227),57 (0x39),483 (0x1E3),89 (0x59),0 (0x0),0 (0x0),Trainer AI (1),0 (0x0),0 (0x0),0 (0x0),0 (0x0),0 (0x0),0 (0x0),0 (0x0),0 (0x0)
"Chev"  - 140,0xC828C828,false,false,true,false,false,false,Filmmaker (45),"Chev" (0x17F7),pkx_snatchdan_0101.fsys (52),0 (0x0),None (0x0),None (0x0),": Aww![New Line]It's not going to work unless we put[New Line]targets to sleep!" (0x5B6C),899 (0x383),746 (0x2EA),522 (0x20A),37 (0x25),0 (0x0),0 (0x0),Trainer AI (1),0 (0x0),0 (0x0),0 (0x0),0 (0x0),0 (0x0),0 (0x0),0 (0x0),0 (0x0)
"Brespawn"  - 141,0xC828C828,false,false,true,false,false,false,Gangster (25),"Brespawn" (0x17F9),pkx_snatchdan_0101.fsys (52),0 (0x0),None (0x0),None (0x0),": What the...?![New Line]What's with your toughness?!" (0x5B6E),499 (0x1F3),411 (0x19B),477 (0x1DD),55 (0x37),0 (0x0),0 (0x0),Trainer AI (1),0 (0x0),0 (0x0),0 (0x0),0 (0x0),0 (0x0),0 (0x0),0 (0x0),0 (0x0)
"Tranzi"  - 142,0xC828C828,false,false,true,false,false,false,Gangster (25),"Tranzi" (0x17FA),pkx_snatchdan_0101.fsys (52),0 (0x0),None (0x0),None (0x0),": You're tougher than[New Line]a grown-up!" (0x5B6F),419 (0x1A3),747 (0x2EB),539 (0x21B),90 (0x5A),0 (0x0),0 (0x0),Trainer AI (1),0 (0x0),0 (0x0),0 (0x0),0 (0x0),0 (0x0),0 (0x0),0 (0x0),0 (0x0)
"Kya"  - 143,0xC828C828,false,false,true,false,false,false,Gangster (25),"Kya" (0x17F5),pkx_snatchdan_0101.fsys (52),0 (0x0),None (0x0),None (0x0),": Have we met somewhere[New Line]before?" (0x5B6A),442 (0x1BA),571 (0x23B),414 (0x19E),25 (0x19),0 (0x0),0 (0x0),Trainer AI (1),0 (0x0),0 (0x0),0 (0x0),0 (0x0),0 (0x0),0 (0x0),0 (0x0),0 (0x0)
"Umbra"  - 144,0xC828C828,false,false,true,true,false,false,Gangster (25),"Umbra" (0x17F0),pkx_snatchdan_1101.fsys (53),0 (0x0),None (0x0),None (0x0),": Trying to take you head[New Line]on was a bad idea!" (0x5B71),446 (0x1BE),501 (0x1F5),112 (0x70),93 (0x5D),0 (0x0),0 (0x0),Trainer AI (1),0 (0x0),0 (0x0),0 (0x0),0 (0x0),0 (0x0),0 (0x0),0 (0x0),0 (0x0)
"Gonzap"  - 145,0xC828C828,true,true,false,true,false,false,Snagem Head (9),"Gonzap" (0x17FC),pkx_gonza_0101.fsys (30),97 (0x61),None (0x0),None (0x0),": Nwoooooh!" (0x5B72),451 (0x1C3),452 (0x1C4),56 (0x38),454 (0x1C6),113 (0x71),114 (0x72),Trainer AI (1),0 (0x0),0 (0x0),0 (0x0),0 (0x0),0 (0x0),0 (0x0),0 (0x0),0 (0x0)
"Russ"  - 146,0xC828C828,false,false,false,false,false,false,Super Trainer (18),"Russ" (0x1784),pkx_gyma_m_2101.fsys (34),0 (0x0),None (0x0),None (0x0),": Whoa![New Line]It's no fluke. The kid is tough!" (0x5A3F),456 (0x1C8),457 (0x1C9),458 (0x1CA),459 (0x1CB),0 (0x0),0 (0x0),Trainer AI (1),0 (0x0),0 (0x0),0 (0x0),0 (0x0),0 (0x0),0 (0x0),0 (0x0),0 (0x0)
"Zook"  - 147,0xC828C828,false,false,false,false,false,true,Thug (7),"Zook" (0x1774),pkx_sailor2_1101.fsys (23),0 (0x0),None (0x0),None (0x0),": But...[New Line]This can't be happening!" (0x585C),30 (0x1E),461 (0x1CD),462 (0x1CE),463 (0x1CF),464 (0x1D0),37 (0x25),Trainer AI (1),0 (0x0),0 (0x0),0 (0x0),0 (0x0),0 (0x0),0 (0x0),0 (0x0),0 (0x0)
"Kya"  - 148,0xC828C828,false,false,false,false,false,false,Gangster (25),"Kya" (0x17F5),pkx_snatchdan_0101.fsys (52),0 (0x0),None (0x0),None (0x0),": I got the short end of[New Line]that one!" (0x585B),442 (0x1BA),571 (0x23B),414 (0x19E),0 (0x0),0 (0x0),0 (0x0),Trainer AI (3),0 (0x0),0 (0x0),0 (0x0),0 (0x0),0 (0x0),0 (0x0),0 (0x0),0 (0x0)
"Letty"  - 149,0xC828C828,false,false,false,true,false,false,Cipher Peon (17),"Letty" (0x17FD),pkx_agent1_f_0101.fsys (11),0 (0x0),None (0x0),None (0x0),": But you're just a kid!" (0x584A),466 (0x1D2),467 (0x1D3),54 (0x36),443 (0x1BB),748 (0x2EC),0 (0x0),Trainer AI (1),0 (0x0),0 (0x0),0 (0x0),0 (0x0),0 (0x0),0 (0x0),0 (0x0),0 (0x0)
"Ridge"  - 150,0xC828C828,false,false,true,false,false,false,Cipher Peon (17),"Ridge" (0x17FE),pkx_agent1_m_0101.fsys (12),0 (0x0),None (0x0),None (0x0),": I'll have to get stronger[New Line]Shadow Pokémon!" (0x584B),470 (0x1D6),471 (0x1D7),678 (0x2A6),57 (0x39),749 (0x2ED),0 (0x0),Trainer AI (1),0 (0x0),0 (0x0),0 (0x0),0 (0x0),0 (0x0),0 (0x0),0 (0x0),0 (0x0)
"Milly"  - 151,0xC828C828,false,false,false,false,false,false,Cipher Peon (17),"Milly" (0x17FF),pkx_agent1_f_0101.fsys (11),0 (0x0),None (0x0),None (0x0),": Waaah![New Line]I failed to punish you!" (0x584C),474 (0x1DA),475 (0x1DB),476 (0x1DC),750 (0x2EE),0 (0x0),0 (0x0),Trainer AI (1),0 (0x0),0 (0x0),0 (0x0),0 (0x0),0 (0x0),0 (0x0),0 (0x0),0 (0x0)
"Jacqui"  - 152,0xC828C828,false,false,false,false,false,false,Cipher Peon (17),"Jacqui" (0x1802),pkx_agent1_f_0101.fsys (11),0 (0x0),None (0x0),None (0x0),": Keep quiet on the shop[New Line]floor, please!" (0x584F),478 (0x1DE),479 (0x1DF),480 (0x1E0),481 (0x1E1),0 (0x0),0 (0x0),Trainer AI (1),0 (0x0),0 (0x0),0 (0x0),0 (0x0),0 (0x0),0 (0x0),0 (0x0),0 (0x0)
"Ruben"  - 153,0xC828C828,false,false,false,false,false,true,Cipher Peon (17),"Ruben" (0x1800),pkx_agent1_m_0101.fsys (12),0 (0x0),None (0x0),None (0x0),": What, just brute force?" (0x584E),58 (0x3A),550 (0x226),484 (0x1E4),493 (0x1ED),751 (0x2EF),0 (0x0),Trainer AI (1),0 (0x0),0 (0x0),0 (0x0),0 (0x0),0 (0x0),0 (0x0),0 (0x0),0 (0x0)
"Lynnette"  - 154,0xC828C828,false,false,false,false,false,false,Cipher Peon (17),"Lynnette" (0x1801),pkx_agent1_f_0101.fsys (11),0 (0x0),None (0x0),None (0x0),": Losing to a boy like[New Line]you...[New Line]I'll be out on the street begging for[New Line]a job!" (0x584D),487 (0x1E7),488 (0x1E8),489 (0x1E9),490 (0x1EA),0 (0x0),0 (0x0),Trainer AI (1),0 (0x0),0 (0x0),0 (0x0),0 (0x0),0 (0x0),0 (0x0),0 (0x0),0 (0x0)
"Taylor"  - 155,0xC828C828,false,false,true,false,false,false,Cipher Peon (17),"Taylor" (0x1803),pkx_agent1_m_0101.fsys (12),0 (0x0),None (0x0),None (0x0),": Knocked aside as if I[New Line]were a pylon!" (0x5850),901 (0x385),492 (0x1EC),485 (0x1E5),50 (0x32),902 (0x386),0 (0x0),Trainer AI (1),0 (0x0),0 (0x0),0 (0x0),0 (0x0),0 (0x0),0 (0x0),0 (0x0),0 (0x0)
"Annabell"  - 156,0xC828C828,false,true,false,false,false,false,Cipher Peon (17),"Annabell" (0x1804),pkx_agent1_f_0101.fsys (11),0 (0x0),None (0x0),None (0x0),": Oh, I so don't like you!" (0x5851),903 (0x387),496 (0x1F0),497 (0x1F1),498 (0x1F2),38 (0x26),0 (0x0),Trainer AI (1),0 (0x0),0 (0x0),0 (0x0),0 (0x0),0 (0x0),0 (0x0),0 (0x0),0 (0x0)
"Felix"  - 157,0xC828C828,false,false,false,false,true,false,Cipher Peon (17),"Felix" (0x1805),pkx_agent1_m_0101.fsys (12),0 (0x0),None (0x0),None (0x0),": I lost?[New Line]I'm in shock!" (0x5852),500 (0x1F4),42 (0x2A),502 (0x1F6),503 (0x1F7),904 (0x388),0 (0x0),Trainer AI (1),0 (0x0),0 (0x0),0 (0x0),0 (0x0),0 (0x0),0 (0x0),0 (0x0),0 (0x0)
"Carla"  - 158,0xC828C828,false,true,false,false,false,false,Cipher Peon (17),"Carla" (0x1806),pkx_agent1_f_0101.fsys (11),0 (0x0),None (0x0),None (0x0),": You're not supposed[New Line]to win!" (0x5853),504 (0x1F8),505 (0x1F9),506 (0x1FA),583 (0x247),36 (0x24),0 (0x0),Trainer AI (1),46 (0x2E),0 (0x0),0 (0x0),0 (0x0),100 (0x64),0 (0x0),0 (0x0),0 (0x0)
"Shayne"  - 159,0xC828C828,false,false,false,false,false,false,Cipher R&D (41),"Shayne" (0x1807),pkx_research2_0101.fsys (48),0 (0x0),None (0x0),None (0x0),": Gadzooks!" (0x5854),509 (0x1FD),510 (0x1FE),511 (0x1FF),512 (0x200),0 (0x0),0 (0x0),Trainer AI (1),0 (0x0),0 (0x0),0 (0x0),0 (0x0),0 (0x0),0 (0x0),0 (0x0),0 (0x0)
"Angus"  - 160,0xC828C828,false,false,false,false,true,false,Cipher Peon (17),"Angus" (0x1808),pkx_agent1_m_0101.fsys (12),0 (0x0),None (0x0),None (0x0),": Oh, no![New Line]My calculations are all out of whack!" (0x5855),514 (0x202),40 (0x28),516 (0x204),579 (0x243),547 (0x223),0 (0x0),Trainer AI (1),0 (0x0),0 (0x0),0 (0x0),0 (0x0),0 (0x0),0 (0x0),0 (0x0),0 (0x0)
"Gage"  - 161,0xC828C828,false,false,false,false,false,false,Cipher Peon (17),"Gage" (0x1809),pkx_agent2_m_0101.fsys (13),0 (0x0),None (0x0),None (0x0),": Some welcoming party this is![New Line]It turned into my going-away party!" (0x5856),518 (0x206),519 (0x207),907 (0x38B),906 (0x38A),0 (0x0),0 (0x0),Trainer AI (1),0 (0x0),0 (0x0),0 (0x0),0 (0x0),0 (0x0),0 (0x0),0 (0x0),0 (0x0)
"Igor"  - 162,0xC828C828,false,true,false,false,false,false,Cipher Peon (17),"Igor" (0x180A),pkx_agent2_m_0101.fsys (13),0 (0x0),None (0x0),None (0x0),": I have you beat in chest-[New Line]muscle size!" (0x5857),523 (0x20B),524 (0x20C),525 (0x20D),513 (0x201),43 (0x2B),0 (0x0),Trainer AI (1),0 (0x0),0 (0x0),0 (0x0),0 (0x0),0 (0x0),0 (0x0),0 (0x0),0 (0x0)
"Travis"  - 163,0xC828C828,false,false,false,false,false,false,Cipher R&D (41),"Travis" (0x180B),pkx_research2_0101.fsys (48),0 (0x0),None (0x0),None (0x0),": You can't have it![New Line]Give back the System Lever!" (0x5858),528 (0x210),529 (0x211),530 (0x212),546 (0x222),0 (0x0),0 (0x0),Trainer AI (1),0 (0x0),0 (0x0),0 (0x0),0 (0x0),0 (0x0),0 (0x0),0 (0x0),0 (0x0)
"Smarton"  - 164,0xC828C828,false,false,false,true,false,false,Cipher Peon (17),"Smarton" (0x17F1),pkx_agent3_m_0101.fsys (14),0 (0x0),None (0x0),None (0x0),": Gorigan!" (0x5859),533 (0x215),534 (0x216),61 (0x3D),536 (0x218),531 (0x213),0 (0x0),Trainer AI (1),0 (0x0),0 (0x0),0 (0x0),0 (0x0),0 (0x0),0 (0x0),0 (0x0),0 (0x0)
"Gorigan"  - 165,0xC828C828,true,true,false,false,true,false,Cipher Admin (6),"Gorigan" (0x17F2),pkx_gaderi_0101.fsys (29),256 (0x100),None (0x0),None (0x0),": Ugaaaah!" (0x585A),538 (0x21A),94 (0x5E),540 (0x21C),541 (0x21D),85 (0x55),49 (0x31),Trainer AI (1),13 (0xD),48 (0x30),0 (0x0),0 (0x0),100 (0x64),70 (0x46),0 (0x0),0 (0x0)
"Chobin"  - 166,0xC828C828,false,false,false,false,false,false,Robo Groudon (10),"Chobin" (0x1789),pkx_mcgroudon_1101.fsys (42),252 (0xFC),None (0x0),None (0x0),": Chobin lost after all![New Line]Oops, Chobin said it again!" (0x5BD3),544 (0x220),0 (0x0),0 (0x0),0 (0x0),0 (0x0),0 (0x0),Trainer AI (1),0 (0x0),0 (0x0),0 (0x0),0 (0x0),0 (0x0),0 (0x0),0 (0x0),0 (0x0)
"Chobin"  - 167,0xC828C828,false,false,false,false,false,false,Robo Groudon (10),"Chobin" (0x1789),pkx_mcgroudon_1101.fsys (42),252 (0xFC),None (0x0),None (0x0),": Chobin lost![New Line]Chobin, no!" (0x5BD4),548 (0x224),0 (0x0),0 (0x0),0 (0x0),0 (0x0),0 (0x0),Trainer AI (1),0 (0x0),0 (0x0),0 (0x0),0 (0x0),0 (0x0),0 (0x0),0 (0x0),0 (0x0)
"Finnley"  - 168,0xC828C828,false,false,false,false,false,false,Navigator (31),"Finnley" (0x180E),pkx_sailor1_0101.fsys (50),0 (0x0),None (0x0),None (0x0),": The kid's tough!" (0x58AD),552 (0x228),553 (0x229),554 (0x22A),905 (0x389),640 (0x280),908 (0x38C),Trainer AI (1),0 (0x0),0 (0x0),0 (0x0),0 (0x0),0 (0x0),0 (0x0),0 (0x0),0 (0x0)
"Linsey"  - 169,0xC828C828,false,true,false,false,false,false,Cipher Peon (17),"Linsey" (0x180F),pkx_agent1_f_0101.fsys (11),0 (0x0),None (0x0),None (0x0),": Ahahahaha![New Line]You're so strong, all I can do is laugh[New Line]about this!" (0x58AE),557 (0x22D),558 (0x22E),559 (0x22F),436 (0x1B4),59 (0x3B),909 (0x38D),Trainer AI (1),0 (0x0),0 (0x0),0 (0x0),0 (0x0),0 (0x0),0 (0x0),0 (0x0),0 (0x0)
"Karsyn"  - 170,0xC828C828,false,false,false,false,false,false,Chaser (26),"Karsyn" (0x1810),pkx_thief_m_0101.fsys (57),0 (0x0),None (0x0),None (0x0),": Oh...[New Line]I've been crushed." (0x58AF),910 (0x38E),333 (0x14D),563 (0x233),911 (0x38F),912 (0x390),913 (0x391),Trainer AI (1),0 (0x0),0 (0x0),0 (0x0),0 (0x0),0 (0x0),0 (0x0),0 (0x0),0 (0x0)
"Neely"  - 171,0xC828C828,false,false,false,false,false,false,Sailor (32),"Neely" (0x1811),pkx_sailor2_0101.fsys (22),0 (0x0),None (0x0),None (0x0),": That was good, you.[New Line]You shook me up!" (0x58B0),565 (0x235),566 (0x236),567 (0x237),914 (0x392),915 (0x393),916 (0x394),Trainer AI (1),0 (0x0),0 (0x0),0 (0x0),0 (0x0),0 (0x0),0 (0x0),0 (0x0),0 (0x0)
"Noel"  - 172,0xC828C828,false,false,false,false,false,false,Hunter (27),"Noel" (0x1812),pkx_hunter_m_0101.fsys (36),0 (0x0),None (0x0),None (0x0),": Gwah![New Line]I didn't expect to lose!" (0x58B1),568 (0x238),569 (0x239),570 (0x23A),351 (0x15F),917 (0x395),263 (0x107),Trainer AI (1),0 (0x0),0 (0x0),0 (0x0),0 (0x0),0 (0x0),0 (0x0),0 (0x0),0 (0x0)
"Lovrina"  - 173,0xC828C828,true,true,true,true,false,false,Cipher Admin (6),"Lovrina" (0x17B3),pkx_mage_0101.fsys (21),251 (0xFB),None (0x0),None (0x0),": Oh, boo![New Line]Now look what you've done!" (0x58B2),572 (0x23C),573 (0x23D),115 (0x73),116 (0x74),91 (0x5B),48 (0x30),Trainer AI (1),45 (0x2D),0 (0x0),0 (0x0),0 (0x0),100 (0x64),0 (0x0),0 (0x0),0 (0x0)
"Macy"  - 174,0xC828C828,false,true,false,false,false,false,Cipher Peon (17),"Macy" (0x1813),pkx_agent1_f_0101.fsys (11),0 (0x0),None (0x0),None (0x0),": Aiyeeh![New Line]I'm sorry for losing so easily!" (0x58B3),577 (0x241),578 (0x242),918 (0x396),580 (0x244),51 (0x33),598 (0x256),Trainer AI (1),0 (0x0),0 (0x0),0 (0x0),0 (0x0),0 (0x0),0 (0x0),0 (0x0),0 (0x0)
"Dwayne"  - 175,0xC828C828,false,false,true,false,false,false,Cipher Peon (17),"Dwayne" (0x1826),pkx_agent1_m_0101.fsys (12),0 (0x0),None (0x0),None (0x0),": Whoa![New Line]You're seriously too much!" (0x58B5),581 (0x245),582 (0x246),919 (0x397),60 (0x3C),920 (0x398),921 (0x399),Trainer AI (1),0 (0x0),0 (0x0),0 (0x0),0 (0x0),0 (0x0),0 (0x0),0 (0x0),0 (0x0)
"Knox"  - 176,0xC828C828,false,true,false,false,false,false,Cipher Peon (17),"Knox" (0x1814),pkx_agent1_m_0101.fsys (12),0 (0x0),None (0x0),None (0x0),": I lost after talking big...[New Line]How humiliating!" (0x58B4),586 (0x24A),587 (0x24B),588 (0x24C),589 (0x24D),69 (0x45),71 (0x47),Trainer AI (1),0 (0x0),0 (0x0),0 (0x0),0 (0x0),0 (0x0),0 (0x0),0 (0x0),0 (0x0)
"Crawford"  - 177,0xC828C828,false,false,true,false,false,false,Cipher Peon (17),"Crawford" (0x1815),pkx_agent2_m_0101.fsys (13),0 (0x0),None (0x0),None (0x0),": Gwooah![New Line]I was counting on a hot battle!" (0x58B6),590 (0x24E),591 (0x24F),592 (0x250),84 (0x54),340 (0x154),85 (0x55),Trainer AI (1),0 (0x0),0 (0x0),0 (0x0),0 (0x0),0 (0x0),0 (0x0),0 (0x0),0 (0x0)
"Naomi"  - 178,0xC828C828,true,false,false,false,false,false,Cipher Peon (17),"Naomi" (0x1827),pkx_agent1_f_0101.fsys (11),0 (0x0),None (0x0),None (0x0),": Master Greevil better not[New Line]have seen this!" (0x58B7),87 (0x57),353 (0x161),597 (0x255),598 (0x256),599 (0x257),92 (0x5C),Trainer AI (1),0 (0x0),0 (0x0),0 (0x0),0 (0x0),0 (0x0),0 (0x0),0 (0x0),0 (0x0)
"Madison"  - 179,0xC828C828,false,false,false,false,false,false,Chaser (26),"Madison" (0x1816),pkx_thief_f_0101.fsys (55),0 (0x0),None (0x0),None (0x0),": Oh, please![New Line]Please don't be so angry that this is[New Line]a dead end!" (0x58B8),600 (0x258),601 (0x259),602 (0x25A),603 (0x25B),604 (0x25C),0 (0x0),Trainer AI (1),0 (0x0),0 (0x0),0 (0x0),0 (0x0),0 (0x0),0 (0x0),0 (0x0),0 (0x0)
"Johnny"  - 180,0xC828C828,false,false,false,false,false,false,Hunter (27),"Johnny" (0x1817),pkx_hunter_m_0101.fsys (36),0 (0x0),None (0x0),None (0x0),": No way!" (0x58B9),605 (0x25D),606 (0x25E),607 (0x25F),608 (0x260),609 (0x261),90 (0x5A),Trainer AI (1),0 (0x0),0 (0x0),0 (0x0),0 (0x0),0 (0x0),0 (0x0),0 (0x0),0 (0x0)
"Sheridan"  - 181,0xC828C828,false,false,false,false,false,false,Rider (28),"Sheridan" (0x1818),pkx_rider_m_0101.fsys (49),0 (0x0),None (0x0),None (0x0),": We lost!" (0x58BA),610 (0x262),611 (0x263),612 (0x264),613 (0x265),614 (0x266),94 (0x5E),Trainer AI (1),0 (0x0),0 (0x0),0 (0x0),0 (0x0),0 (0x0),0 (0x0),0 (0x0),0 (0x0)
"null"  - 182,0xC828C828,false,false,false,false,false,false,None (0),"null" (0x1819),PKX Trainer Model (0),0 (0x0),None (0x0),None (0x0),": This is the worst![New Line]I'm just not good enough!" (0x58BB),0 (0x0),0 (0x0),0 (0x0),0 (0x0),0 (0x0),0 (0x0),Trainer AI (1),0 (0x0),0 (0x0),0 (0x0),0 (0x0),0 (0x0),0 (0x0),0 (0x0),0 (0x0)
"Aubrey"  - 183,0xC828C828,false,true,false,false,false,false,Cipher Peon (17),"Aubrey" (0x181A),pkx_agent1_m_0101.fsys (12),0 (0x0),None (0x0),None (0x0),": I just can't battle in this[New Line]wicked heat!" (0x58BC),621 (0x26D),622 (0x26E),623 (0x26F),342 (0x156),45 (0x2D),99 (0x63),Trainer AI (1),0 (0x0),0 (0x0),0 (0x0),0 (0x0),0 (0x0),0 (0x0),0 (0x0),0 (0x0)
"Gertrude"  - 184,0xC828C828,true,false,false,false,false,false,Cipher Peon (17),"Gertrude" (0x181B),pkx_agent1_f_0101.fsys (11),0 (0x0),None (0x0),None (0x0),": It's too hot here.[New Line]I can't focus my mind at all!" (0x58BD),626 (0x272),627 (0x273),628 (0x274),629 (0x275),630 (0x276),33 (0x21),Trainer AI (1),0 (0x0),0 (0x0),0 (0x0),0 (0x0),0 (0x0),0 (0x0),0 (0x0),0 (0x0)
"Neville"  - 185,0xC828C828,false,true,false,false,false,false,Cipher Peon (17),"Neville" (0x181C),pkx_agent2_m_0101.fsys (13),0 (0x0),None (0x0),None (0x0),": Wha...[New Line]Whaaaaat?!" (0x58BE),631 (0x277),632 (0x278),633 (0x279),344 (0x158),119 (0x77),150 (0x96),Trainer AI (1),0 (0x0),0 (0x0),0 (0x0),0 (0x0),0 (0x0),0 (0x0),0 (0x0),0 (0x0)
"Westly"  - 186,0xC828C828,false,true,false,false,false,false,Cipher Peon (17),"Westly" (0x181D),pkx_agent2_m_0101.fsys (13),0 (0x0),None (0x0),None (0x0),": Gwaaaaaaaaah!" (0x58BF),635 (0x27B),636 (0x27C),637 (0x27D),347 (0x15B),47 (0x2F),199 (0xC7),Trainer AI (1),0 (0x0),0 (0x0),0 (0x0),0 (0x0),0 (0x0),0 (0x0),0 (0x0),0 (0x0)
"Rebeckah"  - 187,0xC828C828,false,false,false,false,false,false,Cipher Peon (17),"Rebeckah" (0x181E),pkx_agent1_f_0101.fsys (11),0 (0x0),None (0x0),None (0x0),": We'll beat an orderly[New Line]tactical retreat.[New Line]Farewell!" (0x58C0),532 (0x214),349 (0x15D),642 (0x282),643 (0x283),345 (0x159),0 (0x0),Trainer AI (1),0 (0x0),0 (0x0),0 (0x0),0 (0x0),0 (0x0),0 (0x0),0 (0x0),0 (0x0)
"Preston"  - 188,0xC828C828,true,false,false,false,false,false,Cipher Peon (17),"Preston" (0x181F),pkx_agent2_m_0101.fsys (13),0 (0x0),None (0x0),None (0x0),": You're so much stronger[New Line]than I expected.[New Line]You've put the fear in me!" (0x58C1),645 (0x285),646 (0x286),647 (0x287),648 (0x288),649 (0x289),68 (0x44),Trainer AI (1),0 (0x0),0 (0x0),0 (0x0),0 (0x0),0 (0x0),0 (0x0),0 (0x0),0 (0x0)
"Link"  - 189,0xC828C828,false,false,false,false,false,false,Cipher Peon (17),"Link" (0x1820),pkx_agent1_m_0101.fsys (12),0 (0x0),None (0x0),None (0x0),": Whoops![New Line]You swept me right off my feet!" (0x58C2),650 (0x28A),651 (0x28B),227 (0xE3),232 (0xE8),341 (0x155),235 (0xEB),Trainer AI (1),0 (0x0),0 (0x0),0 (0x0),0 (0x0),0 (0x0),0 (0x0),0 (0x0),0 (0x0)
"Serenity"  - 190,0xC828C828,false,false,true,false,false,false,Cipher Peon (17),"Serenity" (0x1821),pkx_agent1_f_0101.fsys (11),0 (0x0),None (0x0),None (0x0),": Gyaaah![New Line]What happened?!" (0x58C3),653 (0x28D),654 (0x28E),346 (0x15A),104 (0x68),0 (0x0),0 (0x0),Trainer AI (1),46 (0x2E),0 (0x0),0 (0x0),0 (0x0),100 (0x64),0 (0x0),0 (0x0),0 (0x0)
"Snattle"  - 191,0xC828C828,true,true,true,true,false,false,Cipher Admin (6),"Snattle" (0x17EF),pkx_wazzle_0101.fsys (61),253 (0xFD),None (0x0),None (0x0),": My plan![New Line]It was supposed to be perfect!" (0x58C4),657 (0x291),658 (0x292),117 (0x75),118 (0x76),86 (0x56),67 (0x43),Trainer AI (1),45 (0x2D),0 (0x0),0 (0x0),0 (0x0),100 (0x64),0 (0x0),0 (0x0),0 (0x0)
"Deryck"  - 192,0xC828C828,false,false,true,false,false,false,Cipher Peon (17),"Deryck" (0x1822),pkx_agent1_m_0101.fsys (12),0 (0x0),None (0x0),None (0x0),": I'm sorry to have held[New Line]you up!" (0x58C5),663 (0x297),664 (0x298),665 (0x299),44 (0x2C),574 (0x23E),300 (0x12C),Trainer AI (1),0 (0x0),0 (0x0),0 (0x0),0 (0x0),0 (0x0),0 (0x0),0 (0x0),0 (0x0)
"Ardos"  - 193,0xC828C828,true,true,true,true,false,false,Cipher Admin (6),"Ardos" (0x1775),pkx_ardos_0101.fsys (24),0 (0x0),None (0x0),None (0x0),": This is trouble...[New Line]If something's not done..." (0x58C6),669 (0x29D),667 (0x29B),120 (0x78),98 (0x62),65 (0x41),63 (0x3F),Trainer AI (1),47 (0x2F),0 (0x0),0 (0x0),0 (0x0),100 (0x64),0 (0x0),0 (0x0),0 (0x0)
"Gorigan"  - 194,0xC828C828,true,true,true,false,false,true,Cipher Admin (6),"Gorigan" (0x17F2),pkx_gaderi_0101.fsys (29),256 (0x100),None (0x0),None (0x0),": Graaah![New Line]We're doomed!" (0x58C7),62 (0x3E),673 (0x2A1),674 (0x2A2),121 (0x79),87 (0x57),66 (0x42),Trainer AI (1),48 (0x30),13 (0xD),0 (0x0),0 (0x0),100 (0x64),100 (0x64),0 (0x0),0 (0x0)
"Marcus"  - 195,0xC828C828,true,false,false,false,false,false,Cipher Peon (17),"Marcus" (0x1823),pkx_agent1_m_0101.fsys (12),0 (0x0),None (0x0),None (0x0),": Gaaah![New Line]This isn't happening![New Line]It's not real!" (0x58C8),336 (0x150),679 (0x2A7),348 (0x15C),681 (0x2A9),339 (0x153),64 (0x40),Trainer AI (1),0 (0x0),0 (0x0),0 (0x0),0 (0x0),0 (0x0),0 (0x0),0 (0x0),0 (0x0)
"Eldes"  - 196,0xC828C828,true,true,true,true,false,false,Cipher Admin (6),"Eldes" (0x179E),pkx_eldes_0101.fsys (28),0 (0x0),None (0x0),None (0x0),": We lost.[New Line]Totally..." (0x58C9),683 (0x2AB),686 (0x2AE),122 (0x7A),72 (0x48),71 (0x47),70 (0x46),Trainer AI (1),47 (0x2F),45 (0x2D),46 (0x2E),44 (0x2C),100 (0x64),100 (0x64),100 (0x64),100 (0x64)
"Fenton"  - 197,0xC828C828,false,false,false,false,false,false,Cipher R&D (41),"Fenton" (0x1824),pkx_research2_0101.fsys (48),0 (0x0),None (0x0),None (0x0),": The correct answer is...[New Line]Yes, it's Citadark Isle!" (0x58CA),689 (0x2B1),690 (0x2B2),691 (0x2B3),692 (0x2B4),693 (0x2B5),425 (0x1A9),Trainer AI (1),0 (0x0),0 (0x0),0 (0x0),0 (0x0),0 (0x0),0 (0x0),0 (0x0),0 (0x0)
"Allan"  - 198,0xC828C828,false,false,false,false,false,false,Cipher R&D (41),"Allan" (0x1825),pkx_research2_0101.fsys (48),0 (0x0),None (0x0),None (0x0),": Sorry![New Line]I give up![New Line]But just today!" (0x58CB),694 (0x2B6),695 (0x2B7),696 (0x2B8),697 (0x2B9),433 (0x1B1),447 (0x1BF),Trainer AI (1),0 (0x0),0 (0x0),0 (0x0),0 (0x0),0 (0x0),0 (0x0),0 (0x0),0 (0x0)
"Greevil"  - 199,0xC828C828,false,false,false,false,false,true,Grand Master (4),"Greevil" (0x180D),pkx_bigboss_1101.fsys (65),0 (0x0),None (0x0),None (0x0),": Lugia!" (0x58CC),73 (0x49),0 (0x0),0 (0x0),0 (0x0),0 (0x0),0 (0x0),Trainer AI (1),0 (0x0),0 (0x0),0 (0x0),0 (0x0),0 (0x0),0 (0x0),0 (0x0),0 (0x0)
"Greevil"  - 200,0xC828C828,true,true,true,true,true,true,Grand Master (4),"Greevil" (0x180D),pkx_bigboss_0101.fsys (26),254 (0xFE),None (0x0),None (0x0),": Gwaaaaaaaah!" (0x58CD),78 (0x4E),75 (0x4B),79 (0x4F),77 (0x4D),76 (0x4C),74 (0x4A),Trainer AI (1),47 (0x2F),45 (0x2D),46 (0x2E),0 (0x0),100 (0x64),100 (0x64),100 (0x64),0 (0x0)
"Greevil"  - 201,0xC828C828,false,false,false,false,false,false,Grand Master (4),"Greevil" (0x180D),pkx_bigboss_0101.fsys (26),254 (0xFE),None (0x0),None (0x0),": Gwaaaaaaaah!" (0x58CD),706 (0x2C2),707 (0x2C3),708 (0x2C4),709 (0x2C5),710 (0x2C6),711 (0x2C7),Trainer AI (1),0 (0x0),0 (0x0),0 (0x0),0 (0x0),0 (0x0),0 (0x0),0 (0x0),0 (0x0)
"Shawna"  - 202,0xC828C828,false,false,false,false,false,false,Chaser (26),"Shawna" (0x1781),pkx_thief_f_0101.fsys (55),0 (0x0),None (0x0),None (0x0),": The sting of the salt spray...[New Line]It brings tears to my eyes." (0x5AA5),712 (0x2C8),713 (0x2C9),714 (0x2CA),646 (0x286),800 (0x320),801 (0x321),Trainer AI (1),0 (0x0),0 (0x0),0 (0x0),0 (0x0),0 (0x0),0 (0x0),0 (0x0),0 (0x0)
"Scarlet"  - 203,0xC828C828,true,true,true,false,false,false,Cipher Peon (17),"Scarlet" (0x1798),pkx_hexa_0101.fsys (15),0 (0x0),None (0x0),None (0x0),": Don't you have better[New Line]things to do than hang around here?" (0x560F),717 (0x2CD),716 (0x2CC),883 (0x373),14 (0xE),95 (0x5F),96 (0x60),Trainer AI (1),0 (0x0),0 (0x0),0 (0x0),0 (0x0),0 (0x0),0 (0x0),0 (0x0),0 (0x0)
"Cobalt"  - 204,0xC828C828,true,true,true,false,false,false,Cipher Peon (17),"Cobalt" (0x1799),pkx_hexa_1101.fsys (16),0 (0x0),None (0x0),None (0x0),": Yeah, I hope that makes[New Line]you real proud![New Line]A star like you swatting me down!" (0x5611),718 (0x2CE),720 (0x2D0),885 (0x375),3 (0x3),97 (0x61),99 (0x63),Trainer AI (1),0 (0x0),0 (0x0),0 (0x0),0 (0x0),0 (0x0),0 (0x0),0 (0x0),0 (0x0)
"Mocha"  - 205,0xC828C828,true,true,true,false,false,false,Cipher Peon (17),"Mocha" (0x179A),pkx_hexa_2101.fsys (17),0 (0x0),None (0x0),None (0x0),": Now you've done it!" (0x5613),724 (0x2D4),723 (0x2D3),889 (0x379),4 (0x4),101 (0x65),100 (0x64),Trainer AI (1),0 (0x0),0 (0x0),0 (0x0),0 (0x0),0 (0x0),0 (0x0),0 (0x0),0 (0x0)
"Xanthic"  - 206,0xC828C828,true,true,true,false,false,false,Cipher Peon (17),"Xanthic" (0x179B),pkx_hexa_3101.fsys (18),0 (0x0),None (0x0),None (0x0),": You really must have[New Line]nothing to do, hey?" (0x5615),727 (0x2D7),726 (0x2D6),893 (0x37D),5 (0x5),103 (0x67),102 (0x66),Trainer AI (1),0 (0x0),0 (0x0),0 (0x0),0 (0x0),0 (0x0),0 (0x0),0 (0x0),0 (0x0)
"Indigo"  - 207,0xC828C828,true,true,true,false,false,false,Cipher Peon (17),"Indigo" (0x179C),pkx_hexa_4101.fsys (19),0 (0x0),None (0x0),None (0x0),": Oh, Mama, I've lost!" (0x5617),729 (0x2D9),730 (0x2DA),891 (0x37B),6 (0x6),106 (0x6A),105 (0x69),Trainer AI (1),0 (0x0),0 (0x0),0 (0x0),0 (0x0),0 (0x0),0 (0x0),0 (0x0),0 (0x0)
"Verdun"  - 208,0xC828C828,true,true,true,false,false,false,Cipher Peon (17),"Verdun" (0x179D),pkx_hexa_5101.fsys (20),0 (0x0),None (0x0),None (0x0),": I feel crushing humiliation[New Line]sixfold!" (0x5619),736 (0x2E0),735 (0x2DF),887 (0x377),7 (0x7),107 (0x6B),108 (0x6C),Trainer AI (1),0 (0x0),0 (0x0),0 (0x0),0 (0x0),0 (0x0),0 (0x0),0 (0x0),0 (0x0)
"Doyle"  - 209,0xC828C828,false,false,false,false,false,false,Bodybuilder (35),"Doyle" (0x178F),pkx_niku_m_0101.fsys (45),0 (0x0),None (0x0),None (0x0),None (0x0),737 (0x2E1),732 (0x2DC),738 (0x2E2),465 (0x1D1),0 (0x0),0 (0x0),Trainer AI (1),0 (0x0),0 (0x0),0 (0x0),0 (0x0),0 (0x0),0 (0x0),0 (0x0),0 (0x0)
"Def EVT"  - 210,0xC828C828,false,false,false,false,false,false,None (0),"Def EVT" (0x17C0),pkx_niku_m_0101.fsys (45),0 (0x0),None (0x0),None (0x0),None (0x0),733 (0x2DD),520 (0x208),521 (0x209),469 (0x1D5),0 (0x0),0 (0x0),Trainer AI (1),0 (0x0),0 (0x0),0 (0x0),0 (0x0),0 (0x0),0 (0x0),0 (0x0),0 (0x0)
"Greevil"  - 211,0xC828C828,false,false,false,false,false,false,Grand Master (4),"Greevil" (0x180D),pkx_bigboss_0101.fsys (26),254 (0xFE),None (0x0),None (0x0),": Now you've done it!" (0x5613),734 (0x2DE),819 (0x333),560 (0x230),561 (0x231),795 (0x31B),794 (0x31A),Trainer AI (1),0 (0x0),0 (0x0),0 (0x0),0 (0x0),0 (0x0),0 (0x0),0 (0x0),0 (0x0)
"‱"  - 212,0xC828C828,false,false,false,false,false,false,None (0),"‱" (0x1772),pkx_dummy_null.fsys (10),0 (0x0),None (0x0),None (0x0),": You really must have[New Line]nothing to do, hey?" (0x5615),0 (0x0),0 (0x0),0 (0x0),0 (0x0),0 (0x0),0 (0x0),Trainer AI (1),0 (0x0),0 (0x0),0 (0x0),0 (0x0),0 (0x0),0 (0x0),0 (0x0),0 (0x0)
"‱"  - 213,0xC828C828,false,false,false,false,false,false,None (0),"‱" (0x1772),pkx_dummy_null.fsys (10),0 (0x0),None (0x0),None (0x0),": Oh, Mama, I've lost!" (0x5617),0 (0x0),0 (0x0),0 (0x0),0 (0x0),0 (0x0),0 (0x0),Trainer AI (1),0 (0x0),0 (0x0),0 (0x0),0 (0x0),0 (0x0),0 (0x0),0 (0x0),0 (0x0)
"‱"  - 214,0xC828C828,false,false,false,false,false,false,None (0),"‱" (0x1772),pkx_dummy_null.fsys (10),0 (0x0),None (0x0),None (0x0),": I feel crushing humiliation[New Line]sixfold!" (0x5619),0 (0x0),0 (0x0),0 (0x0),0 (0x0),0 (0x0),0 (0x0),Trainer AI (1),0 (0x0),0 (0x0),0 (0x0),0 (0x0),0 (0x0),0 (0x0),0 (0x0),0 (0x0)
"Kale"  - 215,0xC828C828,false,false,false,false,false,false,Healthy Rogue (15),"Kale" (0x17BA),pkx_thief_m_1101.fsys (58),0 (0x0),None (0x0),None (0x0),": Gwooh!" (0x5975),759 (0x2F7),760 (0x2F8),761 (0x2F9),762 (0x2FA),612 (0x264),881 (0x371),Trainer AI (1),0 (0x0),0 (0x0),0 (0x0),0 (0x0),0 (0x0),0 (0x0),0 (0x0),0 (0x0)
"Sp.Atk EVT"  - 216,0xC828C828,false,false,false,false,false,false,None (0),"Sp.Atk EVT" (0x17BC),pkx_thief_f_0101.fsys (55),0 (0x0),None (0x0),None (0x0),": I feel like crying!" (0x5977),763 (0x2FB),764 (0x2FC),765 (0x2FD),80 (0x50),177 (0xB1),362 (0x16A),Trainer AI (1),0 (0x0),0 (0x0),0 (0x0),0 (0x0),0 (0x0),0 (0x0),0 (0x0),0 (0x0)
"Sp.Def EVT"  - 217,0xC828C828,false,false,false,false,false,false,None (0),"Sp.Def EVT" (0x17BD),pkx_rider_m_0101.fsys (49),0 (0x0),None (0x0),None (0x0),": Oh, we had to lose!" (0x5978),767 (0x2FF),768 (0x300),769 (0x301),207 (0xCF),214 (0xD6),436 (0x1B4),Trainer AI (1),0 (0x0),0 (0x0),0 (0x0),0 (0x0),0 (0x0),0 (0x0),0 (0x0),0 (0x0)
"Attack EVT"  - 218,0xC828C828,false,false,false,false,false,false,None (0),"Attack EVT" (0x17BE),pkx_hunter_m_0101.fsys (36),0 (0x0),None (0x0),None (0x0),": I didn't count on[New Line]losing...[New Line]What a surprise." (0x5979),770 (0x302),771 (0x303),772 (0x304),221 (0xDD),224 (0xE0),680 (0x2A8),Trainer AI (1),0 (0x0),0 (0x0),0 (0x0),0 (0x0),0 (0x0),0 (0x0),0 (0x0),0 (0x0)
"Speed EVT"  - 219,0xC828C828,false,false,false,false,false,false,None (0),"Speed EVT" (0x17BF),pkx_thief_m_0101.fsys (57),0 (0x0),None (0x0),None (0x0),": I underestimated you.[New Line]Thought you were just a kid." (0x597A),774 (0x306),775 (0x307),776 (0x308),232 (0xE8),257 (0x101),413 (0x19D),Trainer AI (1),0 (0x0),0 (0x0),0 (0x0),0 (0x0),0 (0x0),0 (0x0),0 (0x0),0 (0x0)
"Def EVT"  - 220,0xC828C828,false,false,false,false,false,false,None (0),"Def EVT" (0x17C0),pkx_niku_m_0101.fsys (45),0 (0x0),None (0x0),None (0x0),": Darn it all![New Line]Played things too aggressively!" (0x597B),778 (0x30A),779 (0x30B),89 (0x59),263 (0x107),264 (0x108),0 (0x0),Trainer AI (1),0 (0x0),0 (0x0),0 (0x0),0 (0x0),0 (0x0),0 (0x0),0 (0x0),0 (0x0)
"Mirror B."  - 221,0xC828C828,true,false,false,false,false,false,Villain (11),"Mirror B." (0x17D7),pkx_mirrabo_0101.fsys (43),98 (0x62),None (0x0),None (0x0),": Battling with you, I can't find[New Line]the right groove at all." (0x5AA6),780 (0x30C),781 (0x30D),782 (0x30E),783 (0x30F),784 (0x310),80 (0x50),Trainer AI (1),0 (0x0),0 (0x0),0 (0x0),0 (0x0),0 (0x0),0 (0x0),0 (0x0),0 (0x0)
"Eagun"  - 222,0xC828C828,false,false,false,false,false,false,Myth Trainer (12),"Eagun" (0x1793),pkx_logan_0101.fsys (41),0 (0x0),None (0x0),None (0x0),": Oh![New Line]I knew it, but bravo![New Line]I repeat, bravo!" (0x5A40),786 (0x312),787 (0x313),788 (0x314),789 (0x315),791 (0x317),790 (0x316),Trainer AI (1),0 (0x0),0 (0x0),0 (0x0),0 (0x0),0 (0x0),0 (0x0),0 (0x0),0 (0x0)
"Russ"  - 223,0xC828C828,false,false,false,false,false,false,Super Trainer (18),"Russ" (0x1784),pkx_gyma_m_2101.fsys (34),0 (0x0),None (0x0),None (0x0),": Whoa![New Line]It's no fluke. The kid is tough!" (0x5A3F),792 (0x318),793 (0x319),81 (0x51),82 (0x52),0 (0x0),0 (0x0),Trainer AI (1),0 (0x0),0 (0x0),0 (0x0),0 (0x0),0 (0x0),0 (0x0),0 (0x0),0 (0x0)
"Doug"  - 224,0xC828C828,false,false,false,false,false,false,Fun Old Man (21),"Doug" (0x17D9),pkx_jiji1_0101.fsys (39),0 (0x0),None (0x0),None (0x0),": Battled like a true hero!" (0x5927),796 (0x31C),797 (0x31D),798 (0x31E),349 (0x15D),0 (0x0),0 (0x0),Trainer AI (1),0 (0x0),0 (0x0),0 (0x0),0 (0x0),0 (0x0),0 (0x0),0 (0x0),0 (0x0)
"Gonzap"  - 225,0xC828C828,false,false,false,false,false,false,Snagem Head (9),"Gonzap" (0x17FC),pkx_gonza_0101.fsys (30),97 (0x61),None (0x0),None (0x0),None (0x0),16 (0x10),334 (0x14E),638 (0x27E),337 (0x151),455 (0x1C7),644 (0x284),Trainer AI (1),0 (0x0),0 (0x0),0 (0x0),0 (0x0),0 (0x0),0 (0x0),0 (0x0),0 (0x0)
"Willie"  - 226,0xC828C828,false,false,false,false,false,false,Rider (28),"Willie" (0x17F3),pkx_willy_0101.fsys (62),0 (0x0),None (0x0),None (0x0),": Tch...[New Line]I get handed the loss.[New Line]I still need seasoning." (0x5B06),802 (0x322),803 (0x323),804 (0x324),805 (0x325),84 (0x54),0 (0x0),Trainer AI (1),0 (0x0),0 (0x0),0 (0x0),0 (0x0),0 (0x0),0 (0x0),0 (0x0),0 (0x0)
"Astra"  - 227,0xC828C828,false,false,false,false,false,false,Cool Trainer (20),"Astra" (0x178E),pkx_trainer_f_0101.fsys (59),0 (0x0),None (0x0),None (0x0),": Argh, no!" (0x59DC),806 (0x326),807 (0x327),808 (0x328),0 (0x0),0 (0x0),0 (0x0),Trainer AI (1),0 (0x0),0 (0x0),0 (0x0),0 (0x0),0 (0x0),0 (0x0),0 (0x0),0 (0x0)
"Deacon"  - 228,0xC828C828,false,false,false,false,false,false,Fun Old Man (21),"Deacon" (0x178C),pkx_jiji1_0101.fsys (39),0 (0x0),None (0x0),None (0x0),": I bow to your skill!" (0x59D9),809 (0x329),810 (0x32A),0 (0x0),0 (0x0),0 (0x0),0 (0x0),Trainer AI (1),0 (0x0),0 (0x0),0 (0x0),0 (0x0),0 (0x0),0 (0x0),0 (0x0),0 (0x0)
"Moreen"  - 229,0xC828C828,false,false,false,false,false,false,Matron (23),"Moreen" (0x178D),pkx_baba1_0101.fsys (25),0 (0x0),None (0x0),None (0x0),": Ah, most impressive[New Line]indeed!" (0x59DA),811 (0x32B),812 (0x32C),0 (0x0),0 (0x0),0 (0x0),0 (0x0),Trainer AI (1),0 (0x0),0 (0x0),0 (0x0),0 (0x0),0 (0x0),0 (0x0),0 (0x0),0 (0x0)
"Doyle"  - 230,0xC828C828,false,false,false,false,false,false,Bodybuilder (35),"Doyle" (0x178F),pkx_niku_m_0101.fsys (45),0 (0x0),None (0x0),None (0x0),": So I have a bad sense of[New Line]direction![New Line]It's nothing to make fun of!" (0x59DD),814 (0x32E),815 (0x32F),816 (0x330),0 (0x0),0 (0x0),0 (0x0),Trainer AI (1),0 (0x0),0 (0x0),0 (0x0),0 (0x0),0 (0x0),0 (0x0),0 (0x0),0 (0x0)
"Colton"  - 231,0xC828C828,false,false,false,false,false,false,Rider (28),"Colton" (0x1790),pkx_rider_m_0101.fsys (49),0 (0x0),None (0x0),None (0x0),": Doomed!" (0x59DE),817 (0x331),818 (0x332),0 (0x0),0 (0x0),0 (0x0),0 (0x0),Trainer AI (1),0 (0x0),0 (0x0),0 (0x0),0 (0x0),0 (0x0),0 (0x0),0 (0x0),0 (0x0)
"Harry"  - 232,0xC828C828,false,false,false,false,false,false,Worker (29),"Harry" (0x17BB),pkx_worker_0101.fsys (63),0 (0x0),None (0x0),None (0x0),": I lost, but hey, I worked[New Line]up a good sweat!" (0x5976),820 (0x334),821 (0x335),822 (0x336),184 (0xB8),265 (0x109),820 (0x334),Trainer AI (1),0 (0x0),0 (0x0),0 (0x0),0 (0x0),0 (0x0),0 (0x0),0 (0x0),0 (0x0)
None  - 233,0xC828C828,false,false,false,false,false,false,None (0),None (0x0),PKX Trainer Model (0),0 (0x0),None (0x0),None (0x0),None (0x0),0 (0x0),0 (0x0),0 (0x0),0 (0x0),0 (0x0),0 (0x0),Trainer AI (1),0 (0x0),0 (0x0),0 (0x0),0 (0x0),0 (0x0),0 (0x0),0 (0x0),0 (0x0)
None  - 234,0xC828C828,false,false,false,false,false,false,None (0),None (0x0),PKX Trainer Model (0),0 (0x0),None (0x0),None (0x0),None (0x0),0 (0x0),0 (0x0),0 (0x0),0 (0x0),0 (0x0),0 (0x0),Trainer AI (1),0 (0x0),0 (0x0),0 (0x0),0 (0x0),0 (0x0),0 (0x0),0 (0x0),0 (0x0)
None  - 235,0xC828C828,false,false,false,false,false,false,None (0),None (0x0),PKX Trainer Model (0),0 (0x0),None (0x0),None (0x0),None (0x0),0 (0x0),0 (0x0),0 (0x0),0 (0x0),0 (0x0),0 (0x0),Trainer AI (1),0 (0x0),0 (0x0),0 (0x0),0 (0x0),0 (0x0),0 (0x0),0 (0x0),0 (0x0)
None  - 236,0xC828C828,false,false,false,false,false,false,None (0),None (0x0),PKX Trainer Model (0),0 (0x0),None (0x0),None (0x0),None (0x0),0 (0x0),0 (0x0),0 (0x0),0 (0x0),0 (0x0),0 (0x0),Trainer AI (1),0 (0x0),0 (0x0),0 (0x0),0 (0x0),0 (0x0),0 (0x0),0 (0x0),0 (0x0)
None  - 237,0xC828C828,false,false,false,false,false,false,None (0),None (0x0),PKX Trainer Model (0),0 (0x0),None (0x0),None (0x0),None (0x0),0 (0x0),0 (0x0),0 (0x0),0 (0x0),0 (0x0),0 (0x0),Trainer AI (1),0 (0x0),0 (0x0),0 (0x0),0 (0x0),0 (0x0),0 (0x0),0 (0x0),0 (0x0)
None  - 238,0xC828C828,false,false,false,false,false,false,None (0),None (0x0),PKX Trainer Model (0),0 (0x0),None (0x0),None (0x0),None (0x0),0 (0x0),0 (0x0),0 (0x0),0 (0x0),0 (0x0),0 (0x0),Trainer AI (1),0 (0x0),0 (0x0),0 (0x0),0 (0x0),0 (0x0),0 (0x0),0 (0x0),0 (0x0)
None  - 239,0xC828C828,false,false,false,false,false,false,None (0),None (0x0),PKX Trainer Model (0),0 (0x0),None (0x0),None (0x0),None (0x0),0 (0x0),0 (0x0),0 (0x0),0 (0x0),0 (0x0),0 (0x0),Trainer AI (1),0 (0x0),0 (0x0),0 (0x0),0 (0x0),0 (0x0),0 (0x0),0 (0x0),0 (0x0)
None  - 240,0xC828C828,false,false,false,false,false,false,None (0),None (0x0),PKX Trainer Model (0),0 (0x0),None (0x0),None (0x0),None (0x0),0 (0x0),0 (0x0),0 (0x0),0 (0x0),0 (0x0),0 (0x0),Trainer AI (1),0 (0x0),0 (0x0),0 (0x0),0 (0x0),0 (0x0),0 (0x0),0 (0x0),0 (0x0)
None  - 241,0xC828C828,false,false,false,false,false,false,None (0),None (0x0),PKX Trainer Model (0),0 (0x0),None (0x0),None (0x0),None (0x0),0 (0x0),0 (0x0),0 (0x0),0 (0x0),0 (0x0),0 (0x0),Trainer AI (0),0 (0x0),0 (0x0),0 (0x0),0 (0x0),0 (0x0),0 (0x0),0 (0x0),0 (0x0)
None  - 242,0xC828C828,false,false,false,false,false,false,None (0),None (0x0),PKX Trainer Model (0),0 (0x0),None (0x0),None (0x0),None (0x0),0 (0x0),0 (0x0),0 (0x0),0 (0x0),0 (0x0),0 (0x0),Trainer AI (0),0 (0x0),0 (0x0),0 (0x0),0 (0x0),0 (0x0),0 (0x0),0 (0x0),0 (0x0)
None  - 243,0xC828C828,false,false,false,false,false,false,None (0),None (0x0),PKX Trainer Model (0),0 (0x0),None (0x0),None (0x0),None (0x0),0 (0x0),0 (0x0),0 (0x0),0 (0x0),0 (0x0),0 (0x0),Trainer AI (0),0 (0x0),0 (0x0),0 (0x0),0 (0x0),0 (0x0),0 (0x0),0 (0x0),0 (0x0)
None  - 244,0xC828C828,false,false,false,false,false,false,None (0),None (0x0),PKX Trainer Model (0),0 (0x0),None (0x0),None (0x0),None (0x0),0 (0x0),0 (0x0),0 (0x0),0 (0x0),0 (0x0),0 (0x0),Trainer AI (0),0 (0x0),0 (0x0),0 (0x0),0 (0x0),0 (0x0),0 (0x0),0 (0x0),0 (0x0)
None  - 245,0xC828C828,false,false,false,false,false,false,None (0),None (0x0),PKX Trainer Model (0),0 (0x0),None (0x0),None (0x0),None (0x0),0 (0x0),0 (0x0),0 (0x0),0 (0x0),0 (0x0),0 (0x0),Trainer AI (0),0 (0x0),0 (0x0),0 (0x0),0 (0x0),0 (0x0),0 (0x0),0 (0x0),0 (0x0)
None  - 246,0xC828C828,false,false,false,false,false,false,None (0),None (0x0),PKX Trainer Model (0),0 (0x0),None (0x0),None (0x0),None (0x0),0 (0x0),0 (0x0),0 (0x0),0 (0x0),0 (0x0),0 (0x0),Trainer AI (0),0 (0x0),0 (0x0),0 (0x0),0 (0x0),0 (0x0),0 (0x0),0 (0x0),0 (0x0)
None  - 247,0xC828C828,false,false,false,false,false,false,None (0),None (0x0),PKX Trainer Model (0),0 (0x0),None (0x0),None (0x0),None (0x0),0 (0x0),0 (0x0),0 (0x0),0 (0x0),0 (0x0),0 (0x0),Trainer AI (0),0 (0x0),0 (0x0),0 (0x0),0 (0x0),0 (0x0),0 (0x0),0 (0x0),0 (0x0)
None  - 248,0xC828C828,false,false,false,false,false,false,None (0),None (0x0),PKX Trainer Model (0),0 (0x0),None (0x0),None (0x0),None (0x0),0 (0x0),0 (0x0),0 (0x0),0 (0x0),0 (0x0),0 (0x0),Trainer AI (0),0 (0x0),0 (0x0),0 (0x0),0 (0x0),0 (0x0),0 (0x0),0 (0x0),0 (0x0)
None  - 249,0xC828C828,false,false,false,false,false,false,None (0),None (0x0),PKX Trainer Model (0),0 (0x0),None (0x0),None (0x0),None (0x0),0 (0x0),0 (0x0),0 (0x0),0 (0x0),0 (0x0),0 (0x0),Trainer AI (0),0 (0x0),0 (0x0),0 (0x0),0 (0x0),0 (0x0),0 (0x0),0 (0x0),0 (0x0)
None  - 250,0xC828C828,false,false,false,false,false,false,None (0),None (0x0),PKX Trainer Model (0),0 (0x0),None (0x0),None (0x0),None (0x0),0 (0x0),0 (0x0),0 (0x0),0 (0x0),0 (0x0),0 (0x0),Trainer AI (0),0 (0x0),0 (0x0),0 (0x0),0 (0x0),0 (0x0),0 (0x0),0 (0x0),0 (0x0)
None  - 251,0xC828C828,false,false,false,false,false,false,None (0),None (0x0),PKX Trainer Model (0),0 (0x0),None (0x0),None (0x0),None (0x0),0 (0x0),0 (0x0),0 (0x0),0 (0x0),0 (0x0),0 (0x0),Trainer AI (0),0 (0x0),0 (0x0),0 (0x0),0 (0x0),0 (0x0),0 (0x0),0 (0x0),0 (0x0)
None  - 252,0xC828C828,false,false,false,false,false,false,None (0),None (0x0),PKX Trainer Model (0),0 (0x0),None (0x0),None (0x0),None (0x0),0 (0x0),0 (0x0),0 (0x0),0 (0x0),0 (0x0),0 (0x0),Trainer AI (0),0 (0x0),0 (0x0),0 (0x0),0 (0x0),0 (0x0),0 (0x0),0 (0x0),0 (0x0)
